trade_date,stock_id,foreign_buy_shares,foreign_sell_shares,trust_buy_shares,trust_sell_shares,dealer_buy_shares,dealer_sell_shares
2025-12-15,00632R,18000000,60028000000,0,0,83288568000,5675000000
2025-12-15,2883,27955359000,11534543000,2026000000,1685000000,617709000,85925000
2025-12-15,2303,36301821000,11142627000,318000000,10199633000,739182000,291085000
2025-12-15,00680L,321000000,0,0,0,15147000000,1295289000
2025-12-15,2867,14737000000,2421000000,0,0,700000000,0
2025-12-15,1101,21401895000,10877043000,311000000,0,1764051000,250390000
2025-12-15,2887,45017112000,16400372000,7008000000,23730000000,862973000,429000000
2025-12-15,2610,30695830000,18464185000,0,1197000000,1891450000,951583000
2025-12-15,00671R,0,0,0,0,12451241000,2691000000
2025-12-15,00637L,8603000000,5000000,0,0,11794034000,11378373000
2025-12-15,2890,19506604000,9077916000,1623000000,4023000000,400680000,200168000
2025-12-15,2618,14364703000,9090402000,52000000,823000000,2252876000,164458000
2025-12-15,00940,769020000,1986200000,0,0,8949000000,1351131000
2025-12-15,00900,1717443000,537000000,0,0,7230616000,2158372000
2025-12-15,00953B,2692000000,12000000,0,0,11111000000,7720000000
2025-12-15,2313,12509200000,12424178000,72000000,0,6143889000,576663000
2025-12-15,5880,9269259000,4068557000,0,12000000,153130000,0
2025-12-15,2884,27052100000,31383237000,10715000000,1343000000,220009000,520752000
2025-12-15,2880,8213042000,5823471000,3113000000,1558000000,318746000,2000000
2025-12-15,00712,6822107000,81000000,0,0,640000000,3514399000
2025-12-15,2882,18226307000,13703565000,101000000,1132000000,628202000,383747000
2025-12-15,1314,9581000000,6351000000,0,0,509000000,60408000
2025-12-15,1326,11886971000,9142017000,0,0,1510252000,877791000
2025-12-15,5521,7497000000,4204030000,0,0,360069000,325000000
2025-12-15,6116,3978000000,993000000,0,0,195839000,19000000
2025-12-15,2801,11243216000,9924052000,1702000000,0,83000000,100000000
2025-12-15,00985B,918000000,0,0,0,1739000000,400000
2025-12-15,00673R,0,0,0,0,2560727000,1000000
2025-12-15,00939,362000000,27100000,0,0,3150816000,1075385000
2025-12-15,1312,3245000000,1009000000,0,0,222450000,144232000
2025-12-15,00915,227000000,174000000,0,0,3130438000,880363000
2025-12-15,2606,3467560000,5518000000,2884000000,2000000,1659496000,191316000
2025-12-15,2027,8052000000,6230542000,0,0,636698000,317222000
2025-12-15,2845,3090360000,1016000000,0,0,34000000,0
2025-12-15,2337,25328855000,24051350000,612000000,0,1403127000,1219141000
2025-12-15,2812,3635642000,1684000000,0,0,122000000,374000
2025-12-15,9945,4226940000,2294000000,0,1000000,155753000,68883000
2025-12-15,6191,3418678000,1997066000,5000000,0,526155000,160070000
2025-12-15,00713,33602000,380800000,0,100000000,3075228000,862994000
2025-12-15,2454,5696511000,4379820000,162000000,55701000,364854000,155552000
2025-12-15,1718,1845000000,310000000,0,0,93000000,0
2025-12-15,2377,3064240000,1551517000,51500000,326000,82449000,29365000
2025-12-15,2609,6392036000,4799260000,0,152000000,252000000,91610000
2025-12-15,2408,3753370000,1921710000,28000000,23000000,288000000,555000000
2025-12-15,4763,3824000000,1794342000,0,518000000,76753000,62485000
2025-12-15,9105,1982000000,471000000,0,0,2072000,17000000
2025-12-15,4906,5486000000,4445000000,0,0,669811000,239730000
2025-12-15,00688L,0,0,0,0,3436000000,1998485000
2025-12-15,2637,2173000000,903000000,0,0,144085000,9083000
2025-12-15,00965,1767212000,13265000,0,220000000,1497000000,1630153000
2025-12-15,00676R,5000000,0,0,0,1507025000,126070000
2025-12-15,2014,4412000000,3721000000,0,0,778719000,113358000
2025-12-15,2603,3098751000,2658165000,1177000000,82000000,55651000,238262000
2025-12-15,6443,6875000000,6192000000,0,0,915644000,308000000
2025-12-15,2892,23569988000,11226365000,0,11108000000,162771000,112650000
2025-12-15,2405,1413000000,150000000,0,0,3000000,1000000
2025-12-15,2105,4194100000,2997950000,107000000,151891000,111119000,36390000
2025-12-15,6282,7827000000,7670276000,64000000,0,1482911000,480964000
2025-12-15,2489,1669000000,358000000,0,0,15000000,110000000
2025-12-15,00686R,0,0,0,0,1553000000,338000000
2025-12-15,00946,25100000,228000000,0,0,3429946000,2020651000
2025-12-15,00693U,35000000,0,0,0,1483000000,319717000
2025-12-15,1560,2273000000,1234800000,49600000,2000000,203898000,124807000
2025-12-15,6139,3762560000,2750051000,170000000,79000000,245184000,192148000
2025-12-15,2836,1287000000,155000000,0,0,13000000,0
2025-12-15,5522,1286000000,566000000,366000000,0,6000000,1000000
2025-12-15,00708L,166000000,57000000,0,0,1816807000,839650000
2025-12-15,2349,3935006000,2876000000,0,0,65447000,70000000
2025-12-15,2382,4656272000,3899776000,47000000,32323000,338000000,90307000
2025-12-15,2399,1218000000,231000000,0,0,2000000,0
2025-12-15,3305,3489000000,2680000000,0,0,225820000,91100000
2025-12-15,2834,4866532000,4002886000,0,1000000,73000000,0
2025-12-15,3189,3131010000,2356074000,0,7000000,260033000,117985000
2025-12-15,2886,9577190000,8397769000,477000000,1022000000,311698000,55000000
2025-12-15,2034,1462000000,628000000,0,0,106214000,57997000
2025-12-15,2897,1146000000,293000000,0,0,19000000,0
2025-12-15,00941,844000000,22000000,0,0,143000000,93060000
2025-12-15,8011,961000000,120000000,0,0,2000000,0
2025-12-15,3380,1283000000,471000000,0,0,71739000,56657000
2025-12-15,6753,1519400000,822614000,0,0,150200000,20327000
2025-12-15,00633L,472000000,158000000,0,0,1143380000,631915000
2025-12-15,9907,1298000000,1242000000,739000000,0,17010000,0
2025-12-15,6213,2682010000,2033000000,0,0,258119000,97843000
2025-12-15,2332,1426000000,639000000,0,0,17561000,22101000
2025-12-15,2340,1848000000,1011000000,0,0,11473000,82513000
2025-12-15,1102,3090469000,3281344000,1455000000,649469000,148685000,16751000
2025-12-15,2402,4751500000,3879000000,0,0,140917000,281908000
2025-12-15,4958,3457324000,2546137000,416000000,564000000,124997000,158694000
2025-12-15,4967,1504000000,779000000,0,0,25135000,23910000
2025-12-15,2457,1189000000,855030000,0,0,451475000,69688000
2025-12-15,3715,4672015000,4060430000,0,0,233006000,136522000
2025-12-15,5284,1019050000,388050000,0,0,79239000,4302000
2025-12-15,009801,642000000,17000000,0,0,1268000000,1204495000
2025-12-15,00910,102000000,4801000,0,0,721841000,167207000
2025-12-15,2634,1337200000,1171000000,0,0,717107000,238354000
2025-12-15,1587,1108000000,493000000,0,0,4000000,9967000
2025-12-15,00921,2000000,10000000,0,0,724589000,110505000
2025-12-15,1727,1060000000,476150000,0,0,2000000,1738000
2025-12-15,1907,802000000,259000000,0,0,21000000,4030000
2025-12-15,9933,1758000000,1293000000,89000000,0,11000000,5360000
2025-12-15,6806,1002534000,460000000,0,0,2022000,0
2025-12-15,2355,916000000,406000000,0,0,30967000,833000
2025-12-15,2630,824000000,293000000,0,0,5000000,8179000
2025-12-15,3535,851000000,332150000,0,0,2000000,391000
2025-12-15,009812,32000000,0,0,0,804000000,323967000
2025-12-15,1308,842000000,356000000,0,0,5000000,177000
2025-12-15,2323,6877000000,6538000000,0,0,314373000,173000000
2025-12-15,2504,1401000000,366000000,0,567000000,10918000,2000
2025-12-15,4919,1148000000,675000000,0,0,17000000,12228000
2025-12-15,2367,5298400000,6164300000,0,0,1467877000,124636000
2025-12-15,2010,595000000,125000000,0,0,5000000,0
2025-12-15,2467,2243050000,1861000000,22000000,0,127891000,66147000
2025-12-15,2401,622000000,219000000,0,0,51773000,1058000
2025-12-15,1519,3963828000,3779652000,355000000,129000,307246000,404497000
2025-12-15,3047,647000000,208000000,0,0,4000000,4000000
2025-12-15,2548,577000000,147000000,0,0,17356000,11000000
2025-12-15,5243,564000000,191000000,50000000,0,21658000,8838000
2025-12-15,5876,4245641000,3817726000,0,100000000,103000000,0
2025-12-15,1316,653000000,230000000,0,0,4000000,1000
2025-12-15,1905,621000000,198000000,0,0,10965000,14003000
2025-12-15,2392,685000000,300000000,0,0,51893000,25794000
2025-12-15,00655L,223000000,0,0,0,757031000,574457000
2025-12-15,1310,573000000,177000000,0,0,5000000,1722000
2025-12-15,00949,348000000,4000000,0,0,596365000,549352000
2025-12-15,2316,1100000000,772000000,0,0,105013000,42197000
2025-12-15,6120,892000000,518000000,0,0,6180000,0
2025-12-15,2365,528000000,152000000,0,0,3000000,11000
2025-12-15,3010,470300000,583000000,468000000,0,33521000,13000000
2025-12-15,00648R,0,6000000,0,0,421000000,40000000
2025-12-15,3708,461000000,101000000,13000000,0,5000000,10365000
2025-12-15,009802,103000000,203000000,0,0,1444000000,976943000
2025-12-15,6446,946524000,589532000,0,0,19219000,9621000
2025-12-15,2338,508010000,229000000,0,0,91234000,11320000
2025-12-15,1717,1760030000,1458000000,0,0,119187000,67270000
2025-12-15,1402,3588202000,3275479000,0,34000000,69000000,2123000
2025-12-15,2204,538310000,204000000,0,0,7736000,0
2025-12-15,1589,561000000,202000000,0,0,4000000,27836000
2025-12-15,1305,526000000,208000000,0,0,7000000,0
2025-12-15,00936,0,29000000,0,0,1444000000,1093842000
2025-12-15,6944,542000000,299400000,59000000,0,52838000,35885000
2025-12-15,3712,525000000,207000000,0,0,6348000,6442000
2025-12-15,1409,988000000,695000000,0,0,18000000,1062000
2025-12-15,00898,107000000,4000000,0,0,268000000,61594000
2025-12-15,8105,520000000,241000000,0,0,16000000,0
2025-12-15,00901,22000000,111000000,0,0,943000000,559885000
2025-12-15,2601,377000000,91000000,0,0,8000000,0
2025-12-15,6153,761000000,444000000,0,0,7000000,30354000
2025-12-15,8033,153135000,18000000,0,0,158000000,3000000
2025-12-15,6691,947615000,684019000,0,24000000,70697000,20925000
2025-12-15,6672,378000000,90000000,0,0,0,0
2025-12-15,2913,571000000,316000000,0,0,39001000,8000000
2025-12-15,6757,715020000,260210000,0,177000000,4285000,37000
2025-12-15,3673,642000000,387360000,0,0,40957000,14087000
2025-12-15,4142,483000000,208000000,0,0,4000000,1075000
2025-12-15,3406,454360000,560030000,377000000,20000000,29417000,15888000
2025-12-15,2537,319000000,58000000,0,0,3000000,0
2025-12-15,2312,4147000000,3819000000,0,0,837868000,902483000
2025-12-15,00932,0,113000000,0,0,400599000,26080000
2025-12-15,4526,564000000,314000000,0,0,12000000,990000
2025-12-15,00983D,0,26000000,0,0,2512000000,2229919000
2025-12-15,00902,713000000,20000000,0,0,1103000000,1540445000
2025-12-15,1711,523000000,272000000,0,0,4400000,1052000
2025-12-15,00907,0,1000000,0,0,380600000,125286000
2025-12-15,2539,332000000,96000000,0,0,16000000,0
2025-12-15,9902,552000000,302000000,0,0,1001000,4000000
2025-12-15,1714,625000000,385000000,0,0,6000000,0
2025-12-15,3028,731500000,485000000,0,0,3000000,4000000
2025-12-15,2006,1128000000,899000000,0,7000000,49019000,26442000
2025-12-15,1434,675000000,446000000,0,0,13000000,184000
2025-12-15,00636,260000000,0,0,0,228287000,247539000
2025-12-15,4956,322000000,85000000,0,0,0,1000000
2025-12-15,3037,5032303000,4870798000,24000000,212620000,407869000,147033000
2025-12-15,7769,417704000,184990000,37000000,0,6000000,43000000
2025-12-15,6869,395000000,167000000,0,0,2000000,0
2025-12-15,00731,91000000,171000000,0,0,562816000,254003000
2025-12-15,2426,252000000,29000000,0,0,3000000,0
2025-12-15,2431,284000000,61000000,0,0,2000000,2111000
2025-12-15,00639,5000000,27070000,0,0,575000000,330879000
2025-12-15,2889,1024000000,850000000,0,20000000,66000000,0
2025-12-15,1309,465000000,235000000,0,0,5000000,17001000
2025-12-15,3033,272000000,64000000,0,0,8000000,750000
2025-12-15,00944,2000000,10000000,0,0,249000000,27191000
2025-12-15,00645,1000000,3000000,0,0,356000000,140587000
2025-12-15,5469,2096100000,2039000000,63000000,0,132234000,43627000
2025-12-15,2101,338000000,154000000,0,0,23857000,1000000
2025-12-15,6438,281003000,120000000,0,0,47000000,3050000
2025-12-15,2421,890986000,691100000,0,0,44578000,39792000
2025-12-15,1215,457001000,426000000,257000000,90000000,4250000,3098000
2025-12-15,8271,1652006000,1489000000,0,0,51390000,16244000
2025-12-15,00930,0,23000000,0,0,526000000,305255000
2025-12-15,3002,458000000,263000000,0,0,2000000,2000
2025-12-15,2103,611000000,417000000,0,0,5000000,4159000
2025-12-15,3530,340000000,144000000,0,0,3000000,4238000
2025-12-15,4532,361000000,179000000,0,0,4022000,0
2025-12-15,2301,4158541000,3513245000,94000000,766028000,362229000,150845000
2025-12-15,009810,0,7000000,0,0,210000000,19695000
2025-12-15,1304,1656000000,1473000000,0,0,16000000,17351000
2025-12-15,2363,565000000,342000000,0,0,6287000,47871000
2025-12-15,2851,282000000,51000000,0,0,5000000,60000000
2025-12-15,1708,317000000,144000000,0,0,3376000,450000
2025-12-15,2104,718000000,555000000,0,0,21000000,12246000
2025-12-15,3167,1710000000,1656173000,129000000,0,12000000,23262000
2025-12-15,1809,210000000,40000000,0,0,4000000,3000000
2025-12-15,3035,582100000,710000000,0,0,344859000,46682000
2025-12-15,4739,452000000,225000000,25000000,0,5928000,90152000
2025-12-15,1440,332000000,176000000,0,0,14000000,2950000
2025-12-15,3605,425000000,258000000,0,0,3199000,3250000
2025-12-15,3059,470000000,247000000,0,0,22000000,79183000
2025-12-15,6558,212000000,47000000,0,0,0,1000000
2025-12-15,3437,181000000,18000000,0,0,1000000,0
2025-12-15,9955,297000000,134000000,0,0,1000000,0
2025-12-15,8215,207000000,45000000,0,0,8000000,7000000
2025-12-15,8249,198000000,40000000,0,0,1000000,0
2025-12-15,00651R,0,0,0,0,823000000,664000000
2025-12-15,1444,202000000,51000000,0,0,8000000,0
2025-12-15,1216,2965965000,4841370000,2374000000,505000000,190000000,25303000
2025-12-15,2357,1943152000,1629201000,50000000,285337000,85187000,6517000
2025-12-15,4306,209000000,65000000,0,0,13000000,0
2025-12-15,1702,174000000,20000000,0,0,2000000,0
2025-12-15,2030,197000000,45000000,0,0,3000000,1000000
2025-12-15,3024,272000000,120000000,0,0,3000000,1000000
2025-12-15,00640L,0,0,0,0,196100000,43486000
2025-12-15,3645,333000000,186000000,0,0,5383000,306000
2025-12-15,1447,184000000,40000000,0,0,7000000,0
2025-12-15,1810,324000000,173000000,0,0,2000000,3526000
2025-12-15,6789,288339000,128060000,2000000,3000000,28058000,37986000
2025-12-15,6141,155000000,6000000,0,0,5000000,5000000
2025-12-15,4949,203000000,61000000,0,0,7000000,322000
2025-12-15,2929,161000000,13000000,0,0,1000000,2000000
2025-12-15,1712,169000000,59000000,0,0,37000000,0
2025-12-15,2520,906000000,768707000,0,0,10508000,3237000
2025-12-15,2464,202000000,61000000,0,0,3387000,32000
2025-12-15,6215,175000000,33000000,0,0,1007000,0
2025-12-15,3312,332000000,190000000,0,0,1000000,0
2025-12-15,6269,352000000,239000000,0,0,55552000,26000000
2025-12-15,2017,171000000,31000000,0,0,9000000,11018000
2025-12-15,6541,313000000,180000000,0,0,3000000,572000
2025-12-15,9958,357300000,250010000,17000000,0,22695000,12684000
2025-12-15,8222,187000000,56000000,0,0,4000000,3000000
2025-12-15,2106,209000000,85000000,0,0,7000000,0
2025-12-15,5531,163000000,40000000,0,0,8000000,0
2025-12-15,1449,470000000,340000000,0,0,4242000,4000000
2025-12-15,6189,179000000,54000000,0,0,5000000,934000
2025-12-15,6799,177000000,48000000,0,0,0,35000
2025-12-15,006205,2000000,0,0,0,283270000,157337000
2025-12-15,9934,146000000,22000000,0,0,3000000,0
2025-12-15,1414,153000000,28000000,0,0,3000000,1000000
2025-12-15,0061,19000000,0,0,0,111646000,6721000
2025-12-15,2530,279000000,133000000,0,0,83000000,106000000
2025-12-15,6695,178000000,56000000,0,0,0,1000000
2025-12-15,4960,215000000,97000000,0,0,6000000,3000000
2025-12-15,3543,248000000,160000000,0,0,32000000,41000
2025-12-15,2353,6633900000,8547996000,50000000,160000000,2219893000,76551000
2025-12-15,3011,175000000,54000000,0,0,1000000,3000000
2025-12-15,3591,229000000,110000000,0,0,1000000,2000000
2025-12-15,00666R,0,0,0,0,126000000,9000000
2025-12-15,6166,256000000,143000000,0,0,6029000,2147000
2025-12-15,00960,15000000,2000000,0,0,105000000,1949000
2025-12-15,2597,227000000,113000000,0,0,2000000,0
2025-12-15,3338,131000000,17000000,0,0,0,0
2025-12-15,2352,2432000000,2480000000,129000000,0,41705000,9100000
2025-12-15,00963,254020000,0,0,0,128000000,269000000
2025-12-15,3703,246000000,139000000,0,0,6000000,0
2025-12-15,4720,131000000,19000000,0,0,1000000,0
2025-12-15,4989,789000000,967000000,0,0,291000000,1000
2025-12-15,8104,899276000,763000000,0,0,1000000,25000000
2025-12-15,2342,251040000,141000000,0,0,1000000,0
2025-12-15,1721,184000000,71000000,0,0,2000000,4034000
2025-12-15,6415,1502188000,1567783000,115000000,0,86566000,29329000
2025-12-15,2493,321009000,219065000,0,0,6000000,1987000
2025-12-15,6756,134000000,38000000,0,0,12000000,2168000
2025-12-15,6472,178050000,78000000,0,0,8232000,3000000
2025-12-15,2022,116000000,14000000,0,0,3000000,0
2025-12-15,2038,205000000,105000000,0,0,2000000,0
2025-12-15,6658,117000000,17000000,0,0,1000000,0
2025-12-15,3607,119000000,21000000,0,0,2000000,0
2025-12-15,3052,149000000,47000000,0,0,2000000,4000000
2025-12-15,8131,1861000000,1765000000,0,0,9580000,5756000
2025-12-15,911868,100000000,2000000,0,0,0,0
2025-12-15,2820,166000000,79000000,0,0,10000000,0
2025-12-15,5222,161001000,85048000,0,0,25233000,4354000
2025-12-15,6592,144000000,56000000,0,0,7000000,395000
2025-12-15,6830,120000000,35000000,0,0,11000000,1477000
2025-12-15,00876,2000000,7000000,0,0,111000000,11610000
2025-12-15,1536,241050000,192000000,0,0,56506000,11692000
2025-12-15,2538,118000000,29000000,0,0,4000000,0
2025-12-15,00895,168300000,5000000,0,0,296000000,367263000
2025-12-15,3027,157000000,30000000,0,0,1000000,38000000
2025-12-15,9103,95000000,5000000,0,0,0,0
2025-12-15,3043,106000000,15001000,0,0,0,1000000
2025-12-15,3019,281045000,230000000,0,0,62543000,23868000
2025-12-15,2476,229000000,151000000,0,0,18492000,7459000
2025-12-15,2905,252000000,172000000,0,0,8000000,0
2025-12-15,8213,173000000,90000000,0,0,3000000,0
2025-12-15,1201,181000000,99000000,0,0,4000000,0
2025-12-15,00852L,0,0,0,0,134000000,49457000
2025-12-15,4916,4800000000,5192000000,0,0,544640000,68778000
2025-12-15,2545,268000000,186653000,0,0,2000000,331000
2025-12-15,3419,98000000,14000000,0,0,1000000,2000000
2025-12-15,6781,532210000,614700000,130000000,0,76151000,42559000
2025-12-15,2850,88000000,40000000,32000000,2000000,3000000,0
2025-12-15,1618,222000000,141000000,0,0,5020000,7006000
2025-12-15,00717,319000000,3000000,0,0,50000000,287000000
2025-12-15,3622,179000000,103000000,0,0,3000000,0
2025-12-15,2636,112000000,35000000,0,0,1000000,0
2025-12-15,1217,90000000,16000000,0,0,4000000,0
2025-12-15,5534,237933000,167460000,0,0,18414000,10954000
2025-12-15,4562,138000000,60000000,0,0,0,2082000
2025-12-15,7750,169000000,95000000,0,0,6000000,4181000
2025-12-15,6668,115000000,41000000,0,0,1000000,0
2025-12-15,00683L,0,0,0,0,96000000,21115000
2025-12-15,00956,12000000,2000000,0,0,192000000,127906000
2025-12-15,6005,2440060000,3077000000,1312000000,601000000,0,0
2025-12-15,6168,132000000,61000000,0,0,3000000,1000000
2025-12-15,2108,172000000,104000000,0,0,4000000,0
2025-12-15,2207,244223000,230143000,62000000,0,6000000,10210000
2025-12-15,00885,1968000000,1215000000,0,0,2352329000,3033941000
2025-12-15,1598,79000000,10000000,0,0,2001000,0
2025-12-15,3717,92000000,26000000,0,0,2000000,0
2025-12-15,00643,29000000,69000000,0,0,2911431000,2804283000
2025-12-15,6416,88000000,23000000,0,0,2000000,1000000
2025-12-15,3022,122000000,52000000,0,2000000,5000000,7235000
2025-12-15,2362,154000000,93000000,0,0,5000000,689000
2025-12-15,2462,78000000,14000000,0,0,2000000,1000000
2025-12-15,6949,95000000,30000000,0,0,2228000,3060000
2025-12-15,1313,621000000,590500000,0,0,33000000,0
2025-12-15,2107,79000000,18000000,0,0,2000000,0
2025-12-15,2460,124000000,63000000,0,0,2055000,1000000
2025-12-15,2241,172000000,111000000,0,0,1000000,1000000
2025-12-15,6957,109000000,48000000,0,0,0,0
2025-12-15,3583,122010000,57000000,0,0,2241000,6567000
2025-12-15,6184,76000000,17000000,0,0,1000000,0
2025-12-15,6834,82000000,24000000,0,0,1000000,0
2025-12-15,3016,195000000,135000000,0,0,2000000,3000000
2025-12-15,8476,63000000,5000000,0,0,1000000,0
2025-12-15,3004,134000000,40000000,0,0,2098000,37100000
2025-12-15,00700,5000000,130000000,0,0,202000000,18106000
2025-12-15,006206,6000000,1000000,0,0,150554000,98000000
2025-12-15,00981T,0,9000000,0,0,681000000,614447000
2025-12-15,1517,76000000,18000000,0,0,3000000,3527000
2025-12-15,2015,66000000,56000000,43000000,0,4000000,0
2025-12-15,2497,68000000,12000000,0,0,1000000,0
2025-12-15,4441,60000000,7000000,0,0,4000000,0
2025-12-15,2547,338000000,291000000,0,0,10000000,506000
2025-12-15,2536,72000000,18000000,0,0,2000000,0
2025-12-15,1615,61000000,7000000,0,0,2000000,0
2025-12-15,910322,56000000,0,0,0,0,0
2025-12-15,6449,175000000,130000000,0,0,19005000,8113000
2025-12-15,3021,3000000,5000000,0,0,57000000,0
2025-12-15,2007,74000000,22000000,0,0,3000000,0
2025-12-15,3416,54100000,10000000,0,0,11000000,581000
2025-12-15,009804,116000000,7000000,0,0,73000000,127495000
2025-12-15,6164,58000000,9000000,0,0,7444000,3000000
2025-12-15,3311,77000000,25000000,0,0,2000000,704000
2025-12-15,1903,80000000,29000000,0,0,2000000,0
2025-12-15,9941,323000000,467000000,266000000,64000000,8283000,13352000
2025-12-15,2250,54000000,2286000,0,0,1000000,170000
2025-12-15,020034,0,0,0,0,52000000,0
2025-12-15,1340,59000000,8000000,0,0,1000000,0
2025-12-15,2903,2036000000,2834000000,855000000,0,15000000,20000000
2025-12-15,2514,164000000,113880000,0,0,3000000,2031000
2025-12-15,1709,73000000,26000000,0,0,4000000,0
2025-12-15,2511,445000000,407000000,0,0,13000000,0
2025-12-15,5258,70000000,16000000,0,0,1636000,5000000
2025-12-15,8429,70000000,21000000,0,0,1000000,0
2025-12-15,4576,81000000,30000000,0,0,2022000,3627000
2025-12-15,2727,129744000,83117000,0,0,2759000,38000
2025-12-15,6573,76000000,28000000,0,0,4000000,3000000
2025-12-15,2305,177000000,122000000,0,0,5000000,11000000
2025-12-15,006207,0,0,0,0,214213000,165676000
2025-12-15,5244,70000000,23000000,0,0,1000000,0
2025-12-15,1473,64000000,17000000,0,0,1000000,1000000
2025-12-15,1471,49000000,3000000,0,0,7000000,7000000
2025-12-15,6669,688526000,629953000,19100000,33256000,101296000,100208000
2025-12-15,8478,143000000,49050000,0,0,4253000,53027000
2025-12-15,4540,87000000,44000000,0,0,4000000,2258000
2025-12-15,00938,3000000,3000000,0,0,80020000,35621000
2025-12-15,3376,718100000,750000000,0,0,117957000,41865000
2025-12-15,1337,90000000,49000000,0,0,2000000,0
2025-12-15,3032,223000000,179000000,0,0,5450000,7287000
2025-12-15,2484,58000000,17000000,0,0,1000000,0
2025-12-15,3550,62000000,22000000,0,0,2000000,3000
2025-12-15,4968,291000000,223000000,0,0,5394000,31482000
2025-12-15,7749,82000000,42000000,0,0,1124000,0
2025-12-15,2505,72000000,34000000,0,0,3000000,0
2025-12-15,1455,94000000,47000000,0,0,3000000,9000000
2025-12-15,1436,58000000,22000000,0,0,4775000,92000
2025-12-15,1515,105000000,69000000,0,0,4000000,0
2025-12-15,2069,47000000,8000000,0,0,1000000,0
2025-12-15,3051,124000000,83000000,0,0,1000000,2000000
2025-12-15,6281,42000000,6000000,0,0,3000000,0
2025-12-15,2528,174000000,139060000,0,0,4000000,0
2025-12-15,3504,73000000,35000000,0,0,1000000,103000
2025-12-15,00916,11000000,1000000,0,0,46000000,17999000
2025-12-15,2420,55000000,19000000,0,0,2000000,0
2025-12-15,3015,89000000,81000000,27000000,0,4145000,2000000
2025-12-15,020037,0,0,0,0,44000000,7000000
2025-12-15,2482,38000000,4000000,0,0,3000000,0
2025-12-15,1522,231000000,194000000,0,0,4692000,5336000
2025-12-15,4585,45070000,9000000,0,0,0,0
2025-12-15,2471,41000000,5000000,0,0,0,0
2025-12-15,9136,45000000,9000000,0,0,0,0
2025-12-15,00653L,0,2000000,0,0,85006000,47290000
2025-12-15,2020,70000000,37000000,0,0,2000000,0
2025-12-15,1338,39000000,7000000,0,0,2000000,0
2025-12-15,3588,104000000,70000000,0,0,1000000,1000000
2025-12-15,3501,40000000,7000000,0,0,1000000,345000
2025-12-15,3025,861000000,827000000,0,0,0,1000000
2025-12-15,1219,45000000,15000000,0,0,2000000,0
2025-12-15,8473,47000000,16000000,0,0,1000000,0
2025-12-15,3321,65000000,34000000,0,0,2000000,1405000
2025-12-15,4976,83000000,53000000,0,0,1000000,0
2025-12-15,7705,32000000,2000000,0,0,1000000,0
2025-12-15,00899,0,0,0,0,32000000,1106000
2025-12-15,2033,40000000,11000000,0,0,1000000,0
2025-12-15,6657,54000000,23000000,0,0,0,1000000
2025-12-15,4571,41000000,12000000,0,0,1000000,0
2025-12-15,8072,57000000,29000000,0,0,1000000,0
2025-12-15,3447,56000000,28000000,0,0,1000000,0
2025-12-15,1446,29000000,4000000,0,0,3000000,0
2025-12-15,1723,138000000,112000000,0,0,3000000,1000000
2025-12-15,8110,47641000000,47510100000,0,0,694995000,798530000
2025-12-15,9924,53000000,26000000,0,0,0,0
2025-12-15,3346,55000000,30000000,0,0,2000000,0
2025-12-15,6863,31000000,4000000,0,0,0,0
2025-12-15,6742,51000000,23000000,0,0,0,1000000
2025-12-15,6216,31000000,6000000,0,0,2000000,24000
2025-12-15,6205,79000000,54000000,0,0,4482000,3000000
2025-12-15,2852,41000000,17000000,0,0,2000000,0
2025-12-15,8404,94000000,72000000,0,0,4000000,0
2025-12-15,2534,112000000,89000000,0,0,3000000,203000
2025-12-15,2617,206000000,184000000,0,0,5000000,2000000
2025-12-15,7740,29000000,4000000,0,0,7000000,7000000
2025-12-15,1466,45000000,21000000,0,0,1000000,0
2025-12-15,2397,55000000,31000000,0,0,1000000,0
2025-12-15,3138,130000000,97000000,0,0,1010000,10000000
2025-12-15,3694,335000000,308000000,0,0,5000000,7999000
2025-12-15,6645,24000000,1000000,0,0,2000000,1000000
2025-12-15,5607,51000000,28000000,0,0,5000000,4000000
2025-12-15,1563,100000000,77000000,0,0,2000000,1000000
2025-12-15,1762,26000000,3000000,0,0,1000000,0
2025-12-15,2415,35000000,11000000,0,0,0,0
2025-12-15,00684R,0,0,0,0,79000000,55000000
2025-12-15,1234,40000000,19000000,0,0,3000000,0
2025-12-15,5471,42000000,21000000,0,0,4000000,1003000
2025-12-15,6235,196000000,166000000,0,0,8000000,14602000
2025-12-15,00681R,0,0,0,0,23000000,0
2025-12-15,1734,38000000,17000000,0,0,2000000,0
2025-12-15,00972,172000000,0,0,0,405000000,554647000
2025-12-15,6937,45000000,18000000,0,0,4000000,8665000
2025-12-15,5269,142541000,122973000,0,0,34168000,31496000
2025-12-15,4557,25000000,16000000,0,0,14000000,1000000
2025-12-15,4545,92000000,70000000,0,0,1000000,1000000
2025-12-15,2012,27000000,7000000,0,0,2000000,0
2025-12-15,8499,101100000,71000000,0,0,5973000,14084000
2025-12-15,8374,49000000,26000000,0,0,0,1231000
2025-12-15,3528,30000000,11000000,0,0,2008000,0
2025-12-15,2491,25000000,5000000,0,0,1000000,0
2025-12-15,00654R,0,0,0,0,21000000,0
2025-12-15,1527,36000000,16000000,0,0,1000000,0
2025-12-15,3046,102000000,102000000,0,0,21000000,0
2025-12-15,4137,48000000,26000000,0,0,1000000,2214000
2025-12-15,2442,113000000,94000000,0,0,1000000,0
2025-12-15,7732,21000000,1000000,0,0,0,0
2025-12-15,7799,118000000,130000000,1000000,0,33000000,2180000
2025-12-15,5484,27000000,8000000,0,0,2000000,2000000
2025-12-15,2444,20000000,1000000,0,0,0,0
2025-12-15,2723,180000000,163000000,0,0,2000000,0
2025-12-15,2613,129000000,111000000,0,0,1000000,0
2025-12-15,1533,22000000,4000000,0,0,1000000,0
2025-12-15,5283,25000000,6000000,0,0,0,0
2025-12-15,6128,23000000,5000000,0,0,1000000,42000
2025-12-15,2359,172078000,154000000,0,0,9000000,8533000
2025-12-15,2102,55000000,41000000,0,0,4000000,0
2025-12-15,1539,27000000,14000000,0,0,5000000,0
2025-12-15,6790,27000000,13000000,0,0,4000000,0
2025-12-15,2516,25000000,10000000,0,0,3000000,0
2025-12-15,9911,63000000,46000000,0,2000000,3000000,155000
2025-12-15,8463,19353000,5000000,0,0,3000000,0
2025-12-15,00739,1000000,0,0,0,38011000,22000000
2025-12-15,3494,15000000,0,0,0,2000000,0
2025-12-15,6552,21000000,6000000,0,0,2000000,0
2025-12-15,4552,19000000,2000000,0,0,0,0
2025-12-15,4912,50000000,34000000,0,0,1000000,0
2025-12-15,00943,0,105000000,0,0,187000000,65065000
2025-12-15,3013,782000000,699210000,0,26000000,39568000,80315000
2025-12-15,1432,17000000,2000000,0,0,1000000,0
2025-12-15,00660,0,1000000,0,0,24000000,7000000
2025-12-15,6192,95000000,9000000,0,0,1000000,71000000
2025-12-15,2466,372000000,357000000,0,0,1000000,0
2025-12-15,2345,3428766000,4471164000,973500000,12265000,232099000,135668000
2025-12-15,9930,28000000,16000000,0,0,3000000,0
2025-12-15,9935,25000000,12000000,0,0,2000000,0
2025-12-15,2816,31000000,17000000,0,0,1000000,0
2025-12-15,2748,19000000,5000000,0,0,1000000,0
2025-12-15,3557,16000000,1000000,0,0,0,0
2025-12-15,2906,21000000,7000000,0,0,1000000,0
2025-12-15,2642,18000000,4161000,0,0,1000000,0
2025-12-15,2468,124000000,110000000,0,0,2000000,1280000
2025-12-15,9906,36000000,20000000,0,0,0,2000000
2025-12-15,2887E,14000000,0,0,0,0,0
2025-12-15,4555,27000000,11000000,0,0,0,2084000
2025-12-15,4438,23000000,13000000,0,0,3000000,0
2025-12-15,4155,15000000,4000000,0,0,2000000,0
2025-12-15,6579,17000000,8000000,0,0,4000000,0
2025-12-15,7791,12000000,0,0,0,1000000,0
2025-12-15,6918,14000000,1000000,0,0,0,0
2025-12-15,2501,479000000,482000000,0,0,16000000,0
2025-12-15,2706,24000000,15000000,0,0,4000000,0
2025-12-15,1451,20000000,8000000,0,0,1000000,0
2025-12-15,3031,33000000,21000000,0,0,1000000,0
2025-12-15,00714,0,2000000,0,0,215872000,201269000
2025-12-15,6605,256153000,70000000,0,177000000,3434000,0
2025-12-15,8467,20000000,10000000,0,0,3275000,1000000
2025-12-15,7730,13000000,0,0,0,5000000,6000000
2025-12-15,4572,19000000,6000000,0,0,0,1000000
2025-12-15,4588,15000000,2000000,0,0,0,1000000
2025-12-15,00892,0,8100000,0,0,195000000,174989000
2025-12-15,912000,21000000,10000000,0,0,0,0
2025-12-15,4190,13000000,2000000,0,0,0,0
2025-12-15,6641,11000000,1000000,0,0,1000000,0
2025-12-15,2427,135000000,122000000,0,0,1000000,3000000
2025-12-15,9943,15000000,5000000,0,0,1000000,0
2025-12-15,6933,27000000,16250000,0,0,0,46000
2025-12-15,6838,48000000,35400000,0,0,0,2000000
2025-12-15,1786,40000000,34000000,0,0,6000000,1567000
2025-12-15,2032,44000000,37000000,0,0,5000000,1651000
2025-12-15,1597,52000000,43000000,0,0,1153000,100000
2025-12-15,2438,11000000,1000000,0,0,0,0
2025-12-15,2115,27000000,17000000,0,0,0,0
2025-12-15,6909,18000000,9000000,0,0,1000000,0
2025-12-15,7765,16000000,6000000,0,0,0,0
2025-12-15,6754,10000000,2000000,0,0,2000000,0
2025-12-15,4935,14000000,6000000,0,0,2000000,0
2025-12-15,6136,12000000,2000000,0,0,1000000,1000000
2025-12-15,2611,47000000,39000000,0,0,2000000,0
2025-12-15,3679,13000000,4000000,0,0,1000000,0
2025-12-15,2881B,0,2000000,0,0,12000000,0
2025-12-15,8341,33000000,24000000,0,0,1000000,267000
2025-12-15,00634R,0,1000000,0,0,82000000,72000000
2025-12-15,1103,64000000,61000000,0,0,6000000,0
2025-12-15,020029,0,0,0,0,16000000,7000000
2025-12-15,1512,10000000,2000000,0,0,1000000,0
2025-12-15,2616,14000000,7000000,0,0,2000000,0
2025-12-15,9910,408985000,408072000,0,0,8598000,1170000
2025-12-15,7722,20000000,16000000,0,0,4070000,0
2025-12-15,2908,23000000,21000000,0,0,6000000,0
2025-12-15,3130,19000000,11000000,0,0,0,0
2025-12-15,020030,0,0,0,0,28000000,20000000
2025-12-15,6582,11000000,4000000,0,0,1000000,0
2025-12-15,3356,36000000,31000000,0,0,3000000,7000
2025-12-15,00908,0,1000000,0,0,62027000,53050000
2025-12-15,1342,15000000,9000000,0,0,2000000,42000
2025-12-15,6112,53000000,47000000,0,0,2034000,242000
2025-12-15,00903,1000000,5000000,0,0,119021000,107445000
2025-12-15,00762,100000,60000000,0,0,207000000,139847000
2025-12-15,1218,62001000,58000000,0,0,3000000,0
2025-12-15,00689R,0,0,0,0,7000000,0
2025-12-15,1232,13000000,8000000,0,0,2000000,0
2025-12-15,1604,17000000,13000000,0,0,3000000,0
2025-12-15,3164,10000000,3000000,0,0,0,0
2025-12-15,4439,4000000,0,0,0,3000000,0
2025-12-15,4106,9000000,2000000,0,0,0,0
2025-12-15,2243,0,0,0,0,8000000,1027000
2025-12-15,4104,19000000,14000000,0,0,2000000,241000
2025-12-15,1475,8000000,4000000,0,0,2000000,0
2025-12-15,1417,15000000,12000000,0,0,3000000,0
2025-12-15,8438,6000000,0,0,0,0,0
2025-12-15,1324,6000000,0,0,0,0,0
2025-12-15,6861,26000000,14000000,0,0,3000000,9000000
2025-12-15,3454,18000000,10000000,0,0,0,2000000
2025-12-15,3003,27000000,22000000,0,0,1000000,132000
2025-12-15,3532,246270000,269000000,0,0,56567000,28003000
2025-12-15,1419,115000000,115000000,0,0,5481000,203000
2025-12-15,1453,6000000,2000000,0,0,1000000,0
2025-12-15,2028,27000000,20000000,0,0,6000000,8000000
2025-12-15,1463,10000000,6000000,0,0,1000000,0
2025-12-15,4564,116000000,112000000,0,0,2000000,1000000
2025-12-15,01007T,5000000,0,0,0,0,0
2025-12-15,020038,0,0,0,0,5000000,0
2025-12-15,2923,2000000,2000000,0,0,5000000,0
2025-12-15,2891B,0,0,0,0,5000000,0
2025-12-15,7786,41000000,36000000,0,0,0,0
2025-12-15,4755,16000000,11000000,0,0,0,0
2025-12-15,6591,84000000,80000000,0,0,1000000,134000
2025-12-15,6504,9000000,5000000,0,0,0,0
2025-12-15,4771,6000000,2000000,0,0,0,0
2025-12-15,4581,5000000,1000000,0,0,0,0
2025-12-15,5907,8000000,5000000,0,0,1000000,0
2025-12-15,5306,14000000,13000000,0,0,3000000,0
2025-12-15,3669,7000000,3000000,0,0,1000000,1000000
2025-12-15,3716,8000000,6000000,0,0,2000000,0
2025-12-15,2509,10000000,7000000,0,0,1000000,0
2025-12-15,8940,5000000,3000000,0,0,2000000,0
2025-12-15,1531,7000000,5000000,0,0,2000000,0
2025-12-15,1537,11000000,8000000,0,0,1000000,0
2025-12-15,1516,4000000,0,0,0,0,0
2025-12-15,1760,21000000,17000000,0,0,0,0
2025-12-15,2477,10000000,5000000,0,0,1000000,2000000
2025-12-15,00983A,318000000,64000000,0,0,712000000,962122000
2025-12-15,2013,7000000,7000000,0,0,6000000,2203000
2025-12-15,00861,11269000,2000000,0,0,18000000,23512000
2025-12-15,2429,100000000,97000000,0,0,4000000,3360000
2025-12-15,6115,10000000,6000000,0,0,2000000,2552000
2025-12-15,6969,0,7000000,0,0,10090000,0
2025-12-15,0057,0,0,0,0,20021000,17000000
2025-12-15,6423,1000000,0,0,0,5000000,3000000
2025-12-15,4737,15000000,14000000,0,0,2000000,0
2025-12-15,4133,4000000,1000000,0,0,0,0
2025-12-15,2450,13000000,12000000,0,0,2000000,0
2025-12-15,2739,8000000,6000000,0,0,1000000,0
2025-12-15,1416,7000000,5000000,0,0,1000000,0
2025-12-15,0053,300000,0,0,0,4000000,1352000
2025-12-15,4583,27000000,15000000,0,3000000,2000000,8583000
2025-12-15,6224,56000000,56000000,0,0,2000000,0
2025-12-15,6792,2000000,1000000,0,0,1000000,0
2025-12-15,6965,20000000,19000000,0,0,3000000,2000000
2025-12-15,2496,3000000,1000000,0,0,0,0
2025-12-15,2423,18000000,16000000,0,0,1000000,1000000
2025-12-15,3652,2000000,0,0,0,0,0
2025-12-15,3432,1000000,0,0,0,1000000,0
2025-12-15,3168,3000000,3000000,0,0,2000000,0
2025-12-15,3058,206000000,206000000,0,0,2000000,0
2025-12-15,8462,7000000,7000000,0,0,2000000,0
2025-12-15,8488,1000000,1000000,0,0,2000000,0
2025-12-15,1410,2000000,0,0,0,0,0
2025-12-15,1454,5000000,4000000,0,0,1000000,0
2025-12-15,1465,5000000,3000000,0,0,0,0
2025-12-15,1474,13000000,7000000,0,0,4000000,8000000
2025-12-15,1532,141000000,142000000,0,0,4000000,1000000
2025-12-15,2024,0,0,0,0,2000000,0
2025-12-15,2114,3000000,2000000,0,0,1000000,0
2025-12-15,00783,1000000,0,0,0,82722000,82000000
2025-12-15,00702,20000000,0,0,0,8201000,27000000
2025-12-15,1617,22000000,20000000,0,0,3000000,3917000
2025-12-15,8114,59000000,58000000,0,0,1000000,936000
2025-12-15,8482,2000000,2000000,0,0,1000000,0
2025-12-15,8367,4000000,4000000,0,0,1000000,0
2025-12-15,8201,4000000,3000000,0,0,0,0
2025-12-15,9912,3000000,2000000,0,0,0,0
2025-12-15,020012,0,0,0,0,1000000,0
2025-12-15,020031,0,0,0,0,1000000,0
2025-12-15,1339,1000000,0,0,0,0,0
2025-12-15,1256,8000000,9000000,0,0,2000000,0
2025-12-15,020028,0,0,0,0,4000000,3000000
2025-12-15,1506,5000000,8000000,0,0,4000000,0
2025-12-15,1472,3000000,3000000,0,0,1000000,0
2025-12-15,1439,1000000,1000000,0,0,1000000,0
2025-12-15,1441,1000000,0,0,0,0,0
2025-12-15,2254,1000000,0,0,0,1000000,1000000
2025-12-15,1730,2000000,2000000,0,0,1000000,0
2025-12-15,1470,0,0,0,0,1000000,0
2025-12-15,2524,27000000,29000000,0,0,3000000,0
2025-12-15,6914,7000000,7000000,0,0,1000000,0
2025-12-15,6743,24000000,23000000,0,0,0,0
2025-12-15,6655,0,0,0,0,1000000,0
2025-12-15,5706,35000000,35000000,0,0,1000000,0
2025-12-15,4569,1000000,0,0,0,0,0
2025-12-15,4148,1000000,1000000,0,0,1000000,0
2025-12-15,1341,0,0,0,0,1000000,0
2025-12-15,5906,0,0,0,0,1000000,0
2025-12-15,9929,0,0,0,0,1000000,0
2025-12-15,6807,1000000,0,0,0,0,0
2025-12-15,4930,1000000,0,0,0,0,0
2025-12-15,00711B,0,0,0,0,101048000,100096000
2025-12-15,6916,3000000,2000000,0,0,0,277000
2025-12-15,00668,0,3000000,0,0,355090000,351451000
2025-12-15,2231,86000000,101000000,0,0,18028000,2437000
2025-12-15,6550,44000000,52600000,0,0,9000000,0
2025-12-15,00771,0,0,0,0,16000,0
2025-12-15,6924,1000000,0,0,0,5001000,6000000
2025-12-15,7711,22000000,22000000,0,0,0,0
2025-12-15,6598,12000000,10000000,0,0,0,2000000
2025-12-15,6464,1000000,3000000,0,0,2000000,0
2025-12-15,4994,2000000,3000000,0,0,1000000,0
2025-12-15,2712,1000000,3000000,0,0,2000000,0
2025-12-15,2459,2000000,2000000,0,0,0,0
2025-12-15,2901,1000000,1000000,0,0,0,0
2025-12-15,2904,1000000,1000000,0,0,0,0
2025-12-15,2945,1000000,1000000,0,0,0,0
2025-12-15,3308,2000000,1000000,0,0,0,1000000
2025-12-15,00668K,0,0,0,0,200000,200000
2025-12-15,00657K,0,0,0,0,200000,200000
2025-12-15,00636K,0,0,0,0,200000,200000
2025-12-15,1233,0,2000000,0,0,2000000,0
2025-12-15,1418,1000000,1000000,0,0,0,0
2025-12-15,1423,0,1000000,0,0,1000000,0
2025-12-15,1435,1000000,1000000,0,0,0,0
2025-12-15,1456,0,2000000,0,0,2000000,0
2025-12-15,1468,0,3000000,0,0,3000000,0
2025-12-15,1525,3000000,3000000,0,0,4000000,4000000
2025-12-15,1541,0,1000000,0,0,1000000,0
2025-12-15,1732,21000000,21000000,0,0,0,0
2025-12-15,1776,1000000,1000000,0,0,0,0
2025-12-15,6581,1000000,3000000,0,0,2000000,0
2025-12-15,2705,13000000,14000000,0,0,1000000,0
2025-12-15,8045,23000000,21000000,0,0,1000000,3000000
2025-12-15,6952,0,1000000,0,0,1000000,0
2025-12-15,2488,5000000,6000000,0,0,1000000,1000
2025-12-15,1735,0,1000000,0,0,1022000,42000
2025-12-15,5215,1000000,3000000,0,0,2000000,25000
2025-12-15,2025,23000000,17670000,0,0,1000000,7000000
2025-12-15,3229,82246000,83000000,0,0,923000,1000000
2025-12-15,006204,0,0,0,0,59224000,60126000
2025-12-15,8481,2000000,4000000,0,0,1000000,0
2025-12-15,8466,1000000,2000000,0,0,0,0
2025-12-15,8411,5000000,8000000,0,0,2000000,0
2025-12-15,00775B,0,1000000,0,0,1000000,1000000
2025-12-15,910861,0,1000000,0,0,0,0
2025-12-15,1235,0,3000000,0,0,2000000,0
2025-12-15,9942,15000000,17000000,0,0,1000000,0
2025-12-15,1805,3000000,4000000,0,0,0,0
2025-12-15,1817,0,1000000,0,0,0,0
2025-12-15,1535,4000000,6000000,0,0,1000000,0
2025-12-15,1464,37000000,41000000,0,0,3000000,0
2025-12-15,1445,1000000,3000000,0,0,2000000,1000000
2025-12-15,1315,1000000,3000000,0,0,1000000,0
2025-12-15,1413,0,1000000,0,0,0,0
2025-12-15,1323,0,2000000,0,0,1000000,0
2025-12-15,5546,1000000,3000000,0,0,1000000,0
2025-12-15,6201,3000000,4000000,0,0,0,0
2025-12-15,6666,2000000,3000000,0,0,0,0
2025-12-15,6902,4000000,6000000,0,0,1000000,0
2025-12-15,6887,2000000,3000000,0,0,0,0
2025-12-15,2432,1000000,0,0,0,0,2000000
2025-12-15,6951,2000000,3000000,0,0,0,0
2025-12-15,2702,3000000,5000000,0,0,1000000,0
2025-12-15,6592B,0,0,0,1000000,0,0
2025-12-15,6202,116000000,117000000,0,0,2001000,2003000
2025-12-15,6671,0,1000000,0,0,0,189000
2025-12-15,6183,2000000,5000000,0,0,4000000,2267000
2025-12-15,1906,5000000,6000000,0,0,0,485000
2025-12-15,6854,29000000,29000000,0,0,4074000,6000000
2025-12-15,1773,70050000,73000000,0,0,2000000,1000000
2025-12-15,1737,6000000,9000000,0,0,1000000,0
2025-12-15,1752,1000000,4000000,0,0,1000000,0
2025-12-15,1583,0,3000000,0,0,1000000,0
2025-12-15,6906,12000000,12000000,0,0,0,2000000
2025-12-15,2109,4000000,9000000,0,0,3000000,0
2025-12-15,2062,40000000,37000000,0,7000000,2000000,0
2025-12-15,1101B,0,0,0,0,1000000,3000000
2025-12-15,9931,0,3000000,0,0,1000000,0
2025-12-15,9926,1000000,6000000,0,0,3000000,0
2025-12-15,9918,0,4000000,0,0,2000000,0
2025-12-15,8443,4000000,7000000,0,0,1000000,0
2025-12-15,7736,0,2000000,0,0,0,0
2025-12-15,6614,1000000,3000000,0,0,0,0
2025-12-15,4952,7000000,10000000,0,0,1000000,0
2025-12-15,4736,8000000,11000000,0,0,1000000,0
2025-12-15,2887F,0,1000000,0,1000000,0,0
2025-12-15,2546,12000000,18000000,0,0,4000000,0
2025-12-15,9914,847000000,823000000,0,0,36000000,62046000
2025-12-15,5519,82000000,86600000,0,0,2000000,0
2025-12-15,5538,0,4000000,0,0,1000000,0
2025-12-15,4426,3000000,7000000,0,0,1000000,0
2025-12-15,6835,2000000,5000000,0,0,0,0
2025-12-15,6931,29000000,32000000,0,0,0,0
2025-12-15,2910,2000000,7000000,0,0,2000000,0
2025-12-15,2762,3000000,7000000,0,0,1000000,0
2025-12-15,00736,0,0,0,0,156000000,159000000
2025-12-15,1203,2000000,7000000,0,0,2000000,0
2025-12-15,9944,0,4000000,0,0,1000000,0
2025-12-15,2248,1000000,0,0,0,0,4000000
2025-12-15,1731,1000000,5000000,0,0,1000000,0
2025-12-15,1568,0,3000000,0,0,0,0
2025-12-15,1540,28000000,31000000,0,0,0,0
2025-12-15,1530,0,4000000,0,0,1000000,0
2025-12-15,1438,2000000,6000000,0,0,1000000,0
2025-12-15,1452,0,7000000,0,0,4000000,0
2025-12-15,1725,4000000,8000000,0,0,1000000,0
2025-12-15,6606,1000000,5000000,0,0,1000000,0
2025-12-15,1321,11000000,15000000,0,0,1000000,0
2025-12-15,1590,303783000,295242000,0,0,5801000,17644000
2025-12-15,00951,375000000,16000000,0,0,183000000,545502000
2025-12-15,00703,0,0,0,0,26000000,29521000
2025-12-15,6698,33000000,38000000,0,0,2000000,804000
2025-12-15,6525,16000000,22000000,0,0,2000000,0
2025-12-15,5525,7000000,13000000,0,0,2000000,0
2025-12-15,2433,1000000,5000000,0,0,0,0
2025-12-15,2373,1000000,8000000,0,0,3000000,0
2025-12-15,1726,0,5000000,0,0,1000000,0
2025-12-15,2008,0,6000000,0,0,2000000,0
2025-12-15,7631,0,2000000,0,0,14000000,16000000
2025-12-15,6534,5000000,9000000,0,0,1000000,1136000
2025-12-15,6862,10000000,15000000,0,0,2000000,1471000
2025-12-15,6585,3000000,8000000,0,0,151000,0
2025-12-15,5007,6000000,14000000,0,0,3000000,0
2025-12-15,2430,0,5000000,0,0,0,0
2025-12-15,2506,10000000,18000000,0,0,3000000,0
2025-12-15,4108,0,5000000,0,0,0,0
2025-12-15,1626,3000000,10000000,0,0,2000000,0
2025-12-15,1526,0,5000000,0,0,0,0
2025-12-15,2247,3000000,9000000,0,0,1000000,0
2025-12-15,1806,20000000,29000000,0,0,4000000,0
2025-12-15,1220,1000000,8000000,0,0,2000000,0
2025-12-15,1108,8000000,16000000,0,0,3000000,0
2025-12-15,6108,19000000,27000000,0,0,3000000,1000
2025-12-15,00647L,7000000,1000000,0,0,25000000,36192000
2025-12-15,3209,55749000,67000000,0,0,6000000,0
2025-12-15,1225,4750000,11342000,0,0,1000000,0
2025-12-15,00851,0,1000000,0,0,0,5000000
2025-12-15,6142,7000000,15000000,0,0,3000000,1000000
2025-12-15,2434,3000000,9000000,0,0,0,0
2025-12-15,2722,1000000,8000000,0,0,1000000,0
2025-12-15,6936,3000000,8000000,0,0,0,1000000
2025-12-15,3266,3000000,11000000,0,0,4000000,2000000
2025-12-15,4807,3000000,10000000,0,0,0,0
2025-12-15,4560,50000000,58000000,0,0,1000000,0
2025-12-15,2461,8000000,16000000,0,0,1000000,0
2025-12-15,3040,6000000,14000000,0,0,1000000,0
2025-12-15,1443,1000000,10000000,0,0,2000000,0
2025-12-15,1603,41000000,54000000,0,0,6000000,0
2025-12-15,8442,5000000,13000000,0,0,1000000,0
2025-12-15,1236,0,7000000,0,0,0,0
2025-12-15,1109,2000000,11000000,0,0,2000000,0
2025-12-15,1608,3462000000,3462000000,0,0,92544000,99717000
2025-12-15,1558,4000000,14000000,0,0,26789000,24000000
2025-12-15,3545,157000000,169000000,0,0,8000000,3941000
2025-12-15,2228,421000000,418000000,0,0,4051000,15004000
2025-12-15,2227,0,11000000,0,0,3000000,0
2025-12-15,6277,2000000,11000000,0,0,1000000,0
2025-12-15,6689,35000000,43000000,0,0,1000000,1000000
2025-12-15,6796,0,9000000,0,0,1000000,0
2025-12-15,1783,4000000,13000000,0,0,1000000,1000
2025-12-15,00875,0,1000000,0,0,260000,8241000
2025-12-15,3054,18000000,27000000,0,0,1016000,1000000
2025-12-15,2701,1000000,14000000,0,0,4000000,0
2025-12-15,4440,0,9000000,0,0,0,0
2025-12-15,6226,4000000,13000000,0,0,0,0
2025-12-15,1227,90000000,108000000,0,0,9000000,0
2025-12-15,3057,45000000,52000000,0,0,0,2000000
2025-12-15,4999,11000000,20000000,0,0,0,86000
2025-12-15,00917,0,0,0,0,2000000,11208000
2025-12-15,00913,0,0,0,0,115000000,124742000
2025-12-15,1524,99000000,111000000,0,0,3000000,749000
2025-12-15,2440,92000000,108000000,0,0,6207000,0
2025-12-15,2388,1990408000,1890050000,0,0,97456000,207748000
2025-12-15,1457,0,12000000,0,0,2000000,0
2025-12-15,006203,0,1000000,0,0,1000000,10000000
2025-12-15,6928,76000000,86000000,0,0,10000,62000
2025-12-15,8162,13000000,25000000,0,0,4000000,3000000
2025-12-15,6794,2000000,13000000,0,0,0,0
2025-12-15,3094,15000000,29000000,0,0,3000000,0
2025-12-15,9908,2000000,17000000,0,0,4000000,0
2025-12-15,1707,6000000,18000000,0,0,1000000,63000
2025-12-15,4770,64000000,80000000,0,0,4333000,5000
2025-12-15,020020,0,0,0,0,4000000,16000000
2025-12-15,3518,26000000,39000000,0,0,1000000,0
2025-12-15,2371,917940000,355000000,118000000,0,6000000,699125000
2025-12-15,2059,205664000,248931000,35200000,5034000,16300000,15588000
2025-12-15,2453,40000000,54000000,0,0,1000000,0
2025-12-15,6958,1000000,17000000,0,0,5000000,2000000
2025-12-15,9919,60000000,74000000,0,0,1000000,0
2025-12-15,4566,292000000,300000000,0,0,1270000,6340000
2025-12-15,00657,0,1000000,0,0,1000000,13275000
2025-12-15,8163,130170000,146000000,0,0,6000000,3860000
2025-12-15,2424,7000000,21000000,0,0,0,0
2025-12-15,3150,7000000,15000000,0,0,32000000,39000000
2025-12-15,6715,5000000,21000000,0,0,1000000,0
2025-12-15,4414,251000000,273000000,0,0,20530000,14000000
2025-12-15,4942,23000000,40000000,0,0,1000000,0
2025-12-15,1437,19000000,38000000,0,0,2000000,0
2025-12-15,020039,0,0,0,0,0,17000000
2025-12-15,9905,2000000,17000000,0,0,2000000,4000000
2025-12-15,6526,52702000,67749000,1000000,0,2000000,5332000
2025-12-15,1611,210000000,231000000,0,0,4000000,408000
2025-12-15,3034,1145164000,1026280000,19000000,235282000,103473000,23852000
2025-12-15,3705,37000000,58000000,0,0,3000000,0
2025-12-15,2414,16000000,36000000,0,0,2000000,0
2025-12-15,9937,2000000,23000000,0,0,4000000,1000000
2025-12-15,6768,92000000,113000000,0,0,3522000,1204000
2025-12-15,00656R,0,74000000,0,0,277000000,222000000
2025-12-15,6873,151034000,178000000,0,0,10372000,2589000
2025-12-15,6782,22300000,48000000,0,0,7000000,780000
2025-12-15,3653,541376000,548973000,2000000,118050000,201511000,97626000
2025-12-15,9927,50000000,71000000,0,0,1000000,0
2025-12-15,00962,0,1000000,0,0,46000000,65896000
2025-12-15,6674,3000000,25000000,0,0,1000000,0
2025-12-15,6230,4000000,26000000,0,0,1000000,216000
2025-12-15,5288,6000000,28000000,0,0,0,0
2025-12-15,1713,109000000,7000000,0,0,0,124000000
2025-12-15,3533,388498000,206016000,1100000,187583000,11910000,30156000
2025-12-15,7721,8050000,31000000,0,0,0,0
2025-12-15,6988,2000000,12000000,0,0,50000000,63000000
2025-12-15,3092,51000000,75000000,0,0,2000000,1000000
2025-12-15,1733,30000000,53000000,0,0,0,0
2025-12-15,6771,0,23000000,0,0,0,0
2025-12-15,2465,222000000,248000000,0,0,2376000,98000
2025-12-15,0055,4000000,1000000,0,0,30591000,57383000
2025-12-15,9925,4000000,31000000,0,0,3000000,0
2025-12-15,3135,662000000,667000000,0,0,3000000,22000000
2025-12-15,2417,77000000,102000000,0,0,1000000,0
2025-12-15,2704,7000000,33000000,0,0,2000000,0
2025-12-15,6283,42000000,66000000,0,0,1000000,1000000
2025-12-15,2364,36000000,62000000,0,0,2000000,1000
2025-12-15,2608,37000000,69000000,0,0,15000000,7239000
2025-12-15,1110,10000000,40000000,0,0,5000000,0
2025-12-15,1459,3000000,31000000,0,0,3000000,0
2025-12-15,1614,0,26000000,0,0,1000000,0
2025-12-15,6442,78275000,88000000,0,0,8201000,23625000
2025-12-15,4766,142000000,62000000,0,108000000,4189000,1869000
2025-12-15,2483,12000000,40000000,0,0,2000000,0
2025-12-15,3296,8000000,36000000,0,0,1230000,1000000
2025-12-15,6405,4000000,33000000,0,0,2000000,1000000
2025-12-15,3257,53000000,82000000,0,0,1000000,0
2025-12-15,00678,495000,34000000,0,0,249000000,244204000
2025-12-15,00737,7000000,30000000,0,0,54000000,61147000
2025-12-15,2543,488000000,584000000,0,0,91999000,26259000
2025-12-15,6491,26000000,58000000,0,0,6000000,4469000
2025-12-15,00661,0,0,0,0,104005000,135636000
2025-12-15,2849,6000000,52000000,0,0,14000000,0
2025-12-15,6412,203035000,240078000,0,0,6000000,1873000
2025-12-15,02001L,0,0,0,0,2000000,35000000
2025-12-15,1710,217000000,259000000,0,0,9000000,866000
2025-12-15,2707,15000000,50000000,0,0,1000000,0
2025-12-15,7780,15000000,52000000,0,0,2000000,0
2025-12-15,01009T,0,0,0,0,0,35000000
2025-12-15,6024,115000000,51000000,0,0,0,100000000
2025-12-15,6885,60000000,101000000,0,0,3000000,0
2025-12-15,2233,41000000,77000000,0,0,3000000,5953000
2025-12-15,00735,0,1000000,0,0,0,38000000
2025-12-15,2348,54000000,94000000,0,0,1000000,9000
2025-12-15,3041,236000000,277000000,0,0,3000000,2406000
2025-12-15,3714,594000000,632000000,0,0,8000000,13000000
2025-12-15,2029,91000000,136000000,0,0,2000000,0
2025-12-15,6243,57000000,101000000,0,0,3996000,3000000
2025-12-15,1528,1679000000,1717000000,0,0,14000000,19589000
2025-12-15,6197,182000000,225901000,0,0,14000000,13748000
2025-12-15,2390,23000000,68000000,0,0,1000000,0
2025-12-15,2379,851123000,1312441000,486000000,83235000,23247000,8755000
2025-12-15,2208,686732000,738988000,0,0,9000000,1000000
2025-12-15,2425,27000000,74000000,0,0,2000000,0
2025-12-15,8081,51000000,95000000,0,1000000,0,5000
2025-12-15,00652,1000000,50000,0,0,0,46658000
2025-12-15,7610,57000000,103000000,0,0,5023000,5000000
2025-12-15,2535,22000000,69000000,0,0,1003000,53000
2025-12-15,4746,140000000,192000000,0,0,6030000,1673000
2025-12-15,2527,96000000,151000000,0,0,7000000,0
2025-12-15,00912,250000,35000000,0,0,109000000,122397000
2025-12-15,2458,514000000,928000000,324000000,0,47000000,6365000
2025-12-15,5203,32000000,83000000,0,0,2000000,865000
2025-12-15,6901,113000000,169000000,0,0,6000000,0
2025-12-15,00728,0,3000000,0,0,22000000,69348000
2025-12-15,4119,35000000,87000000,0,0,1000000,0
2025-12-15,00730,0,3000000,0,0,56821000,104849000
2025-12-15,1229,240000000,304000000,0,0,23000000,10212000
2025-12-15,00709,0,9000000,0,0,43000000,85293000
2025-12-15,9939,314000000,430000000,31000000,0,35000000,1705000
2025-12-15,6431,29000000,82000000,0,0,1000000,23000
2025-12-15,3008,207155000,245122000,1000000,19052000,8667000,5705000
2025-12-15,2480,49000000,77157000,0,27000000,5000000,3189000
2025-12-15,3029,48000000,118000000,0,0,30000000,13860000
2025-12-15,4961,176000000,232000000,0,0,5515000,4487000
2025-12-15,9946,32000000,90000000,0,0,4000000,3000000
2025-12-15,2387,113000000,174000000,0,0,4000000,321000
2025-12-15,00701,13000000,12000000,0,0,441017000,499558000
2025-12-15,6994,35000000,97000000,0,0,2891000,0
2025-12-15,7788,65000000,124000000,0,0,2029000,3000000
2025-12-15,1467,13000000,75000000,0,0,1000000,0
2025-12-15,6776,16000000,78838000,0,0,1000000,0
2025-12-15,1307,131000000,200000000,0,0,7000000,0
2025-12-15,9940,31000000,99000000,0,0,6000000,0
2025-12-15,1904,154000000,200000000,0,0,8000000,24655000
2025-12-15,00927,156000000,80000000,0,0,434808000,573595000
2025-12-15,00911,0,3000000,0,0,206225000,267948000
2025-12-15,009808,0,4000000,0,0,324000000,386350000
2025-12-15,4551,42000000,38000000,0,68000000,1000000,5247000
2025-12-15,00920,254000000,56000000,0,0,109000000,375320000
2025-12-15,00710B,0,55000000,100000000,0,110184000,224218000
2025-12-15,9921,255390000,331000000,0,25000000,41070000,10431000
2025-12-15,009811,24000000,0,0,0,2549000000,2644071000
2025-12-15,1789,95000000,168000000,0,0,6000000,5000000
2025-12-15,2915,398000000,453000000,0,0,14000000,31000000
2025-12-15,6133,1140000000,1213000000,0,0,5594000,5000000
2025-12-15,0051,1000000,1000000,0,0,2000000,76864000
2025-12-15,2302,85000000,158000000,0,0,1000000,5045000
2025-12-15,6515,273140000,401754000,54000000,0,13547000,16078000
2025-12-15,3617,123000000,155000000,0,1000000,7184000,52774000
2025-12-15,2031,112000000,197000000,0,0,6000000,512000
2025-12-15,6719,38000000,121000000,0,0,3680000,368000
2025-12-15,6409,270673000,361705000,4000000,34000,21643000,15458000
2025-12-15,2753,58000000,133000000,0,0,1494000,9256000
2025-12-15,6670,159000000,127000000,0,155000000,39000000,0
2025-12-15,5285,1000000,86000000,0,0,0,0
2025-12-15,1616,220000000,304000000,0,0,2000000,3297000
2025-12-15,2328,951000000,1091000000,0,0,226941000,172510000
2025-12-15,1104,74000000,168000000,0,0,7000000,0
2025-12-15,6533,20000000,106000000,0,0,15000000,16447000
2025-12-15,6165,110000000,202000000,0,0,2000000,2000000
2025-12-15,00733,1050000,81000000,0,0,185037000,197470000
2025-12-15,00635U,65000000,43415000,0,0,1099213000,1213206000
2025-12-15,6117,69000000,154000000,0,0,2000000,11669000
2025-12-15,00897,100000,124000000,0,0,194000000,165569000
2025-12-15,3006,1147010000,1157000000,0,0,46252000,132485000
2025-12-15,2838,282000000,410140000,0,0,31000000,0
2025-12-15,00865B,491000000,0,0,0,1008000000,1597226000
2025-12-15,2236,98300000,197000000,0,0,0,0
2025-12-15,00690,47000000,19000000,0,0,144000000,272440000
2025-12-15,5434,406515000,295000000,2000000,220000000,11000000,8178000
2025-12-15,1325,56000000,162000000,0,0,0,0
2025-12-15,2607,237000000,172000000,0,175000000,4000000,0
2025-12-15,9802,85000000,184000000,0,0,1000000,8464000
2025-12-15,6414,69500000,321000000,162000000,5000000,5000000,17203000
2025-12-15,6214,245000000,354000000,0,0,10113000,8743000
2025-12-15,6831,61100000,183000000,0,0,12000000,0
2025-12-15,6923,65000000,170000000,0,0,3000000,13894000
2025-12-15,8926,377000000,500000000,0,0,11000000,4803000
2025-12-15,6206,139000000,256000000,0,0,8000000,9684000
2025-12-15,009809,207000000,0,0,0,424000000,750000000
2025-12-15,8996,65000000,228000000,10000000,0,81000000,47400000
2025-12-15,3596,184000000,305053000,0,5000000,5000000,2350000
2025-12-15,6890,167000000,191126000,0,0,17000000,116833000
2025-12-15,4536,25976000,151000000,0,1000000,12000000,10734000
2025-12-15,2439,386000000,510000000,0,0,8000000,9617000
2025-12-15,2882B,0,0,0,37000000,1000000,90000000
2025-12-15,00638R,0,0,0,0,195000000,322000000
2025-12-15,8454,78300000,210049000,0,0,3000000,417000
2025-12-15,5225,47000000,179000000,0,0,5000000,2688000
2025-12-15,3592,101000000,234000000,0,0,2000000,956000
2025-12-15,2855,525000000,657000000,0,0,0,0
2025-12-15,5533,7000000,141000000,0,0,2000000,0
2025-12-15,1442,180000000,312744000,0,3000000,4000000,813000
2025-12-15,1460,30000000,23000000,0,0,5000000,145000000
2025-12-15,1909,307000000,447000000,0,0,16000000,10000000
2025-12-15,1736,41000000,127000000,0,58000000,10414000,2136000
2025-12-15,4764,859000000,1018000000,0,0,26931000,4000000
2025-12-15,2201,962700000,1101000000,0,0,32502000,30958000
2025-12-15,2540,211000000,356452000,0,0,6000000,1000000
2025-12-15,3686,110000000,249000000,0,0,11000,2000000
2025-12-15,2478,295000000,430000000,0,0,6000000,14149000
2025-12-15,00893,114411000,90000000,0,0,234000000,403967000
2025-12-15,2239,10000000,152000000,0,0,3000000,7000000
2025-12-15,2731,194000000,336000000,0,0,11000000,15418000
2025-12-15,2393,1352000000,666000000,0,808000000,6000000,32580000
2025-12-15,5388,415000000,553000000,0,0,6192000,16830000
2025-12-15,9917,41290000,120000000,0,108000000,38000000,0
2025-12-15,3030,1886110000,1176400000,0,1119000000,310172000,53130000
2025-12-15,2419,520000000,673000000,0,0,2131000,2207000
2025-12-15,6625,22000000,178000000,0,0,7000000,5749000
2025-12-15,1720,15000000,172000000,0,0,3000000,1000000
2025-12-15,00923,17000000,34000000,0,0,772278000,910365000
2025-12-15,6805,369165000,535236000,51000000,11200000,31417000,61210000
2025-12-15,2049,506437000,696689000,0,0,59566000,26233000
2025-12-15,1582,35000000,191000000,0,0,4000000,5041000
2025-12-15,3056,160000000,322000000,0,0,4000000,424000
2025-12-15,2383,984227000,1213575000,199500000,91152000,69448000,110307000
2025-12-15,5234,352000000,516000000,5000000,0,112032000,119783000
2025-12-15,1612,87000000,261000000,0,0,4005000,999000
2025-12-15,1231,26000000,201000000,0,0,12000000,9836000
2025-12-15,6176,909500000,519269000,90000000,660213000,21000000,15306000
2025-12-15,8261,59000000,236000000,0,0,4000000,5085000
2025-12-15,1476,276358000,463797000,0,0,20000000,12672000
2025-12-15,3055,248030000,313000000,0,0,2377000,119754000
2025-12-15,3062,927000000,1116000000,0,0,2532000,235000
2025-12-15,2023,680000000,877000000,0,0,13028000,4000000
2025-12-15,2375,287000000,451000000,0,0,7258000,31476000
2025-12-15,4164,121000000,291000000,0,0,22000000,41000000
2025-12-15,6239,7060350000,5480000000,11800000,1799000000,264965000,250300000
2025-12-15,2258,46000000,256000000,0,0,15000000,335000
2025-12-15,2351,146000000,337000000,0,0,10000000,14657000
2025-12-15,3661,289628000,267229000,3200000,226000000,58626000,55923000
2025-12-15,3563,257700000,746110000,342000000,0,15145000,66523000
2025-12-15,3042,244000000,337000000,0,106000000,3000000,3147000
2025-12-15,2883B,0,0,0,0,12000000,220000000
2025-12-15,8464,329427000,554032000,0,0,15369000,108000
2025-12-15,00947,4000000,26000000,0,0,563000000,751166000
2025-12-15,3049,582000000,797000000,0,0,5012000,1000000
2025-12-15,3704,796000000,1014000000,0,0,4000000,258000
2025-12-15,2885,14031953000,10515945000,80000000,4560000000,1166069000,419286000
2025-12-15,3023,356000000,498554000,17000000,99000000,6138000,1011000
2025-12-15,6177,201000000,248000000,0,114000000,7000000,69000000
2025-12-15,8016,73004000,240000000,0,55000000,2000000,7628000
2025-12-15,4938,4059442000,6869890000,2572500000,976000,88000000,77940000
2025-12-15,3036,3856820000,3736000000,14000000,398000000,61070000,31934000
2025-12-15,00986A,0,14000000,0,0,0,232749000
2025-12-15,2428,44000000,272000000,0,20000000,4000000,9883000
2025-12-15,6962,190000000,457000000,0,0,13000000,3750000
2025-12-15,2211,554000000,823000000,0,0,9000000,1501000
2025-12-15,8028,477205000,680000000,3000000,0,39994000,121737000
2025-12-15,00669R,0,0,0,0,122000000,404000000
2025-12-15,5515,307000000,587000000,0,0,2000000,10000000
2025-12-15,5608,845000000,1139000000,0,0,5758000,664000
2025-12-15,2451,690230000,943400000,0,5000000,79828000,113218000
2025-12-15,2498,1995130000,1895000000,0,2000000,139650000,534042000
2025-12-15,3044,1371710000,998330000,169200000,836000000,44520000,48344000
2025-12-15,2374,727000000,837000000,0,0,30000000,226215000
2025-12-15,00952,1000000,28000000,0,0,617000000,896770000
2025-12-15,2832,25000000,445000000,0,0,112000000,4002000
2025-12-15,3038,517000000,820000000,0,0,5000000,22577000
2025-12-15,6531,253003000,514000000,2000000,0,40000000,108086000
2025-12-15,2633,808650000,1114000000,0,0,19000000,41015000
2025-12-15,3149,119000000,453563000,0,0,2000000,0
2025-12-15,3026,271000000,622000000,0,0,12015000,10995000
2025-12-15,1210,302000000,523000000,0,144000000,10000000,5968000
2025-12-15,00982D,1673000000,28000000,0,0,722032000,2738000000
2025-12-15,3450,2170000000,2155302000,0,492000000,162079000,60765000
2025-12-15,1529,442000000,808000000,0,0,5000000,17773000
2025-12-15,1795,846000000,1381000000,0,0,173481000,19255000
2025-12-15,00674R,0,68000000,0,0,234000000,550278000
2025-12-15,2206,45040000,393000000,0,51000000,6000000,888000
2025-12-15,3005,502200000,825882000,7000000,16000000,29109000,92150000
2025-12-15,2455,1284200000,1423000000,0,206000000,80000000,148936000
2025-12-15,4722,1142000000,1593000000,0,0,45186000,9398000
2025-12-15,2376,588246000,1063208000,34500000,0,114000000,91069000
2025-12-15,3014,92000000,410000000,0,102000000,8000000,7042000
2025-12-15,2413,1974000000,2395000000,0,0,2120000,1000000
2025-12-15,2412,1391653000,2002263000,95000000,0,190023000,104248000
2025-12-15,6155,643000000,1076000000,0,0,8001000,11000000
2025-12-15,00763U,1000000,11000000,0,0,391000000,818781000
2025-12-15,8112,3657150000,3750000000,0,0,257295000,603780000
2025-12-15,1477,566000000,565000000,0,450000000,72185000,66350000
2025-12-15,00770,0,29000000,0,0,0,414243000
2025-12-15,3048,257025000,702000000,0,0,2000000,1058000
2025-12-15,6919,1006231000,1473841000,0,0,21000000,329000
2025-12-15,8103,967460000,1463400000,0,0,47005000,8000
2025-12-15,6152,406000000,857000000,0,0,7038000,5000000
2025-12-15,2395,871410000,1352839000,25000000,4238000,36000000,25989000
2025-12-15,00675L,19000000,25000000,0,0,704415000,1149487000
2025-12-15,4915,915010000,1025000000,158000000,506000000,21000000,19225000
2025-12-15,3701,1910100000,2366000000,0,0,14138000,21745000
2025-12-15,3515,284000000,751000000,0,0,44039000,59035000
2025-12-15,00685L,5000000,0,0,0,161790000,652053000
2025-12-15,3413,91000000,528000000,0,3000000,38000000,83410000
2025-12-15,6589,334000000,823000000,0,0,3000000,0
2025-12-15,6456,375000000,886000000,0,0,23150000,2676000
2025-12-15,3665,1045511000,1562202000,63000000,47741000,85814000,90220000
2025-12-15,00692,1371000,126000000,0,0,1290000000,1676366000
2025-12-15,00850,0,263000000,0,0,76000000,335563000
2025-12-15,00904,12000000,33073000,0,0,623000000,1132013000
2025-12-15,3050,905000000,1439000000,0,0,4619000,1000000
2025-12-15,00954,0,107000000,0,0,262000000,687477000
2025-12-15,1722,469760000,851000000,0,158000000,7000000,538000
2025-12-15,00905,8000000,111000000,0,0,142000000,575998000
2025-12-15,4934,182000000,720000000,0,0,2000000,5000000
2025-12-15,6451,244050000,623150000,0,0,18057000,181141000
2025-12-15,6196,1182000000,1173080000,268000000,827000000,103034000,99836000
2025-12-15,00934,9000000,83000000,0,0,190000000,668803000
2025-12-15,2645,974000000,1559000000,24000000,0,105059000,100556000
2025-12-15,6285,620000000,1265000000,0,16177000,118804000,44523000
2025-12-15,6426,2364000000,2953000000,0,0,11222000,11237000
2025-12-15,9938,300000000,883518000,0,0,13000000,19423000
2025-12-15,2472,428000000,988000000,0,0,11000000,47296000
2025-12-15,2646,473000000,1124000000,0,0,48000000,11969000
2025-12-15,2441,5541000000,6572000000,144000000,0,450157000,180891000
2025-12-15,2436,203300000,847000000,0,0,1453000,3159000
2025-12-15,6278,184000000,709000000,0,133000000,19000000,20589000
2025-12-15,2605,4040000000,5056000000,0,0,626444000,273670000
2025-12-15,1319,240100000,1058000000,81000000,205000,81000000,13775000
2025-12-15,3443,374236000,1021578000,99000000,5042000,86300000,203284000
2025-12-15,8422,7479100000,8336500000,0,0,402912000,222266000
2025-12-15,00989A,19000000,316000000,0,0,169000000,554705000
2025-12-15,1808,540000000,1112000000,0,150000000,6000000,0
2025-12-15,2385,329120000,575951000,14000000,504000000,38000000,18091000
2025-12-15,00961,22000000,795026000,0,0,836000000,796014000
2025-12-15,00964,89000000,64000000,0,0,703000000,1468995000
2025-12-15,00894,4000000,235000000,0,0,297000000,819012000
2025-12-15,8210,454200000,969500000,3000000,268400000,115000000,122333000
2025-12-15,2009,1014000000,1692000000,0,0,11038000,152110000
2025-12-15,2614,333000000,1117000000,0,0,2000000,38000000
2025-12-15,1301,7918533000,9658015000,0,0,976220000,72059000
2025-12-15,6271,106000000,884060000,0,15000000,18455000,77795000
2025-12-15,1303,10121752000,11913805000,174000000,50000000,1335360000,525656000
2025-12-15,6477,551000000,1419000000,0,0,2000000,1168000
2025-12-15,3017,2382210000,2867957000,55500000,358859000,236847000,321740000
2025-12-15,2404,671005000,1714188000,190000000,48082000,164960000,161889000
2025-12-15,2474,1157196000,1598735000,12000000,485288000,34000000,33992000
2025-12-15,2912,471311000,1363744000,0,46000000,70000000,83985000
2025-12-15,00641R,0,0,0,0,30000000,992000000
2025-12-15,3702,1532960000,2095519000,27000000,456000000,47613000,35128000
2025-12-15,2369,1611000000,2731000000,0,0,169368000,33848000
2025-12-15,8046,2264352000,3198845000,4000000,345000000,380704000,105728000
2025-12-15,2612,513350000,1546000000,0,0,35222000,11449000
2025-12-15,2347,3597210000,2977000000,21000000,1666000000,46114000,51319000
2025-12-15,00935,281200000,249000000,0,0,223000000,1315340000
2025-12-15,2542,1770650000,2380130000,0,631000000,185465000,12268000
2025-12-15,00706L,81000000,24000000,0,0,217237000,1363785000
2025-12-15,00945B,3409034000,0,0,0,1761000000,6265921000
2025-12-15,00670L,13100000,7000000,0,0,1000000,1124155000
2025-12-15,2615,2921539000,4220000000,0,88000000,771683000,516825000
2025-12-15,6505,1465290000,3025045000,0,0,441734000,54948000
2025-12-15,00664R,0,0,0,0,1282500000,2457000000
2025-12-15,2308,2876071000,3753597000,223000000,599210000,160375000,114835000
2025-12-15,1503,1418046000,2641206000,0,6183000,79943000,98453000
2025-12-15,2495,1497000000,2753000000,0,0,2018000,4330000
2025-12-15,00650L,99000000,309000000,0,0,983000000,2055593000
2025-12-15,00752,0,38000000,0,0,38000000,1288439000
2025-12-15,1609,2037667000,3417000000,72000000,0,55445000,54035000
2025-12-15,2881,7962255000,7931170000,269000000,1254000000,613232000,967388000
2025-12-15,8150,3854100000,4747000000,0,0,273246000,708898000
2025-12-15,5871,2652787000,3444568000,0,618000000,23000000,0
2025-12-15,00984A,131000000,233000000,0,0,1011000000,2316594000
2025-12-15,1514,5100236000,6687029000,0,0,222580000,94293000
2025-12-15,2891,21427831000,20655087000,572000000,3893000000,1249712000,180630000
2025-12-15,00757,43092000,570000000,0,0,8000000,964617000
2025-12-15,2360,1441908000,2559188000,47000000,458324000,131543000,124152000
2025-12-15,4904,2463983000,4040329000,0,5000000,65444000,16328000
2025-12-15,00909,27002000,1855000000,0,0,1164000000,932059000
2025-12-15,6770,38679925000,44826242000,4579000000,0,3008852000,3064110000
2025-12-15,00882,1766100000,0,0,0,1202183000,4599616000
2025-12-15,2368,1510982000,2817344000,146000000,401000,88914000,593197000
2025-12-15,2492,923350000,2525000000,0,0,17290000,106885000
2025-12-15,00646,1104000,172000000,0,0,23000000,1587580000
2025-12-15,4977,2073050000,3913200000,0,0,167000000,66152000
2025-12-15,009800,2205000,32000000,0,0,0,1808097000
2025-12-15,9904,3803820000,6111000000,445000000,8000000,86026000,77702000
2025-12-15,2354,973730000,2687000000,17000000,1675000,76000000,292341000
2025-12-15,3711,10669504000,12842188000,110000000,43577000,295977000,120651000
2025-12-15,00631L,22148000,152000000,0,0,638000000,2501007000
2025-12-15,00891,223210000,586000000,0,0,1086000000,2722779000
2025-12-15,009813,34000000,54000000,0,0,994000000,2983000000
2025-12-15,4927,2463000000,4490000000,0,0,5000000,738000
2025-12-15,8070,662000000,2722000000,0,0,27000000,28831000
2025-12-15,3045,2360486000,4908941000,421000000,6000000,101648000,36641000
2025-12-15,3090,2791000000,4560000000,0,0,30204000,356915000
2025-12-15,6706,5084000000,7215000000,0,0,476267000,495384000
2025-12-15,3576,3611000000,5812159000,0,0,71995000,62000000
2025-12-15,2887I,0,2198445000,0,0,0,0
2025-12-15,2481,4112105000,3304686000,0,2737000000,286708000,591402000
2025-12-15,00662,96248000,128000000,0,0,0,2392015000
2025-12-15,8021,12103600000,14476250000,25000000,0,78000000,172000000
2025-12-15,2356,1963041000,4526401000,45000000,0,179000000,117362000
2025-12-15,2486,804000000,3234016000,0,0,35259000,112253000
2025-12-15,1513,1010474000,3552000000,0,252000,100000000,154083000
2025-12-15,2331,8936000000,12282000000,0,0,1325403000,576001000
2025-12-15,00924,30745000,26000000,0,0,158000000,2928010000
2025-12-15,00753L,2391000000,3342000000,0,0,1206000000,3177725000
2025-12-15,00926,40600000,64000000,0,0,195000000,3114331000
2025-12-15,2409,19828500000,23056205000,102000000,74402000,436960000,348817000
2025-12-15,00642U,11000000,28000000,0,0,0,3459796000
2025-12-15,00878,1559838000,3972901000,0,0,5799000000,6962897000
2025-12-15,00738U,70000000,119530000,0,0,1905000000,5503812000
2025-12-15,2324,10387177000,8084684000,74000000,6042000000,168300000,212366000
2025-12-15,3060,8475000000,12454000000,0,0,21162000,44337000
2025-12-15,3706,6179800000,9695000000,19000000,444600000,700000000,922291000
2025-12-15,00881,158200000,1628000000,0,0,958000000,3683004000
2025-12-15,00971,49000000,80000000,0,0,253000000,4598032000
2025-12-15,1504,4510666000,7790281000,53000000,1667775000,461000000,415650000
2025-12-15,00665L,133000000,807000000,0,0,2371100000,6721960000
2025-12-15,3481,19044017000,24292440000,130000000,19854000,342314000,275000000
2025-12-15,00663L,179000000,527000000,0,0,1676000000,6416366000
2025-12-15,00922,22075000,961200000,0,0,281000000,4439893000
2025-12-15,2329,7421025000,11428500000,0,0,237282000,1332951000
2025-12-15,00929,726725000,2448000000,0,0,1211000000,4885503000
2025-12-15,8039,6530300000,11554210000,0,0,500980000,915064000
2025-12-15,6257,2081010000,5095050000,0,2875000000,268692000,322392000
2025-12-15,00980A,247885000,1329000000,0,0,1672000000,6542515000
2025-12-15,2485,11761000000,18088000000,0,0,378734000,164925000
2025-12-15,006208,71722000,3320130000,0,0,264000000,3354476000
2025-12-15,6209,6111080000,12392000000,0,0,45000000,126960000
2025-12-15,009805,84150000,364000000,0,0,228000000,6557290000
2025-12-15,2406,7830000000,14603000000,0,0,2045000,137000
2025-12-15,2327,3499821000,10043908000,27000000,33934000,204000000,491613000
2025-12-15,00985A,184000000,414000000,0,0,2359000000,9010638000
2025-12-15,009803,67000000,302000000,0,0,690000000,7497777000
2025-12-15,2449,2246982000,9147458000,862000000,503000000,400065000,955504000
2025-12-15,00830,893211000,3898005000,0,0,814000000,4998543000
2025-12-15,2515,10759000000,19562000000,0,0,667360000,285179000
2025-12-15,2002,13878997000,24055866000,404000000,0,816547000,474669000
2025-12-15,3231,7547136000,12605662000,164000000,5239340000,1374000000,975513000
2025-12-15,2330,10311054000,22261673000,714500000,2742000,1409828000,340099000
2025-12-15,1605,13512860000,24868240000,191000000,2243000,990038000,3051714000
2025-12-15,1802,11674571000,22440143000,0,100000000,785873000,3724475000
2025-12-15,00896,26000000,40000000,0,0,1175000000,20412784000
2025-12-15,00982A,1625500000,10497400000,0,0,4014000000,15021697000
2025-12-15,00918,76000000,1050000000,0,0,377000000,19648588000
2025-12-15,00715L,0,2993000000,0,0,804045000,18375545000
2025-12-15,2317,7752969000,28047942000,742000000,1903666000,427000000,645960000
2025-12-15,0056,2611410000,18920264000,0,0,88000000,7224844000
2025-12-15,00919,5092450000,25552800000,0,0,14932995000,17955578000
2025-12-15,00988A,6000000,16454000000,0,0,3055000000,17209051000
2025-12-15,0052,686794000,4282000000,0,0,1763000000,28953805000
2025-12-15,0050,2176725000,72372849000,2300000000,0,14863000000,19789032000
2025-12-15,00981A,1301984000,10479000000,0,0,5166000000,81466464000
2025-12-15,2344,71367013000,179692658000,1287000000,15000000,5157528000,5331372000
2025-12-15,00679B,15852000000,4354074000,0,0,9466000000,11847560000
2025-12-15,00687B,8264100000,269000000,0,0,6409000000,10817449000
2025-12-15,00687C,0,0,0,0,50200000,50200000
2025-12-15,00694B,741000000,0,0,0,140000000,370087000
2025-12-15,00695B,175000000,0,0,0,102161000,254280000
2025-12-15,00696B,3410000000,24000000,0,0,1932000000,4795246000
2025-12-15,00697B,0,1000000,0,0,80000000,37947000
2025-12-15,00719B,953000000,194000000,0,0,78792000,864978000
2025-12-15,00720B,494029000,744000000,0,0,2096000000,406546000
2025-12-15,00722B,1170000000,1031000000,0,0,2059000000,2161691000
2025-12-15,00723B,40000000,1000000,0,0,100000000,142013000
2025-12-15,00724B,203000000,0,0,0,3321145000,3442533000
2025-12-15,00725B,1474000000,1212000000,0,0,1173000000,1642048000
2025-12-15,00726B,969000000,0,0,0,239776000,309706000
2025-12-15,00727B,0,0,0,0,110236000,111125000
2025-12-15,00734B,5000000,0,0,0,501000000,498115000
2025-12-15,00740B,4135000000,0,0,0,1052000000,4924521000
2025-12-15,00741B,26000000,0,0,0,200612000,200263000
2025-12-15,00746B,72000000,1000000,0,0,104000000,180223000
2025-12-15,00749B,2000000,0,0,0,100000000,100000000
2025-12-15,00750B,0,1000000,0,0,100000000,100000000
2025-12-15,00751B,38060000,967000000,500000000,0,337000000,599100000
2025-12-15,00754B,138000,0,0,0,100167000,102334000
2025-12-15,00755B,1000000,4000000,0,0,100493000,102714000
2025-12-15,00756B,59000000,0,0,0,118017000,100000000
2025-12-15,00758B,0,36000000,0,0,136000000,100019000
2025-12-15,00759B,0,57000000,0,0,157000000,100052000
2025-12-15,00760B,2000000,1000000,0,0,104229000,100285000
2025-12-15,00761B,129000000,3000000,0,0,167255000,154343000
2025-12-15,00764B,1766000000,0,0,0,2811000000,4396408000
2025-12-15,00768B,2319000000,14000000,0,0,1457000000,114701000
2025-12-15,00772B,406004000,24000000,0,0,109000000,482228000
2025-12-15,00773B,295000000,5000000,0,0,29000000,313214000
2025-12-15,00777B,0,4000000,0,0,100000000,100000000
2025-12-15,00778B,0,0,0,0,100000000,100000000
2025-12-15,00779B,4000000,1000000,0,0,300000000,303000000
2025-12-15,00780B,88000000,2000000,0,0,114000000,147139000
2025-12-15,00781B,0,157000000,0,0,163000000,90213000
2025-12-15,00782B,0,1000000,0,0,209000000,182010000
2025-12-15,00785B,0,0,0,0,100000000,101027000
2025-12-15,00786B,9000000,0,0,0,0,1111000
2025-12-15,00787B,0,1000000,0,0,5000000,1498000
2025-12-15,00788B,0,0,0,0,0,108000
2025-12-15,00789B,0,1000000,0,0,100000000,100066000
2025-12-15,00791B,0,0,0,0,100000000,100000000
2025-12-15,00792B,51000000,2000000,0,0,100000000,157000000
2025-12-15,00793B,0,0,0,0,100051000,101051000
2025-12-15,00795B,4595000000,3000000,0,0,729000000,3111262000
2025-12-15,00799B,3000000,0,0,0,267000000,312935000
2025-12-15,00834B,0,0,0,0,100000000,100000000
2025-12-15,00836B,17000000,1000000,0,0,200000000,219000000
2025-12-15,00840B,0,0,0,0,100000000,100000000
2025-12-15,00841B,0,1000000,0,0,100000000,101000000
2025-12-15,00842B,0,0,0,0,101000000,101103000
2025-12-15,00845B,0,0,0,0,101000000,101000000
2025-12-15,00846B,0,0,0,0,101000000,100240000
2025-12-15,00847B,0,0,0,0,305020000,312000000
2025-12-15,00848B,31000000,0,0,0,302000000,330000000
2025-12-15,00849B,4000000,0,0,0,300397000,303760000
2025-12-15,00853B,13000000,7000000,0,0,500922000,505167000
2025-12-15,00856B,0,0,0,0,88000,22075000
2025-12-15,00857B,741000000,21000000,0,0,583000000,979279000
2025-12-15,00858,0,98000000,0,0,106000000,207386000
2025-12-15,00859B,308000000,77000000,0,0,2598000000,3795636000
2025-12-15,00860B,0,0,0,0,103555000,107956000
2025-12-15,00862B,165000000,5000000,0,0,304000000,549163000
2025-12-15,00863B,5000000,0,0,0,300000000,314240000
2025-12-15,00864B,379000000,0,0,0,339000000,309629000
2025-12-15,00877,1098000000,822000000,0,0,2571000000,3510756000
2025-12-15,00883B,0,0,0,0,300471000,307024000
2025-12-15,00884B,0,0,0,0,300567000,303040000
2025-12-15,00886,0,0,0,0,0,106000
2025-12-15,00887,1344000000,168000000,0,0,1544000000,2223998000
2025-12-15,00888,0,37000000,0,0,4000000,311476000
2025-12-15,00890B,0,1000000,0,0,300000000,300000000
2025-12-15,00928,27000000,2000000,0,0,128801000,75092000
2025-12-15,00931B,654000000,9000000,0,0,270000000,507433000
2025-12-15,00933B,973999000,47000000,0,0,497000000,2076935000
2025-12-15,00937B,961500000,9562000000,0,0,2293000000,17226993000
2025-12-15,00942B,809000000,0,0,0,264788000,460854000
2025-12-15,00948B,1363000000,135000000,0,0,986000000,2755419000
2025-12-15,00950B,2662000000,0,0,0,790000000,2008721000
2025-12-15,00955,38100000,217000000,0,0,462000000,5621763000
2025-12-15,00957B,22000000,0,0,0,124000000,1886953000
2025-12-15,00958B,0,3000000,0,0,319819000,147625000
2025-12-15,00959B,1826000000,19000000,0,0,633000000,1176861000
2025-12-15,00966B,0,5000000,0,0,505000000,528385000
2025-12-15,00967B,0,12000000,0,0,944000000,818317000
2025-12-15,00968B,456000000,11000000,0,0,258000000,484454000
2025-12-15,00969B,0,13000000,0,0,0,54074000
2025-12-15,00970B,659000000,2000000,0,0,887000000,1274132000
2025-12-15,00980B,0,6000000,0,0,83804000,61021000
2025-12-15,00980D,0,0,0,0,1046000000,1490776000
2025-12-15,00980T,0,6000000,0,0,349000000,335939000
2025-12-15,00981B,0,0,0,0,163000000,5972308000
2025-12-15,00981D,0,0,0,0,554000000,11084730000
2025-12-15,00982B,0,1000000,0,0,0,4218000
2025-12-15,00983B,0,0,0,0,1021000000,1001124000
2025-12-15,00984B,17000000,10000000,0,0,1019000000,1023891000
2025-12-15,00986B,110000000,0,0,0,266000000,327000000
2025-12-15,1264,3000000,0,0,0,0,0
2025-12-15,1268,4000000,2000000,0,0,0,0
2025-12-15,1294,0,5000000,0,0,0,0
2025-12-15,1295,43000000,24000000,0,0,0,7000000
2025-12-15,1336,23000000,6000000,0,0,0,0
2025-12-15,1565,14000000,7000000,0,0,0,21000
2025-12-15,1569,204000000,236000000,0,0,12105000,1000
2025-12-15,1570,27000000,5000000,0,0,0,0
2025-12-15,1580,2000000,1000000,0,0,0,0
2025-12-15,1584,370000000,76000000,0,0,0,319000
2025-12-15,1586,55000000,41000000,0,0,0,0
2025-12-15,1591,34000000,10000000,0,0,0,18000
2025-12-15,1593,4000000,1000000,0,0,0,0
2025-12-15,1595,8000000,1000000,0,0,0,0
2025-12-15,1599,7000000,7000000,0,0,0,0
2025-12-15,1777,3000000,3000000,0,0,2000000,5000000
2025-12-15,1781,0,3000000,0,0,0,5000
2025-12-15,1784,406000000,182000000,0,0,73554000,15869000
2025-12-15,1785,2858000000,5169000000,0,0,294275000,730000000
2025-12-15,1788,0,5000000,0,0,0,0
2025-12-15,1796,2000000,1000000,0,0,0,0
2025-12-15,1799,63000000,14000000,0,0,0,78000
2025-12-15,1815,8043000000,4439300000,0,0,172000000,162970000
2025-12-15,2061,38000000,17000000,0,0,0,0
2025-12-15,2063,1000000,0,0,0,0,0
2025-12-15,2065,9000000,2000000,0,0,3000000,3000000
2025-12-15,2066,10000000,2000000,0,0,0,0
2025-12-15,2067,5000000,3000000,0,0,0,0
2025-12-15,2070,14000000,2000000,0,0,14000,0
2025-12-15,2221,2000000,0,0,0,0,0
2025-12-15,2230,49000000,44000000,0,0,23000,8197000
2025-12-15,2596,7000000,4000000,0,0,0,0
2025-12-15,2640,3000000,1000000,0,15000000,0,0
2025-12-15,2641,835000000,1468000000,0,0,60000000,10270000
2025-12-15,2643,0,0,0,0,1000000,0
2025-12-15,2718,8000000,1000000,0,0,0,0
2025-12-15,2719,0,0,0,0,193000,0
2025-12-15,2726,10000000,2000000,0,0,1000000,0
2025-12-15,2729,2000000,1000000,0,0,0,0
2025-12-15,2732,5000000,0,0,0,0,0
2025-12-15,2734,5000000,2000000,0,0,0,0
2025-12-15,2736,13000000,1000000,0,0,0,0
2025-12-15,2740,3000000,6000000,0,0,0,0
2025-12-15,2743,47000000,3000000,0,0,10000,517000
2025-12-15,2745,27000000,22000000,0,0,0,166000
2025-12-15,2751,1000000,1000000,0,0,0,0
2025-12-15,2752,4000000,0,0,0,0,0
2025-12-15,2754,4000000,2000000,0,0,0,0
2025-12-15,2755,3000000,13000000,0,0,0,9000000
2025-12-15,2756,4000000,9000000,0,0,0,0
2025-12-15,3066,2000000,10000000,0,0,0,0
2025-12-15,3067,0,0,0,0,450000,0
2025-12-15,3071,33000000,15000000,0,0,0,0
2025-12-15,3073,30000000,5000000,0,0,0,0
2025-12-15,3078,245000000,410000000,0,2000000,3000000,12045000
2025-12-15,3081,158000000,82000000,0,0,40000000,51000000
2025-12-15,3083,3000000,1000000,0,0,0,0
2025-12-15,3086,85000000,91000000,0,0,0,1068000
2025-12-15,3088,61000000,56000000,0,0,1548000,3064000
2025-12-15,3093,58000000,33000000,0,0,4000,0
2025-12-15,3105,5038026000,10737459000,0,192000,1232460000,506505000
2025-12-15,3114,0,5000000,0,0,0,0
2025-12-15,3118,0,1000000,0,0,0,0
2025-12-15,3122,15000000,24000000,0,0,1000000,868000
2025-12-15,3128,30000000,11000000,0,0,1952000,2000000
2025-12-15,3131,90437000,229000000,6000000,0,47400000,74636000
2025-12-15,3141,106000000,111000000,0,0,1455000,2584000
2025-12-15,3147,9000000,18000000,0,0,0,2681000
2025-12-15,3152,333000000,393000000,0,0,85464000,14000000
2025-12-15,3158,2000000,3000000,0,0,0,0
2025-12-15,3162,970000000,233000000,0,0,0,0
2025-12-15,3163,4057010000,5394120000,0,0,181410000,288158000
2025-12-15,3169,66000000,26000000,0,0,529000,464000
2025-12-15,3171,37000000,4000000,0,0,18000000,18000000
2025-12-15,3176,159000000,135000000,0,0,0,0
2025-12-15,3178,2000000,0,0,0,0,0
2025-12-15,3188,72000000,41000000,0,0,0,3000000
2025-12-15,3205,64000000,26000000,0,0,0,0
2025-12-15,3206,28000000,1000000,0,0,5000000,3000000
2025-12-15,3207,230000000,20000000,0,0,19730000,4000000
2025-12-15,3211,1554462000,1827000000,12000000,1000000,161254000,40950000
2025-12-15,3213,29000000,36000000,0,0,1000,1000
2025-12-15,3217,46000000,113000000,0,0,30000000,12557000
2025-12-15,3218,11000000,44000000,0,0,7186000,1245000
2025-12-15,3219,52000000,137000000,0,0,2000000,1736000
2025-12-15,3221,73000000,25000000,0,0,0,0
2025-12-15,3224,1000000,5000000,0,0,0,0
2025-12-15,3226,1000000,3000000,0,0,0,0
2025-12-15,3227,368000000,336000000,0,0,9200000,26878000
2025-12-15,3228,41000000,12000000,0,0,2645000,6808000
2025-12-15,3230,134000000,19000000,0,0,2750000,18506000
2025-12-15,3232,0,1000000,0,0,0,0
2025-12-15,3234,123000000,174000000,0,0,0,0
2025-12-15,3236,728000000,1497000000,0,0,42000000,4864000
2025-12-15,3252,0,0,0,0,975000,1000000
2025-12-15,3260,5225600000,5361000000,1138000000,1550000000,921539000,558180000
2025-12-15,3264,1871500000,897050000,0,21000000,68602000,122034000
2025-12-15,3265,387500000,717000000,0,0,50888000,22184000
2025-12-15,3268,9000000,2000000,0,0,0,88000
2025-12-15,3272,4000000,4000000,0,0,0,2000000
2025-12-15,3276,10000000,3000000,0,0,0,0
2025-12-15,3284,10000000,21000000,0,0,0,0
2025-12-15,3285,0,6000000,0,0,0,0
2025-12-15,3287,30000000,19000000,0,0,0,0
2025-12-15,3288,0,0,0,0,116000,0
2025-12-15,3289,73610000,36000000,0,0,2012000,2677000
2025-12-15,3290,158000000,59000000,0,0,49312000,5000
2025-12-15,3293,184752000,330034000,0,0,84543000,10361000
2025-12-15,3294,491000000,138000000,0,0,3000000,11000000
2025-12-15,3297,27000000,29000000,0,0,1000000,13000
2025-12-15,3303,19000000,6000000,0,0,1000000,863000
2025-12-15,3306,113000000,16000000,0,0,1000000,179000
2025-12-15,3310,3000000,14000000,0,0,0,4000000
2025-12-15,3313,50000000,107000000,0,0,1000000,877000
2025-12-15,3317,88000000,77000000,0,0,2000,976000
2025-12-15,3322,246000000,339000000,0,0,2815000,0
2025-12-15,3323,353000000,196400000,0,0,361000,9008000
2025-12-15,3324,1141200000,2208000000,8000000,83000000,148273000,135317000
2025-12-15,3325,26000000,2000000,0,0,0,6000
2025-12-15,3332,94000000,39000000,0,0,0,0
2025-12-15,3339,287000000,215000000,0,0,1264000,174000
2025-12-15,3349,53000000,27000000,0,0,0,0
2025-12-15,3354,29000000,28000000,0,0,0,0
2025-12-15,3357,153000000,272000000,0,35000000,8000000,16139000
2025-12-15,3360,14000000,6000000,0,0,0,0
2025-12-15,3362,117000000,86000000,0,0,2050000,2288000
2025-12-15,3363,81000000,8000000,0,0,57000000,8000000
2025-12-15,3372,186000000,168000000,0,0,0,4000
2025-12-15,3373,3000000,20000000,0,0,0,0
2025-12-15,3374,160000000,165000000,0,0,118427000,73385000
2025-12-15,3379,99000000,32000000,0,0,0,2021000
2025-12-15,3388,2000000,1000000,0,0,0,0
2025-12-15,3390,21000000,0,0,0,0,0
2025-12-15,3402,155000000,187000000,0,0,39023000,28434000
2025-12-15,3430,101000000,92000000,0,0,0,609000
2025-12-15,3434,15000000,2000000,0,0,0,0
2025-12-15,3438,85000000,33000000,0,0,0,0
2025-12-15,3441,65000000,140000000,0,0,0,0
2025-12-15,3444,85000000,31000000,0,0,13018000,13030000
2025-12-15,3455,170000000,113000000,0,0,0,325000
2025-12-15,3465,1000000,1000000,0,0,0,0
2025-12-15,3466,254000000,130000000,0,0,0,0
2025-12-15,3467,2000000,1000000,0,0,0,0
2025-12-15,3479,50000000,152000000,0,0,7000000,3308000
2025-12-15,3483,109000000,72000000,0,0,4178000,0
2025-12-15,3484,48000000,19000000,0,0,0,0
2025-12-15,3489,6000000,1000000,0,0,0,0
2025-12-15,3490,228000000,116000000,0,0,0,0
2025-12-15,3491,1012042000,1113684000,0,19000000,99085000,133352000
2025-12-15,3492,5000000,3000000,0,0,1000000,2000000
2025-12-15,3498,240000000,155000000,0,0,49665000,4530000
2025-12-15,3499,27000000,9000000,0,0,3000000,2689000
2025-12-15,3508,0,0,0,0,0,90000
2025-12-15,3511,64000000,41000000,0,0,1000,147000
2025-12-15,3512,4000000,1000000,0,0,0,0
2025-12-15,3516,1000000,1000000,0,0,0,0
2025-12-15,3520,54000000,22000000,0,0,0,0
2025-12-15,3521,22000000,18000000,0,0,0,0
2025-12-15,3522,7000000,19000000,0,0,28000,0
2025-12-15,3526,70000000,28000000,0,0,1466000,1011000
2025-12-15,3527,95000000,73000000,0,0,1343000,1000000
2025-12-15,3529,140045000,216113000,0,113032000,53951000,55520000
2025-12-15,3531,0,3000000,0,0,0,0
2025-12-15,3537,296000000,157000000,0,0,0,1000
2025-12-15,3540,79000000,14000000,0,0,6000000,0
2025-12-15,3541,0,1000000,0,0,0,0
2025-12-15,3546,15000000,46000000,0,0,0,470000
2025-12-15,3548,115000000,20000000,0,0,2791000,3494000
2025-12-15,3551,674000000,471000000,0,0,61523000,42672000
2025-12-15,3552,130000000,206000000,0,0,2013000,86000
2025-12-15,3555,195000000,85000000,0,0,7888000,0
2025-12-15,3556,1000000,0,0,0,1000000,1001000
2025-12-15,3558,51000000,36000000,0,0,1000000,361000
2025-12-15,3564,86000000,13000000,0,0,8000000,8011000
2025-12-15,3567,0,1000000,0,0,0,0
2025-12-15,3570,1000000,2000000,0,0,0,0
2025-12-15,3577,11000000,35000000,0,0,2664000,1180000
2025-12-15,3580,115000000,25000000,0,0,3000,1000
2025-12-15,3581,89000000,121000000,0,0,1000000,3743000
2025-12-15,3587,113000000,85000000,0,0,11107000,12762000
2025-12-15,3594,13000000,8000000,0,0,30000,423000
2025-12-15,3597,0,2000000,0,0,0,0
2025-12-15,3609,41000000,5000000,0,0,0,0
2025-12-15,3611,30000000,8000000,0,0,1000000,0
2025-12-15,3615,226000000,33000000,0,0,6000000,0
2025-12-15,3623,2000000,1000000,0,0,0,0
2025-12-15,3624,444000000,486010000,0,0,33722000,16000000
2025-12-15,3625,94000000,107000000,0,0,1000000,909000
2025-12-15,3628,202000000,131000000,0,0,5000000,10116000
2025-12-15,3630,48000000,402000000,0,0,2012000,2128000
2025-12-15,3631,1000000,1000000,0,0,0,0
2025-12-15,3646,0,13000000,0,0,0,0
2025-12-15,3663,373005000,343000000,0,0,115373000,2225000
2025-12-15,3664,1000000,0,0,0,0,0
2025-12-15,3666,8000000,48000000,0,0,0,0
2025-12-15,3672,13000000,6000000,0,0,0,0
2025-12-15,3675,43000000,26000000,0,0,9075000,11536000
2025-12-15,3680,515000000,793000000,0,0,137209000,82054000
2025-12-15,3685,18000000,14000000,0,0,0,0
2025-12-15,3687,21000000,7000000,0,0,0,9000
2025-12-15,3689,394000000,342000000,0,0,2000000,32128000
2025-12-15,3691,188000000,256000000,0,0,8000000,16000000
2025-12-15,3693,82000000,78000000,0,8000000,4029000,10373000
2025-12-15,3707,418000000,243000000,0,0,27000000,16818000
2025-12-15,3709,1100000000,1831000000,0,0,11886000,205975000
2025-12-15,3710,61000000,94000000,0,0,0,0
2025-12-15,3713,0,23000000,0,0,0,0
2025-12-15,4102,0,5000000,0,0,0,0
2025-12-15,4105,246000000,348000000,0,0,44000000,1392000
2025-12-15,4107,7000000,4000000,0,0,0,1000000
2025-12-15,4109,40000000,6000000,0,0,0,0
2025-12-15,4111,1000000,4000000,0,0,0,0
2025-12-15,4113,10000000,12000000,0,0,0,0
2025-12-15,4114,176000000,153000000,0,0,4032000,3454000
2025-12-15,4120,2000000,2000000,0,0,0,0
2025-12-15,4121,8000000,2000000,0,0,0,0
2025-12-15,4123,268058000,63000000,0,0,0,20805000
2025-12-15,4126,1000000,15000000,0,0,0,0
2025-12-15,4127,0,3000000,0,0,0,0
2025-12-15,4128,266000000,138000000,0,0,2000000,10000000
2025-12-15,4129,63000000,73000000,0,0,5000000,22697000
2025-12-15,4130,195000000,23000000,0,0,0,0
2025-12-15,4131,2000000,0,0,0,0,0
2025-12-15,4138,10000000,1000000,0,0,0,0
2025-12-15,4147,61000000,147000000,0,0,7000000,5933000
2025-12-15,4153,0,2000000,0,0,0,0
2025-12-15,4157,0,23000000,0,0,10989000,4000000
2025-12-15,4160,4000000,6000000,0,0,183000,5000
2025-12-15,4161,4000000,7000000,0,0,0,0
2025-12-15,4162,120000000,90000000,0,0,5107000,23739000
2025-12-15,4163,4000000,2000000,0,5000000,1000000,1000000
2025-12-15,4166,13000000,3000000,0,0,0,0
2025-12-15,4167,55000000,151000000,0,0,1000000,285000
2025-12-15,4168,153000000,99000000,0,0,2192000,2102000
2025-12-15,4171,12000000,9000000,0,0,1000000,466000
2025-12-15,4173,17000000,10000000,0,0,0,0
2025-12-15,4174,125396000,177655000,0,0,0,31000
2025-12-15,4175,1000000,2000000,0,0,0,0
2025-12-15,4188,0,1000000,0,0,0,0
2025-12-15,4205,0,8000000,0,0,0,0
2025-12-15,4207,24000000,2000000,0,0,1000000,0
2025-12-15,4303,111150000,95125000,0,0,12000000,40467000
2025-12-15,4401,2000000,6000000,0,0,0,0
2025-12-15,4413,0,1000000,0,0,0,0
2025-12-15,4416,32000000,58000000,0,0,5052000,0
2025-12-15,4417,5000000,1000000,0,0,0,0
2025-12-15,4420,0,1000000,0,0,0,87000
2025-12-15,4432,0,1000000,0,0,0,0
2025-12-15,4433,1000000,0,0,0,0,0
2025-12-15,4442,5000000,1000000,0,0,0,0
2025-12-15,4502,16000000,2000000,0,0,0,0
2025-12-15,4503,80000000,56000000,0,0,0,257000
2025-12-15,4506,6000000,10000000,0,0,0,0
2025-12-15,4510,228300000,84000000,0,0,815000,14522000
2025-12-15,4513,80000000,5000000,0,0,0,1000
2025-12-15,4523,89000000,477000000,0,0,0,0
2025-12-15,4527,1000000,4000000,0,0,0,0
2025-12-15,4528,0,4000000,0,0,0,0
2025-12-15,4530,2000000,0,0,0,18000,0
2025-12-15,4533,180000000,71000000,0,0,5000000,3000000
2025-12-15,4534,35000000,3000000,0,0,0,22000
2025-12-15,4535,0,1000000,0,0,5000000,5000000
2025-12-15,4541,181000000,120000000,0,0,1045000,5296000
2025-12-15,4542,498000000,633000000,0,0,4035000,2353000
2025-12-15,4543,64000000,43000000,0,0,2000000,0
2025-12-15,4549,39000000,12000000,0,30000000,1077000,1743000
2025-12-15,4550,2000000,0,0,0,0,0
2025-12-15,4554,0,4000000,0,0,0,0
2025-12-15,4556,3000000,1000000,0,0,0,0
2025-12-15,4558,0,7000000,0,0,0,33000
2025-12-15,4561,23000000,8000000,0,0,14000,0
2025-12-15,4563,32000000,13000000,0,0,0,1000000
2025-12-15,4577,1363000000,830000000,0,0,2000000,2040000
2025-12-15,4580,5000000,28000000,0,0,0,2000000
2025-12-15,4584,1000000,0,0,0,0,0
2025-12-15,4702,6000000,9000000,0,0,0,0
2025-12-15,4706,1000000,3000000,0,0,0,0
2025-12-15,4707,79000000,3000000,0,0,0,0
2025-12-15,4711,7000000,1000000,0,0,5000000,5630000
2025-12-15,4714,497000000,232000000,0,0,5000,4000000
2025-12-15,4716,57000000,14000000,0,0,0,19000000
2025-12-15,4721,96000000,70000000,0,0,1000000,970000
2025-12-15,4726,66100000,36000000,0,0,0,301000
2025-12-15,4728,0,1000000,0,0,0,0
2025-12-15,4729,122000000,64000000,0,0,0,0
2025-12-15,4735,1000000,1000000,0,0,0,0
2025-12-15,4741,0,2000000,0,0,0,0
2025-12-15,4743,500010000,830000000,0,0,17891000,11403000
2025-12-15,4744,88000000,14000000,0,0,0,0
2025-12-15,4745,39000000,2000000,0,0,0,0
2025-12-15,4749,73000000,504000000,0,0,39070000,130306000
2025-12-15,4760,48000000,48000000,0,0,14000000,23864000
2025-12-15,4768,1117050000,500000000,0,0,56290000,45143000
2025-12-15,4772,109000000,494000000,15000000,0,19000000,81654000
2025-12-15,4806,0,0,0,0,0,9000
2025-12-15,4903,1714015000,1019000000,0,0,19000000,3869000
2025-12-15,4907,3000000,1000000,0,0,0,0
2025-12-15,4908,99000000,65000000,0,0,1170000,1318000
2025-12-15,4909,474000000,237000000,0,0,28997000,11740000
2025-12-15,4911,1000000,0,0,0,0,0
2025-12-15,4923,0,1000000,0,0,0,0
2025-12-15,4924,22000000,1000000,0,0,0,0
2025-12-15,4931,405000000,12500000,0,0,24000000,20000000
2025-12-15,4933,15000000,13000000,0,0,0,30000
2025-12-15,4939,1619000000,1216000000,0,0,1000000,885000
2025-12-15,4946,16000000,0,0,0,0,0
2025-12-15,4950,0,3000000,0,0,0,0
2025-12-15,4951,3000000,8000000,0,0,0,0
2025-12-15,4953,51000000,155000000,0,0,3000000,4367000
2025-12-15,4966,335248000,352120000,0,35000000,35767000,13089000
2025-12-15,4971,2539006000,2491000000,0,0,97674000,30945000
2025-12-15,4972,0,3000000,0,0,0,0
2025-12-15,4973,254000000,240000000,0,0,0,0
2025-12-15,4974,32000000,22000000,0,0,7011000,3000
2025-12-15,4979,3038000000,3901003000,0,578000000,71120000,176523000
2025-12-15,4991,514000000,284000000,0,0,160000000,66000000
2025-12-15,4995,3000000,0,0,0,0,45000
2025-12-15,5009,836000000,356000000,0,4000000,93733000,85368000
2025-12-15,5011,79000000,1000000,0,0,0,0
2025-12-15,5013,4000000,0,0,0,0,0
2025-12-15,5014,22000000,1000000,0,0,0,6000
2025-12-15,5201,144000000,39000000,0,0,0,0
2025-12-15,5202,70000000,29000000,0,0,0,322000
2025-12-15,5206,21000000,5000000,0,0,0,0
2025-12-15,5209,12000000,0,0,0,6501000,4081000
2025-12-15,5210,1000000,11000000,0,0,0,5000
2025-12-15,5213,118000000,21000000,0,0,0,0
2025-12-15,5223,2000000,0,0,0,0,0
2025-12-15,5227,94000000,112000000,0,0,7078000,6673000
2025-12-15,5228,8000000,3000000,0,0,0,0
2025-12-15,5230,13000000,49000000,0,0,0,1000
2025-12-15,5236,29000000,65000000,0,0,1370000,1427000
2025-12-15,5245,2000000,0,0,0,0,0
2025-12-15,5251,62100000,24000000,0,0,2000000,1296000
2025-12-15,5263,56000000,13000000,0,0,0,0
2025-12-15,5272,5000000,4000000,0,0,0,7000
2025-12-15,5274,119778000,112285000,30000000,26300000,5046000,13484000
2025-12-15,5278,34000000,24000000,0,0,0,406000
2025-12-15,5287,6000000,2000000,0,0,0,0
2025-12-15,5289,1120905000,1539000000,0,0,67368000,175919000
2025-12-15,5291,4000000,8000000,0,0,0,0
2025-12-15,5299,6000000,0,0,0,3000000,3000000
2025-12-15,5301,10000000,0,0,0,0,8000
2025-12-15,5302,8000000,7000000,0,0,0,0
2025-12-15,5309,4059200000,4108106000,26000000,0,196509000,634092000
2025-12-15,5312,19000000,11000000,0,0,505000,0
2025-12-15,5314,812750000,1288000000,0,0,38000000,39488000
2025-12-15,5315,111000000,53000000,0,0,0,0
2025-12-15,5321,3000000,2000000,0,0,0,0
2025-12-15,5324,0,11000000,0,0,0,0
2025-12-15,5328,984000000,1323000000,0,0,0,238000
2025-12-15,5340,1120000000,537000000,0,0,6000000,51743000
2025-12-15,5347,1912511000,2614496000,996000000,16495000,155593000,165186000
2025-12-15,5351,795095000,3056000000,0,0,1000000,603000
2025-12-15,5353,4000000,1000000,0,0,0,0
2025-12-15,5355,0,37000000,0,0,0,19000
2025-12-15,5356,3000000,17000000,0,0,0,0
2025-12-15,5364,18000000,40000000,0,0,0,0
2025-12-15,5371,1055000000,1129200000,280000000,0,279151000,88169000
2025-12-15,5381,532000000,593000000,0,0,1000000,734000
2025-12-15,5386,59000000,231000000,0,0,0,2387000
2025-12-15,5392,332000000,218000000,0,0,25100000,14596000
2025-12-15,5398,44000000,281000000,0,0,0,0
2025-12-15,5403,24000000,3000000,0,0,0,0
2025-12-15,5410,47000000,31000000,0,0,0,275000
2025-12-15,5425,400000000,470000000,0,0,27000000,218787000
2025-12-15,5426,127000000,43000000,0,0,2199000,1687000
2025-12-15,5432,184000000,141000000,0,0,0,0
2025-12-15,5438,90000000,12000000,0,0,0,0
2025-12-15,5439,2648000000,4038000000,550000000,0,234146000,232513000
2025-12-15,5443,329000000,152000000,0,0,44000000,4919000
2025-12-15,5450,0,0,0,0,1000000,0
2025-12-15,5452,246000000,183000000,0,0,239000,0
2025-12-15,5455,0,0,0,0,67000,1000
2025-12-15,5457,122000000,40000000,34000000,0,6386000,5285000
2025-12-15,5460,0,1000000,0,0,0,0
2025-12-15,5464,6000000,5000000,0,0,0,0
2025-12-15,5465,68000000,92000000,0,0,1675000,0
2025-12-15,5468,69000000,33000000,0,0,0,0
2025-12-15,5474,39000000,7000000,0,0,538000,9910000
2025-12-15,5475,242000000,243000000,0,0,3000000,3000000
2025-12-15,5478,32000000,39000000,0,0,1000000,380000
2025-12-15,5481,132000000,81000000,0,0,0,0
2025-12-15,5483,889000000,884000000,0,357336000,54000000,19568000
2025-12-15,5487,2000000,4000000,0,0,0,0
2025-12-15,5490,32000000,20000000,0,0,0,458000
2025-12-15,5493,142000000,210000000,0,0,2052000,0
2025-12-15,5498,10448010000,5622005000,0,0,846778000,366895000
2025-12-15,5508,518000000,131000000,0,1000000,13156000,1565000
2025-12-15,5511,0,17000000,0,0,0,0
2025-12-15,5512,607000000,28000000,0,0,0,0
2025-12-15,5520,1000000,0,0,0,0,0
2025-12-15,5523,1000000,1000000,0,0,0,0
2025-12-15,5529,7000000,0,0,0,0,0
2025-12-15,5530,70000000,63000000,0,0,0,0
2025-12-15,5536,1138030000,1209000000,343000000,29000000,102563000,64306000
2025-12-15,5548,0,6000000,0,0,0,0
2025-12-15,5603,0,0,0,0,1000000,5000
2025-12-15,5609,50000000,2000000,0,0,4000,0
2025-12-15,5701,0,0,0,0,10000,0
2025-12-15,5704,1000000,4000000,0,0,0,0
2025-12-15,5864,53000000,26000000,0,0,0,0
2025-12-15,5902,1000000,1000000,0,0,0,0
2025-12-15,5903,38010000,27025000,0,8000000,26000000,4181000
2025-12-15,5904,24000000,28000000,0,0,2000000,154000
2025-12-15,5905,339000000,76333000,0,0,0,3000
2025-12-15,6015,25000000,1000000,0,0,0,0
2025-12-15,6016,205000000,74000000,0,0,0,0
2025-12-15,6021,13000000,4000000,0,0,0,0
2025-12-15,6023,5000000,9000000,0,0,0,0
2025-12-15,6026,40000000,18000000,0,0,0,0
2025-12-15,6101,1000000,0,0,0,0,0
2025-12-15,6104,249000000,602000000,0,0,9415000,7277000
2025-12-15,6109,2000000,0,0,0,1000000,2193000
2025-12-15,6111,88000000,41000000,0,0,293000,6128000
2025-12-15,6113,71000000,169000000,0,0,1000000,680000
2025-12-15,6114,7000000,1000000,0,0,21000,603000
2025-12-15,6118,67000000,113000000,0,0,0,0
2025-12-15,6121,425061000,463000000,12000000,63101000,1356000,15030000
2025-12-15,6122,26100000,36000000,0,0,0,0
2025-12-15,6123,1000000,5000000,0,0,1000000,116000
2025-12-15,6124,0,14000000,0,0,0,0
2025-12-15,6125,505000000,1624000000,0,0,26607000,61140000
2025-12-15,6126,186000000,86000000,0,0,0,0
2025-12-15,6127,2820000000,2057000000,0,0,121017000,575000
2025-12-15,6129,43000000,8000000,0,0,1000000,1608000
2025-12-15,6130,62000000,185000000,0,0,0,0
2025-12-15,6134,162000000,171000000,0,0,5000000,5362000
2025-12-15,6138,51000000,105000000,0,2000000,1010000,6026000
2025-12-15,6140,19000000,7000000,0,0,22000,0
2025-12-15,6143,38000000,158000000,0,0,23019000,15585000
2025-12-15,6146,35000000,42000000,0,0,0,0
2025-12-15,6147,336000000,331000000,0,6000000,3000000,8108000
2025-12-15,6148,122000000,19000000,0,0,0,69000
2025-12-15,6150,31000000,26000000,0,0,0,1000
2025-12-15,6151,34000000,8000000,0,0,0,0
2025-12-15,6154,0,1000000,0,0,0,0
2025-12-15,6156,90000000,62000000,0,0,0,0
2025-12-15,6158,0,4000000,0,0,0,0
2025-12-15,6160,5000000,1000000,0,0,17000,45000
2025-12-15,6161,36000000,23000000,0,0,0,0
2025-12-15,6163,64500000,248000000,0,0,62000000,103000000
2025-12-15,6167,70000000,5000000,0,0,0,0
2025-12-15,6169,0,1000000,0,0,0,0
2025-12-15,6170,26000000,11000000,0,0,0,0
2025-12-15,6171,2000000,1000000,0,0,0,0
2025-12-15,6173,1191000000,1032000000,0,0,81000000,185179000
2025-12-15,6174,14000000,1000000,0,0,3000,0
2025-12-15,6175,392000000,800000000,0,0,41000000,241174000
2025-12-15,6179,264000000,444000000,0,0,0,2716000
2025-12-15,6180,129000000,79000000,0,0,1000000,752000
2025-12-15,6182,918000000,1070000000,0,0,337000000,448746000
2025-12-15,6185,35000000,33000000,0,0,5000000,11000000
2025-12-15,6186,60000000,84000000,0,0,1000000,810000
2025-12-15,6187,192000000,433000000,0,0,15708000,24512000
2025-12-15,6188,334000000,706000000,106000000,0,13267000,28412000
2025-12-15,6190,913000000,920000000,0,0,79648000,39288000
2025-12-15,6194,26000000,4000000,0,0,0,0
2025-12-15,6195,1000000,4000000,0,0,0,0
2025-12-15,6199,38000000,14000000,0,0,113000,6000000
2025-12-15,006201,0,0,0,0,5000000,51000000
2025-12-15,6203,49000000,147000000,0,0,2000000,2616000
2025-12-15,6204,6000000,29000000,0,0,0,0
2025-12-15,6207,111000000,58000000,0,0,5624000,3446000
2025-12-15,6208,29000000,15000000,0,0,0,0
2025-12-15,6210,3000000,3000000,0,0,0,0
2025-12-15,6212,0,1000000,0,0,991000,1000000
2025-12-15,6217,439000000,1649000000,0,0,57415000,12064000
2025-12-15,6218,47000000,29000000,0,0,1000000,492000
2025-12-15,6219,25000000,0,0,0,0,0
2025-12-15,6220,175000000,39000000,0,0,17000000,0
2025-12-15,6221,27000000,16000000,0,0,0,0
2025-12-15,6222,2000000,2000000,0,0,0,0
2025-12-15,6223,210013000,276016000,96000000,13000000,28580000,35092000
2025-12-15,6227,23000000,11000000,0,0,10000000,20121000
2025-12-15,6229,0,3000000,0,0,0,0
2025-12-15,6231,146000000,40000000,0,0,15205000,5171000
2025-12-15,6233,114000000,32000000,0,0,0,0
2025-12-15,6234,121000000,281000000,0,0,0,0
2025-12-15,6237,79000000,17000000,0,0,200000,533000
2025-12-15,6241,0,6000000,0,0,0,0
2025-12-15,6244,2870000000,2732000000,0,0,166839000,32020000
2025-12-15,6245,81000000,58000000,0,0,4011000,1696000
2025-12-15,6246,1000000,1000000,0,0,27000,0
2025-12-15,6248,59000000,1000000,0,0,0,0
2025-12-15,6259,39000000,6000000,0,0,0,85000
2025-12-15,6261,135000000,28000000,0,0,0,2000000
2025-12-15,6263,42000000,0,0,0,41000,0
2025-12-15,6265,1628000000,1243000000,0,0,30000000,9000000
2025-12-15,6266,27000000,25000000,0,0,2000000,1541000
2025-12-15,6270,3000000,1000000,0,0,0,0
2025-12-15,6274,1969205000,3574000000,482000000,243000000,226994000,420041000
2025-12-15,6275,353000000,194000000,0,0,21000000,0
2025-12-15,6276,6000000,2000000,0,0,0,0
2025-12-15,6279,51000000,34000000,0,0,1331000,1602000
2025-12-15,6284,72000000,327000000,0,0,1000000,17207000
2025-12-15,6290,1000012000,1853000000,0,0,175435000,33505000
2025-12-15,6291,120000000,148000000,0,0,6162000,1678000
2025-12-15,6292,1000000,1000000,0,0,0,0
2025-12-15,6294,3000000,2000000,0,0,0,0
2025-12-15,6411,68000000,49000000,0,0,0,164000
2025-12-15,6417,4000000,2000000,0,0,0,0
2025-12-15,6418,85000000,25000000,0,0,0,0
2025-12-15,6419,124000000,175000000,0,0,1000000,5000000
2025-12-15,6425,344000000,568000000,0,0,0,0
2025-12-15,6432,83000000,152000000,0,0,0,0
2025-12-15,6435,55000000,80000000,0,0,0,0
2025-12-15,6441,4000000,0,0,0,0,0
2025-12-15,6461,15000000,5000000,0,0,0,1000
2025-12-15,6462,253000000,159000000,0,0,24926000,28997000
2025-12-15,6465,67000000,1000000,0,0,18673000,17000000
2025-12-15,6469,291000000,215000000,0,0,17290000,8455000
2025-12-15,6470,17000000,14000000,0,0,9000000,9034000
2025-12-15,6474,0,0,0,0,0,118000
2025-12-15,6482,1000000,0,0,0,0,0
2025-12-15,6485,216000000,228000000,0,0,3000000,3000000
2025-12-15,6486,6000000,40000000,0,0,0,0
2025-12-15,6488,914508000,1408115000,0,56122000,177500000,179370000
2025-12-15,6492,50000000,29000000,0,0,0,54000
2025-12-15,6494,1000000,5000000,0,0,0,0
2025-12-15,6496,0,1000000,0,0,0,0
2025-12-15,6498,24000000,5000000,0,0,430000,0
2025-12-15,6499,33000000,91000000,0,0,0,539000
2025-12-15,6506,116000000,118000000,0,0,0,0
2025-12-15,6508,1000000,1000000,0,0,0,0
2025-12-15,6509,126000000,130000000,52000000,0,3000000,3000000
2025-12-15,6510,746006000,868003000,257000000,0,72398000,138444000
2025-12-15,6516,15000000,0,0,0,0,0
2025-12-15,6517,39000000,26000000,0,0,1000000,968000
2025-12-15,6523,6000000,0,0,0,0,0
2025-12-15,6530,297000000,258000000,0,0,0,0
2025-12-15,6532,20000000,12000000,0,0,0,0
2025-12-15,6535,26000000,33000000,0,0,0,430000
2025-12-15,6538,11000000,49000000,0,0,4000000,4000000
2025-12-15,6542,0,2000000,0,0,0,0
2025-12-15,6546,108000000,275000000,0,0,549000,3998000
2025-12-15,6547,96100000,358000000,0,0,5040000,12748000
2025-12-15,6548,452000000,718000000,0,0,6000000,15142000
2025-12-15,6560,11000000,16000000,0,0,0,0
2025-12-15,6561,21000000,47000000,0,0,0,0
2025-12-15,6568,52000000,65000000,0,0,1727000,1100000
2025-12-15,6569,1000000,0,0,0,0,0
2025-12-15,6570,6000000,0,0,0,0,0
2025-12-15,6576,67000000,3000000,0,0,92000,0
2025-12-15,6577,4000000,5000000,0,0,0,0
2025-12-15,6578,4000000,34000000,0,0,0,0
2025-12-15,6584,484000000,234000000,0,0,12185000,12455000
2025-12-15,6588,328000000,297000000,0,0,6611000,0
2025-12-15,6593,14000000,1000000,0,0,0,0
2025-12-15,6596,100000000,35000000,0,0,2000000,10879000
2025-12-15,6603,1751000000,1250000000,0,0,16088000,14897000
2025-12-15,6609,88000000,7000000,0,0,345000,0
2025-12-15,6612,7000000,1000000,0,0,0,0
2025-12-15,6613,66000000,36000000,0,0,201000,1050000
2025-12-15,6616,0,1000000,0,0,0,0
2025-12-15,6617,153000000,108000000,0,0,103000,0
2025-12-15,6624,1000000,0,0,0,0,4000000
2025-12-15,6629,11000000,6000000,0,0,1064000,0
2025-12-15,6640,52000000,22000000,0,0,3598000,1837000
2025-12-15,6642,9000000,16000000,0,0,0,0
2025-12-15,6643,52050000,186000000,0,0,24111000,28001000
2025-12-15,6649,2000000,5000000,0,0,1000000,0
2025-12-15,6651,18000000,11000000,0,0,0,0
2025-12-15,6654,1000000,2000000,0,0,0,0
2025-12-15,6664,341000000,236000000,21000000,0,14407000,8624000
2025-12-15,6667,416000000,226000000,0,0,46518000,27622000
2025-12-15,6679,60000000,26000000,0,42000000,2365000,4796000
2025-12-15,6680,2000000,1000000,0,0,0,0
2025-12-15,6683,115000000,99000000,0,0,22221000,14957000
2025-12-15,6684,41000000,22000000,0,0,0,45000
2025-12-15,6690,15000000,3000000,0,0,0,0
2025-12-15,6692,2000000,2000000,0,0,0,0
2025-12-15,6693,45000000,16000000,0,0,0,2000000
2025-12-15,6703,5000000,2000000,0,0,0,0
2025-12-15,6712,46020000,52000000,0,0,0,5508000
2025-12-15,6716,5000000,7000000,0,0,0,0
2025-12-15,6727,175000000,301000000,0,0,17000000,10000000
2025-12-15,6732,28000000,6000000,0,0,2820000,1217000
2025-12-15,6733,182000000,14000000,0,0,0,1016000
2025-12-15,6735,3000000,8000000,0,0,9523000,9174000
2025-12-15,6739,103000000,129000000,9000000,0,1138000,20400000
2025-12-15,6741,69000000,87000000,0,0,1000000,444000
2025-12-15,6751,9000000,0,0,0,0,0
2025-12-15,6752,10000000,14000000,0,0,72000,1000
2025-12-15,6761,27000000,30000000,0,0,1010000,11533000
2025-12-15,6763,140000000,109000000,0,0,2000000,4860000
2025-12-15,6785,21000000,48000000,0,0,1000000,1196000
2025-12-15,6788,1588000000,532000000,0,0,170237000,20047000
2025-12-15,6791,8000000,1000000,0,0,1000,0
2025-12-15,6803,3000000,7000000,0,0,0,0
2025-12-15,6804,1000000,1000000,0,0,1000000,0
2025-12-15,6811,19000000,29000000,0,0,2000000,1321000
2025-12-15,6821,6000000,13000000,0,0,0,0
2025-12-15,6823,128000000,41000000,0,0,0,16000
2025-12-15,6829,46000000,19000000,0,0,4098000,2145000
2025-12-15,6841,54000000,16000000,0,0,0,1507000
2025-12-15,6846,0,1000000,0,0,0,0
2025-12-15,6859,20000000,19000000,0,0,0,212000
2025-12-15,6870,41000000,15000000,0,0,5205000,4000000
2025-12-15,6874,2000000,1000000,0,0,0,0
2025-12-15,6875,132000000,17000000,0,0,0,0
2025-12-15,6877,5000000,8000000,0,0,0,1000000
2025-12-15,6881,0,2500000,0,0,0,0
2025-12-15,6894,0,8000000,0,0,0,0
2025-12-15,6895,68000000,25000000,0,0,1000000,2248000
2025-12-15,6903,575000000,432000000,0,0,1997000,0
2025-12-15,6910,3000000,44000000,0,0,0,0
2025-12-15,6913,19000000,9000000,0,0,0,10095000
2025-12-15,6922,10000000,4000000,0,0,0,745000
2025-12-15,6925,33000000,8000000,0,0,120000,10000
2025-12-15,6953,3000000,7000000,0,0,0,0
2025-12-15,6967,58000000,83000000,0,0,2086000,0
2025-12-15,6968,8000000,1000000,0,0,0,0
2025-12-15,6971,1000000,7000000,0,0,0,0
2025-12-15,6982,26000000,1000000,0,0,0,0
2025-12-15,6996,5000000,9000000,0,0,0,0
2025-12-15,7402,19000000,0,0,0,0,0
2025-12-15,7547,5000000,1000000,0,0,0,0
2025-12-15,7556,9000000,0,0,0,0,1000000
2025-12-15,7642,5000000,3000000,0,0,0,0
2025-12-15,7703,82000000,51000000,0,0,4000000,6360000
2025-12-15,7704,2000000,1000000,0,0,0,0
2025-12-15,7712,161000000,53000000,0,0,0,8000000
2025-12-15,7714,117000000,43000000,0,0,0,0
2025-12-15,7715,36000000,1000000,0,0,0,0
2025-12-15,7717,55000000,43000000,0,0,4786000,14000000
2025-12-15,7718,2000000,1000000,0,0,0,0
2025-12-15,7723,21000000,17000000,0,0,0,0
2025-12-15,7728,4000000,2000000,0,0,0,3644000
2025-12-15,7734,8000000,2000000,0,0,48000,0
2025-12-15,7738,7001000,0,0,0,0,0
2025-12-15,7744,8000000,14000000,0,0,0,0
2025-12-15,7751,7000000,4020000,0,0,10000000,517000
2025-12-15,7753,0,1000000,0,0,0,0
2025-12-15,7757,2000000,0,0,0,0,0
2025-12-15,7767,6000000,28000000,0,0,0,0
2025-12-15,7770,0,1000000,0,0,0,0
2025-12-15,7782,10000000,0,0,0,0,0
2025-12-15,8027,658000000,430000000,0,0,74040000,47173000
2025-12-15,8032,44000000,9000000,0,0,0,2033000
2025-12-15,8034,292000000,427000000,0,0,0,0
2025-12-15,8038,110000000,68000000,0,0,0,0
2025-12-15,8040,20000000,15000000,0,0,0,3000
2025-12-15,8042,1078000000,1411000000,0,0,6520000,10039000
2025-12-15,8043,2168000000,2919000000,0,0,64215000,36603000
2025-12-15,8044,210000000,56000000,0,0,0,0
2025-12-15,8047,25000000,10000000,0,0,1000000,0
2025-12-15,8048,197000000,69000000,0,0,0,2000000
2025-12-15,8049,40000000,0,0,0,0,43000
2025-12-15,8050,107000000,17000000,0,0,0,795000
2025-12-15,8054,699000000,759000000,0,0,102250000,66568000
2025-12-15,8059,163000000,64000000,0,0,0,5000000
2025-12-15,8064,533000000,256000000,0,0,115748000,5781000
2025-12-15,8066,1000000,5000000,0,0,0,0
2025-12-15,8068,174000000,65000000,0,0,0,0
2025-12-15,8069,1682576000,2159906000,0,7427000,108684000,80338000
2025-12-15,8071,28000000,4000000,0,0,0,0
2025-12-15,8074,990000000,1191000000,0,0,2127000,1455000
2025-12-15,8076,123000000,56000000,0,0,298000,3001000
2025-12-15,8080,0,0,0,0,0,1000
2025-12-15,8083,3000000,2000000,0,0,0,0
2025-12-15,8084,0,0,0,0,123999000,0
2025-12-15,8085,158000000,260000000,0,0,0,2000
2025-12-15,8086,867000000,895000000,0,0,193927000,94591000
2025-12-15,8087,1000000,0,0,0,0,0
2025-12-15,8088,397000000,418000000,0,0,0,0
2025-12-15,8089,150000000,181000000,0,0,5008000,4000000
2025-12-15,8091,39000000,14000000,0,0,0,99000
2025-12-15,8092,7000000,1000000,0,0,0,0
2025-12-15,8096,718000000,429000000,0,0,11002000,299535000
2025-12-15,8097,37000000,20000000,0,0,1015000,32137000
2025-12-15,8099,50000000,4000000,0,0,182000,0
2025-12-15,8107,7000000,0,0,0,0,374000
2025-12-15,8109,11000000,7000000,0,0,20000,0
2025-12-15,8111,246000000,6000000,0,0,3000000,19000000
2025-12-15,8121,76000000,20000000,0,0,20000,13000
2025-12-15,8147,71000000,8000000,0,0,3899000,2100000
2025-12-15,8155,227000000,178000000,0,0,10177000,40139000
2025-12-15,8171,36000000,95000000,0,0,0,0
2025-12-15,8176,0,0,0,0,1000000,805000
2025-12-15,8182,0,1000000,0,0,0,0
2025-12-15,8183,32000000,61000000,0,0,3000000,6000
2025-12-15,8227,76000000,35000000,0,0,2000000,5021000
2025-12-15,8234,598400000,187400000,0,0,6259000,6966000
2025-12-15,8240,37000000,16000000,0,0,0,2000
2025-12-15,8255,14000000,54000000,0,0,2000000,3237000
2025-12-15,8277,234000000,42000000,0,0,30000,85000
2025-12-15,8279,2000000,10000000,0,0,0,0
2025-12-15,8284,2000000,1000000,0,0,180000,0
2025-12-15,8289,4000000,0,0,0,0,0
2025-12-15,8299,2917787000,3395040000,53000000,100000000,682427000,215841000
2025-12-15,8349,6000000,1000000,0,0,0,0
2025-12-15,8354,10000000,0,0,0,0,0
2025-12-15,8358,6447235000,6011400000,155000000,0,434514000,887219000
2025-12-15,8383,107000000,40000000,0,0,0,0
2025-12-15,8390,1291000000,505000000,0,0,56467000,7912000
2025-12-15,8401,1000000,2000000,0,0,0,0
2025-12-15,8403,13050000,1000000,0,0,0,0
2025-12-15,8409,0,0,0,0,0,8000
2025-12-15,8410,1000000,8000000,0,0,0,0
2025-12-15,8415,52000000,27000000,0,0,0,68186000
2025-12-15,8421,1000000,1000000,0,0,0,0
2025-12-15,8424,0,1000000,0,0,0,0
2025-12-15,8426,1000000,0,0,0,0,0
2025-12-15,8431,1314100000,1188000000,0,0,6046000,0
2025-12-15,8432,3000000,0,0,0,3000000,0
2025-12-15,8433,5000000,3000000,0,0,0,0
2025-12-15,8435,15000000,1000000,0,0,0,0
2025-12-15,8436,297000000,159000000,0,0,24776000,18127000
2025-12-15,8437,0,1000000,0,0,0,0
2025-12-15,8440,25000000,27000000,0,0,308000,0
2025-12-15,8444,10000000,30000000,0,0,0,0
2025-12-15,8446,15000000,15000000,0,0,0,0
2025-12-15,8450,10000000,1000000,0,0,0,0
2025-12-15,8472,17000000,0,0,0,0,0
2025-12-15,8489,2000000,5000000,0,0,0,0
2025-12-15,8906,6000000,1000000,0,0,0,0
2025-12-15,8908,2000000,14000000,0,0,0,0
2025-12-15,8916,17000000,24000000,0,0,0,59000000
2025-12-15,8924,7000000,2000000,0,0,0,0
2025-12-15,8927,253883000,154000000,0,0,1000000,0
2025-12-15,8930,7000000,0,0,0,0,0
2025-12-15,8931,3000000,4000000,0,0,0,1000000
2025-12-15,8932,479000000,157000000,0,0,55778000,38005000
2025-12-15,8933,31000000,3000000,0,0,1000000,402000
2025-12-15,8935,317000000,289000000,0,0,2317000,2106000
2025-12-15,8936,406000000,334000000,0,0,0,1100000
2025-12-15,8937,10000000,21000000,0,0,0,18100000
2025-12-15,8938,51000000,4009000,0,0,0,0
2025-12-15,8942,18000000,6000000,0,0,1000000,0
2025-12-15,009806,0,0,0,0,13278000,16586000
2025-12-15,009807,0,0,0,0,0,24845000
2025-12-15,9949,6000000,5000000,0,0,0,0
2025-12-15,9951,1000000,14000000,0,0,0,0
2025-12-15,9960,0,7000000,0,0,0,0
2025-12-15,9962,0,1000000,0,0,0,0
2025-12-15,020025,0,0,0,0,84000000,3000000
2025-12-15,020027,0,0,0,0,2000000,0
2025-12-15,020033,0,0,0,0,143000000,11000000
2025-12-15,020035,0,0,0,0,7000000,0
2025-12-16,2887,85616634000,139036408000,147867000000,11836000000,3182601000,7269570000
2025-12-16,00632R,394000000,40011000000,0,0,78434628000,4688510000
2025-12-16,2303,67373157000,23447258000,3782531000,27329113000,3833537000,1383793000
2025-12-16,00712,18570000000,408000000,0,0,4248999000,2070979000
2025-12-16,2867,17863002000,4219450000,0,0,712000000,32000000
2025-12-16,2883,27054905000,16680123000,1792000000,852000000,2949565000,1364786000
2025-12-16,00680L,0,45000000,0,0,12525000000,12389000
2025-12-16,00953B,5260000000,275000000,0,0,8537187000,1680000000
2025-12-16,00664R,0,0,0,0,12357400000,961000000
2025-12-16,2892,41494515000,13169913000,0,18517000000,760484000,660000000
2025-12-16,2884,32247711000,35137027000,11995000000,98000000,630372000,987497000
2025-12-16,2880,13510610000,14424669000,5855000000,373000000,2536625000,396000000
2025-12-16,5521,23121000000,16373000000,0,0,93564000,419404000
2025-12-16,8422,9022120000,15212200000,11236000000,9000000,1204400000,498195000
2025-12-16,00673R,0,0,0,0,5311793000,21000000
2025-12-16,00713,132198000,147000000,0,0,5244238000,535582000
2025-12-16,3711,16829976000,12183667000,249342000,767000000,719934000,481372000
2025-12-16,00671R,0,0,0,0,9720000000,5516247000
2025-12-16,3037,11237852000,6340293000,154000000,775421000,242793000,752486000
2025-12-16,2890,15296832000,12071329000,1687000000,2433000000,1979393000,764659000
2025-12-16,2312,7068740000,6607000000,1143000000,0,2562751000,716542000
2025-12-16,00688L,142000000,0,0,0,3612490000,316196000
2025-12-16,8110,1053100000,761425000,0,0,3200000000,70000000
2025-12-16,5871,6210355000,4237064000,1104000000,113929000,171103000,75676000
2025-12-16,2349,8987433000,5906000000,0,0,18035000,60830000
2025-12-16,8039,8501400000,5035780000,0,0,195522000,673416000
2025-12-16,9105,4107000000,1112000000,0,0,0,47000000
2025-12-16,00945B,1210000000,0,0,0,3536412000,1801206000
2025-12-16,1504,10488245000,5826450000,0,1801228000,474187000,405432000
2025-12-16,5880,10338356000,7732902000,0,6000000,762196000,469000000
2025-12-16,00985B,2559000000,1000000,0,0,2700627000,2467000000
2025-12-16,2323,7862000000,5083000000,0,0,138000000,234000000
2025-12-16,00861,381304000,3000000,0,0,2479000000,181666000
2025-12-16,2485,25182680000,22807000000,0,0,776858000,498940000
2025-12-16,9904,6454844000,4682000000,431000000,12816000,603405000,379000000
2025-12-16,2377,4780734000,4115043000,1237534000,11000000,464605000,168170000
2025-12-16,00686R,0,10000000,0,0,2464000000,535000000
2025-12-16,1303,18081885000,13919272000,43000000,347465000,738246000,2703667000
2025-12-16,2324,14732910000,6864000000,215000000,7085039000,1138324000,296491000
2025-12-16,8150,5868100000,3170250000,0,6778000,75295000,1034907000
2025-12-16,00960,70000000,19000000,0,0,1891000000,270000000
2025-12-16,2402,4231943000,2456000000,0,0,211151000,400084000
2025-12-16,2609,6902133000,5305160000,8300000,200000000,333000000,179192000
2025-12-16,5522,3410000000,2118500000,163000000,0,137482000,38300000
2025-12-16,00941,168000000,17000000,0,0,1503263000,183008000
2025-12-16,2504,4475000000,2194000000,0,969131000,134982000,55283000
2025-12-16,00939,3000000,657100000,0,0,3645998000,1629966000
2025-12-16,00648R,0,15000000,0,0,1447000000,93000000
2025-12-16,00965,114000000,260000000,0,150000000,2531892000,903993000
2025-12-16,00676R,0,0,0,0,2017950000,691520000
2025-12-16,2603,4138694000,3114135000,3600000,107256000,539402000,220273000
2025-12-16,00915,21200000,292000000,0,0,2621453000,1212392000
2025-12-16,2889,2370000000,1243373000,0,9000000,139000000,156000000
2025-12-16,2388,2765448000,1746030000,0,0,187522000,126839000
2025-12-16,00961,21000000,318000000,0,0,1478694000,106598000
2025-12-16,2812,4655060000,3784316000,0,0,317000000,261000000
2025-12-16,00738U,133000000,132000000,0,0,3755358000,2872178000
2025-12-16,5876,5997890000,5949407000,0,18000000,1006000000,191000000
2025-12-16,8131,2166762000,1352000000,0,0,24000000,24568000
2025-12-16,3665,2191230000,1273471000,180000000,267000000,60915000,155922000
2025-12-16,00924,458320000,4000000,0,0,2383999000,2134665000
2025-12-16,2542,3796008000,1511492000,0,1624000000,101000000,101572000
2025-12-16,00651R,26000000,0,0,0,949159000,316799000
2025-12-16,2851,961000000,232000000,0,0,46000000,126000000
2025-12-16,6706,3033000000,2118765000,0,0,56646000,330927000
2025-12-16,3060,5946000000,5329000000,0,0,6000000,9777000
2025-12-16,2845,2134945000,1511240000,0,12000000,201000000,201000000
2025-12-16,1216,6961200000,11947094000,4805000000,37760000,993989000,201461000
2025-12-16,00638R,0,0,0,0,929000000,379000000
2025-12-16,00910,4530000,460072000,0,0,1177566000,191874000
2025-12-16,6919,2045973000,1567272000,0,0,81511000,49000000
2025-12-16,3010,884200000,834000000,439000000,8454000,28012000,17000000
2025-12-16,1711,799000000,317000000,0,0,11001000,6293000
2025-12-16,6139,3788100000,3151185000,102380000,21000000,163214000,399614000
2025-12-16,00982D,3635000000,55000000,0,0,1984090000,5107000000
2025-12-16,3033,586000000,124000000,0,8081000,31506000,33905000
2025-12-16,8112,3761100000,2968250000,0,14013000,230649000,558179000
2025-12-16,4977,2448954000,1286200000,0,480000000,10000000,252017000
2025-12-16,00983D,23000000,13000000,0,0,1397002000,984373000
2025-12-16,2486,2310000000,1613013000,0,0,80996000,356002000
2025-12-16,4764,1181000000,775000000,0,0,20000000,14147000
2025-12-16,1587,903952000,501788000,0,0,1000000,1000000
2025-12-16,00641R,0,0,0,0,990699000,590000000
2025-12-16,3376,1447787000,872894000,0,0,63763000,252847000
2025-12-16,00634R,0,21000000,0,0,409000000,14000000
2025-12-16,00963,174000000,0,0,0,255796000,57225000
2025-12-16,2368,3136887000,2660298000,342930000,0,251483000,706665000
2025-12-16,2495,1637000000,1264000000,0,0,9000000,19212000
2025-12-16,6541,544000000,220762000,0,0,52000000,13000000
2025-12-16,6550,561000000,199459000,0,0,25872000,28000000
2025-12-16,9907,1736000000,2981000000,1595000000,7780000,62000000,51028000
2025-12-16,7769,709038000,418866000,83639000,0,19000000,41000000
2025-12-16,6830,598059000,315641000,0,0,73338000,6712000
2025-12-16,00666R,9000000,0,0,0,326008000,5000000
2025-12-16,3450,3050055000,2555329000,0,0,108514000,279292000
2025-12-16,2836,608000000,297362000,0,0,83000000,86001000
2025-12-16,2881,22536459000,8598600000,380000000,14647081000,1526382000,890637000
2025-12-16,00643,62000000,205000000,0,0,2957345000,2514824000
2025-12-16,3025,604000000,310000000,0,0,3487000,0
2025-12-16,1560,2385000000,1893000000,43000000,3000000,88457000,324431000
2025-12-16,00693U,45000000,27000000,0,0,512000000,236908000
2025-12-16,6890,673000000,273787000,0,84000000,22000000,46433000
2025-12-16,00897,390000000,1000000,0,0,143000000,244790000
2025-12-16,2374,1130069000,729955000,0,0,32000000,145758000
2025-12-16,1611,672000000,385000000,0,0,7033000,16092000
2025-12-16,2478,524273000,226000000,0,0,4000000,24734000
2025-12-16,00936,0,27000000,0,0,2304052000,1999526000
2025-12-16,6426,2214000000,1930000000,0,0,1000000,11697000
2025-12-16,2493,533490000,226756000,0,0,13348000,47667000
2025-12-16,6415,2066104000,2032023000,198000000,0,94461000,57371000
2025-12-16,00653L,0,5000000,0,0,265730000,1060000
2025-12-16,00717,11000000,2000000,0,0,249000000,0
2025-12-16,3708,357876000,120000000,0,3000000,22700000,5043000
2025-12-16,2399,602000000,358000000,0,0,6000000,619000
2025-12-16,2103,930000000,793000000,0,0,128000000,23013000
2025-12-16,5515,459000000,235600000,0,0,29000000,18264000
2025-12-16,00895,11300000,9000000,0,0,666000000,439673000
2025-12-16,6944,720000000,588000000,115000000,0,76285000,100383000
2025-12-16,1215,636080000,2469000000,2125000000,101000000,34233000,22335000
2025-12-16,00865B,5000000,173000000,0,0,752436000,384065000
2025-12-16,2520,7272600000,1819702000,0,5420000000,226914000,62001000
2025-12-16,6196,2150000000,943950000,50000000,1026000000,51179000,84799000
2025-12-16,00708L,92012000,55000000,0,0,1400825000,1244190000
2025-12-16,1712,246000000,123000000,0,0,77276000,13000000
2025-12-16,6166,364390000,191000000,0,0,21199000,8593000
2025-12-16,6831,191000000,123000000,141000000,0,0,30000000
2025-12-16,3048,632000000,452000000,0,0,14000000,16607000
2025-12-16,2404,1581060000,1668150000,561640000,300378000,224619000,224785000
2025-12-16,8103,1005200000,874803000,0,0,50000000,11623000
2025-12-16,1702,203429000,68000000,0,3576000,44000000,9000000
2025-12-16,2301,6393007000,8199623000,1696130000,17000000,530898000,240027000
2025-12-16,8011,365000000,228000000,0,0,24000000,3000000
2025-12-16,3031,229000000,72000000,0,0,5000000,5000000
2025-12-16,4564,251003000,95660000,0,0,4000000,7000000
2025-12-16,3047,501000000,376000000,0,0,28003000,5000000
2025-12-16,5534,250000000,95200000,0,0,12000000,19297000
2025-12-16,6451,455000000,220100000,0,0,3000000,92193000
2025-12-16,2727,287880000,145718000,0,4171000,11305000,4400000
2025-12-16,00986A,0,333000000,0,0,669000000,191369000
2025-12-16,4960,283000000,157000000,0,0,17000000,0
2025-12-16,3673,758000000,395300000,0,0,49160000,271999000
2025-12-16,1808,1023009000,877660000,0,0,32000000,39000000
2025-12-16,00669R,0,0,0,0,678312000,543000000
2025-12-16,2413,7354000000,7220000000,0,0,1000000,120000
2025-12-16,00731,2000000,0,0,0,930975000,805137000
2025-12-16,2427,229000000,115409000,0,0,5000000,0
2025-12-16,02001R,0,0,0,0,114000000,0
2025-12-16,2637,3583000000,3471000000,5600000,8242000,234034000,232289000
2025-12-16,2428,246297000,134000000,17000000,0,11217000,31945000
2025-12-16,6994,175000000,87000000,0,0,20205000,1000
2025-12-16,2464,275011000,158067000,0,0,6000000,15573000
2025-12-16,6446,820428000,721298000,19000000,0,20003000,30789000
2025-12-16,2832,178000000,112500000,0,0,44000000,4000000
2025-12-16,3607,341200000,227000000,0,0,0,9000000
2025-12-16,2468,246000000,143000000,0,0,4000000,3479000
2025-12-16,3550,114000000,15731000,0,0,2000000,3698000
2025-12-16,00701,25000000,31000000,0,0,934501000,832058000
2025-12-16,3622,224000000,129000000,0,0,6000000,10000000
2025-12-16,3135,839000000,748000000,0,0,1000000,1000000
2025-12-16,1409,1189000000,1102000000,0,0,55116000,54253000
2025-12-16,2022,133000000,49000000,0,0,3000000,0
2025-12-16,2497,135000000,49000000,0,0,0,0
2025-12-16,9941,844005000,1010550000,211000000,0,58000000,19000000
2025-12-16,6189,246231000,170995000,0,3270000,15000000,4000000
2025-12-16,3583,220418000,136000000,0,0,4327000,7097000
2025-12-16,2540,378406000,277733000,0,0,36000000,56000000
2025-12-16,00639,4000000,23000000,0,0,287643000,188163000
2025-12-16,6168,156000000,79000000,0,0,3000000,4000000
2025-12-16,3338,154000000,81000000,0,0,4000000,2077000
2025-12-16,3653,584497000,729017000,72392000,27000000,220754000,50232000
2025-12-16,4557,92000000,24143000,0,0,2000000,1000000
2025-12-16,00714,78000000,0,0,0,30862000,40730000
2025-12-16,2548,203001000,132120000,0,0,15000000,21011000
2025-12-16,1806,394000000,255000000,0,56220000,7000000,25000000
2025-12-16,2465,212000000,146268000,0,0,0,1376000
2025-12-16,2104,762000000,713000000,0,0,48000000,32831000
2025-12-16,6152,563000000,505000000,0,0,9204000,6000000
2025-12-16,1104,396000000,376901000,0,0,58000000,16000000
2025-12-16,3321,108000000,48859000,0,0,1000000,0
2025-12-16,6657,123000000,64133000,0,0,1000000,0
2025-12-16,1449,189000000,133648000,0,0,4000000,1000000
2025-12-16,4961,283000000,238000000,14000000,932000,6589000,7164000
2025-12-16,6805,497355000,438361000,45000000,8000000,38207000,76843000
2025-12-16,9902,199000000,144000000,0,0,5000000,3000000
2025-12-16,2015,284000000,310000000,79000000,0,20000000,16243000
2025-12-16,2444,69000000,12000000,0,0,1002000,2000000
2025-12-16,009810,0,8000000,0,0,138000000,74874000
2025-12-16,9908,128000000,72000000,0,0,19000000,23000000
2025-12-16,1340,86000000,37000000,0,0,2000000,0
2025-12-16,1316,420000000,377040000,0,0,7000000,0
2025-12-16,3055,347000000,299000000,0,0,1318000,892000
2025-12-16,8454,427802000,374377000,0,0,10000000,15289000
2025-12-16,00636,12000000,23000000,0,0,617000000,558961000
2025-12-16,2905,381000000,341000000,0,0,34000000,28000000
2025-12-16,8028,1131100000,1002220000,0,20000000,47690000,111064000
2025-12-16,0055,2000000,2000000,0,0,94000000,50514000
2025-12-16,4532,452000000,422000000,0,5700000,33000000,14000000
2025-12-16,6277,65000000,21000000,0,0,3000000,4000000
2025-12-16,2467,1288807000,1175000000,22000000,0,26523000,120401000
2025-12-16,00901,0,14000000,0,0,590000000,534517000
2025-12-16,4949,98000000,58000000,0,0,2000000,1000000
2025-12-16,00899,0,0,0,0,45000000,4714000
2025-12-16,8467,55000000,20000000,0,0,5036000,0
2025-12-16,2431,96000000,58000000,0,0,2000000,2032000
2025-12-16,4566,209000000,169000000,0,0,3023000,5399000
2025-12-16,4919,842000000,807000000,0,0,42001000,39882000
2025-12-16,2488,61000000,22000000,0,0,1000000,3233000
2025-12-16,00640L,0,3000000,0,0,192066000,152475000
2025-12-16,910322,36000000,0,0,0,0,0
2025-12-16,4967,599253000,501000000,0,0,6000000,68940000
2025-12-16,6416,62000000,36000000,0,0,13000000,4000000
2025-12-16,6668,109000000,71000000,0,0,1000000,4000000
2025-12-16,8261,296000000,251000000,0,0,7300000,18520000
2025-12-16,6605,488000000,161000000,0,290000000,7584000,11008000
2025-12-16,912000,68000000,35000000,0,0,0,0
2025-12-16,2501,570000000,544000000,0,0,62000000,55000000
2025-12-16,00709,11000000,1002000,0,0,42000000,19003000
2025-12-16,3447,122000000,88000000,0,0,1000000,2545000
2025-12-16,1446,42000000,19000000,0,0,9000000,0
2025-12-16,9927,75856000,42151000,0,0,2000000,5562000
2025-12-16,6005,4156000000,5593000000,3087000000,1620451000,0,0
2025-12-16,3027,101001000,76000000,0,0,6000000,2000000
2025-12-16,2537,191000000,155000000,0,0,1000000,8000000
2025-12-16,3041,162001000,133800000,0,0,3000000,3098000
2025-12-16,6024,86000000,40907000,0,0,0,17000000
2025-12-16,6931,31000000,21000000,0,0,18000000,0
2025-12-16,4438,51854000,24584000,0,0,0,0
2025-12-16,00771,0,0,0,0,27006000,0
2025-12-16,2908,94000000,73000000,0,0,8000000,2000000
2025-12-16,2491,29000000,2000000,0,0,0,0
2025-12-16,1437,56000000,31000000,0,0,2000000,0
2025-12-16,2527,132000000,88000000,0,327000,9000000,27000000
2025-12-16,2365,308000000,280000000,0,0,3037000,5415000
2025-12-16,6799,93200000,68000000,0,0,1084000,1002000
2025-12-16,3705,137000000,114000000,0,0,4056000,2000000
2025-12-16,2482,144000000,117000000,0,0,6000000,9714000
2025-12-16,5706,43000000,26400000,0,0,8503000,2000000
2025-12-16,6695,86000000,65000000,0,0,2000000,0
2025-12-16,6472,282539000,257197000,0,1155000,36000000,37215000
2025-12-16,00678,1020000,1000000,0,0,256000000,233497000
2025-12-16,1558,39000000,21000000,0,194000,18443000,14000000
2025-12-16,4441,40000000,18000000,0,0,0,0
2025-12-16,00661,0,1000000,0,0,88000000,65142000
2025-12-16,1713,69000000,50000000,0,0,2274000,0
2025-12-16,2539,327000000,318913000,0,15058000,38000000,10000000
2025-12-16,1783,80000000,57000000,0,0,3000000,5000000
2025-12-16,4142,365250000,325000000,0,0,8000000,27254000
2025-12-16,6669,686195000,658790000,37594000,17000000,83031000,110128000
2025-12-16,3533,310643000,261000000,9000000,21000000,13210000,30318000
2025-12-16,4440,34000000,14000000,0,0,1000000,1000000
2025-12-16,1471,41000000,19000000,0,0,5000000,7000000
2025-12-16,00908,0,1000000,0,0,230000000,209182000
2025-12-16,2883B,76000000,0,0,0,3000000,60000000
2025-12-16,2454,4275634000,4167779000,192949000,186891000,290522000,386241000
2025-12-16,4306,185000000,191920000,0,0,25000000,0
2025-12-16,00733,8000000,96000000,0,0,324000000,218373000
2025-12-16,3229,106000000,88000000,0,0,461000,1066000
2025-12-16,00635U,49033000,8725000,0,0,1408120000,1431552000
2025-12-16,8033,263000000,169602000,0,0,7000000,84000000
2025-12-16,00668,0,2000000,0,0,239212000,221304000
2025-12-16,6719,81000000,66000000,0,0,4796000,4000000
2025-12-16,6184,42000000,28000000,0,0,1000000,0
2025-12-16,6192,34000000,18000000,0,0,2000000,3000000
2025-12-16,00916,0,4000000,0,0,62000000,43153000
2025-12-16,00917,1000000,20000000,0,0,516085000,483563000
2025-12-16,2359,260010000,227000000,0,0,9540000,29029000
2025-12-16,2739,30000000,17000000,0,0,0,0
2025-12-16,2753,87000000,57000000,0,0,1486000,18693000
2025-12-16,6670,383000000,132000000,0,249323000,16000000,5000000
2025-12-16,6614,14000000,2000000,0,0,0,0
2025-12-16,6885,91000000,77000000,0,0,0,2000000
2025-12-16,020038,0,0,0,0,12000000,0
2025-12-16,4545,64000000,53000000,0,0,1000000,0
2025-12-16,2369,3825000000,3934000000,0,0,190263000,69404000
2025-12-16,3530,107000000,121000000,0,0,28000000,2286000
2025-12-16,00702,0,0,0,0,129144000,118270000
2025-12-16,0061,5000000,0,0,0,38008000,32983000
2025-12-16,00684R,0,0,0,0,21000000,11000000
2025-12-16,1466,49000000,37000000,0,0,1000000,3000000
2025-12-16,1475,23000000,13000000,0,0,0,0
2025-12-16,2250,25000000,15293000,0,0,0,55000
2025-12-16,00710B,0,0,0,0,122477000,113150000
2025-12-16,00652,0,0,0,0,113000000,103797000
2025-12-16,1432,19000000,12000000,0,0,2000000,0
2025-12-16,6936,14000000,7000000,0,0,3000000,1000000
2025-12-16,1477,1570000000,585807000,0,1064220000,102223000,13768000
2025-12-16,2390,125000000,109700000,0,0,3000000,10000000
2025-12-16,2613,149000000,143000000,0,0,2000000,0
2025-12-16,5258,56001000,47850000,0,0,3001000,4016000
2025-12-16,00689R,1000000,0,0,0,6000000,0
2025-12-16,9919,60000000,48000000,0,0,4000000,9000000
2025-12-16,3057,44000000,40160000,0,0,3000000,0
2025-12-16,4551,110000000,62000000,0,45000000,6000000,2243000
2025-12-16,4569,18000000,14000000,0,0,2000000,0
2025-12-16,5007,26000000,31000000,0,0,11000000,0
2025-12-16,00656R,0,168000000,0,0,211000000,37000000
2025-12-16,01010T,6000000,0,0,0,0,0
2025-12-16,8201,14000000,10000000,0,0,2000000,0
2025-12-16,1517,44000000,34000000,0,0,4000000,8222000
2025-12-16,6226,149000000,146000000,0,0,3636000,1000000
2025-12-16,6742,87000000,82000000,0,0,0,0
2025-12-16,1233,0,11000000,0,0,16000000,0
2025-12-16,4737,43905000,39399000,0,0,0,0
2025-12-16,6136,15000000,11000000,0,0,4001000,4000000
2025-12-16,1540,82000000,79000000,0,0,1000000,0
2025-12-16,020028,0,0,0,0,10000000,6000000
2025-12-16,4562,107000000,101000000,0,0,1000000,3000000
2025-12-16,3679,24000000,19000000,0,0,1000000,2000000
2025-12-16,2881B,0,0,0,0,4000000,0
2025-12-16,00938,15000000,104000000,0,0,845180000,753033000
2025-12-16,020032,0,0,0,0,3000000,0
2025-12-16,020036,0,0,0,0,3000000,0
2025-12-16,9946,46000000,46000000,0,0,4000000,1000000
2025-12-16,00711B,8000000,0,0,0,101059000,106213000
2025-12-16,00775B,0,0,0,0,2062000,0
2025-12-16,00681R,0,0,0,0,3000000,1000000
2025-12-16,6835,15000000,13000000,0,0,0,0
2025-12-16,020037,0,0,0,0,2000000,0
2025-12-16,2887F,2000000,0,0,0,0,0
2025-12-16,2434,6000000,5000000,0,0,1000000,0
2025-12-16,2891C,0,0,0,0,3000000,1000000
2025-12-16,8072,53001000,52461000,0,0,1000000,0
2025-12-16,020029,0,0,0,0,2000000,1000000
2025-12-16,1470,0,0,0,0,1000000,0
2025-12-16,3094,38000000,34000000,0,0,1000000,4000000
2025-12-16,2891B,0,0,0,0,1000000,0
2025-12-16,2852,180000000,179000000,0,1139000,2000000,1000000
2025-12-16,006205,5000000,7000000,0,0,277000000,274278000
2025-12-16,006206,0,2000000,0,0,17083000,15065000
2025-12-16,6955,0,1300000,0,0,1309000,0
2025-12-16,00657K,0,0,0,0,200000,200000
2025-12-16,00660,0,0,0,0,1000000,1000000
2025-12-16,00668K,0,0,0,0,200000,200000
2025-12-16,020034,0,0,0,0,8000000,8000000
2025-12-16,2254,0,1000000,0,0,2000000,1000000
2025-12-16,2415,29000000,31000000,0,0,2000000,0
2025-12-16,3130,5000000,6000000,0,0,1000000,0
2025-12-16,7631,1000000,2000000,0,0,1000000,0
2025-12-16,1414,74000000,89000000,0,0,15000000,0
2025-12-16,6423,2000000,5060000,0,0,15000000,12000000
2025-12-16,00636K,0,0,0,0,200000,300000
2025-12-16,3557,24001000,24300000,0,0,0,0
2025-12-16,6133,4916000000,4898000000,0,0,2000000,20357000
2025-12-16,6933,41000000,41000000,0,0,2000000,2380000
2025-12-16,6928,34000000,36000000,0,0,1000000,0
2025-12-16,7730,0,1000000,0,0,1000000,1000000
2025-12-16,8487,1000000,2000000,0,0,1000000,1000000
2025-12-16,00682U,0,0,0,0,0,1000000
2025-12-16,1539,9000000,12000000,0,0,2000000,0
2025-12-16,9136,0,1000000,0,0,0,0
2025-12-16,1443,0,3000000,0,0,2000000,0
2025-12-16,6592B,0,0,0,1000000,0,0
2025-12-16,1235,4000000,10140000,0,0,5000000,0
2025-12-16,6796,7000000,9400000,0,0,1000000,0
2025-12-16,006204,0,0,0,0,48235000,49750000
2025-12-16,00783,0,0,0,0,76030000,77973000
2025-12-16,00736,0,0,0,0,102000000,104000000
2025-12-16,6655,0,4000000,0,0,2000000,0
2025-12-16,6671,0,3000000,0,0,1000000,0
2025-12-16,8482,2000000,4000000,0,0,1000000,1000000
2025-12-16,7732,1000000,3000000,0,0,0,0
2025-12-16,7786,58000000,60000000,0,0,0,0
2025-12-16,7721,16000000,18000000,0,0,0,0
2025-12-16,3040,35000000,40000000,0,0,3000000,0
2025-12-16,4581,5000000,6000000,0,0,5000000,6000000
2025-12-16,6952,2000000,6000000,0,0,2000000,0
2025-12-16,1315,0,3000000,0,0,1000000,0
2025-12-16,2438,2000000,6000000,0,0,2000000,0
2025-12-16,1341,1000000,3000000,0,0,0,0
2025-12-16,911868,0,2000000,0,0,0,0
2025-12-16,2314,0,2167000,0,0,0,0
2025-12-16,5906,0,2355000,0,0,0,0
2025-12-16,8499,197000000,201800000,0,0,27114000,24688000
2025-12-16,6534,86000000,94000000,0,0,15000000,9609000
2025-12-16,6201,0,4000000,0,0,1000000,0
2025-12-16,6924,0,1000000,0,0,9000000,11000000
2025-12-16,6916,15000000,18000000,0,0,0,0
2025-12-16,1537,20000000,21000000,0,0,2000000,4000000
2025-12-16,006203,0,0,0,0,0,3000000
2025-12-16,020020,0,0,0,0,6000000,9000000
2025-12-16,1730,0,3000000,0,0,0,0
2025-12-16,2901,3000000,7000000,0,0,1000000,0
2025-12-16,6807,0,3000000,0,0,0,0
2025-12-16,9943,15000000,22000000,0,0,4000000,0
2025-12-16,2114,2000000,6000000,0,0,1120000,1000000
2025-12-16,5292,14000000,19940000,0,0,2000000,0
2025-12-16,7705,5001000,9000000,0,0,0,0
2025-12-16,9912,0,4000000,0,0,0,0
2025-12-16,1541,0,4000000,0,0,0,0
2025-12-16,6906,14000000,19000000,0,0,2000000,1000000
2025-12-16,2904,0,5000000,0,0,1000000,0
2025-12-16,2945,0,5000000,0,0,1000000,0
2025-12-16,3150,2000000,7000000,0,0,8000000,7000000
2025-12-16,3454,57000000,60000000,0,0,2000000,3000000
2025-12-16,2069,31000000,25000000,0,0,1000000,11000000
2025-12-16,2496,0,4000000,0,0,0,0
2025-12-16,9929,0,6000000,0,0,2000000,0
2025-12-16,1735,0,7000000,0,0,3000000,150000
2025-12-16,6645,1000000,6260000,0,0,5059000,4000000
2025-12-16,5269,166637000,175658000,40000000,1000000,24000000,58369000
2025-12-16,00921,100000,70000000,0,0,315000000,249511000
2025-12-16,3588,24981000,30354000,0,0,1000000,287000
2025-12-16,3432,0,5000000,0,0,0,0
2025-12-16,3669,4000000,10000000,0,0,1000000,0
2025-12-16,4807,1000000,6000000,0,0,0,0
2025-12-16,2762,2000000,8000000,0,0,2000000,1000000
2025-12-16,1324,3000000,9000000,0,0,1000000,0
2025-12-16,6281,17000000,16000000,0,0,0,6000000
2025-12-16,6918,3000000,9000000,0,0,1000000,0
2025-12-16,6969,0,3000000,0,0,2000000,4000000
2025-12-16,020030,0,0,0,0,5000000,10000000
2025-12-16,7788,43000000,48000000,0,0,1000000,1029000
2025-12-16,6230,16000000,22000000,0,0,5000000,4136000
2025-12-16,6582,2000000,7000000,0,0,0,229000
2025-12-16,7749,85000000,90000000,0,0,1001000,1241000
2025-12-16,3308,7000000,13498000,0,0,1000000,0
2025-12-16,1438,3000000,11806000,0,0,3000000,0
2025-12-16,1236,3000000,16000000,0,0,7000000,0
2025-12-16,6592A,0,0,0,6000000,0,0
2025-12-16,6792,0,7000000,0,0,2000000,1000000
2025-12-16,6887,1000000,6000000,0,0,0,1000000
2025-12-16,4133,5000000,12000000,0,0,1000000,0
2025-12-16,4439,2000000,8000000,0,0,0,0
2025-12-16,1817,4000000,11000000,0,0,11000000,10000000
2025-12-16,4588,3000000,9000000,0,0,0,0
2025-12-16,0053,0,1000000,0,0,0,5650000
2025-12-16,2911,0,6850000,0,0,0,0
2025-12-16,3168,0,7000000,0,0,0,0
2025-12-16,1418,1000000,8000000,0,0,0,0
2025-12-16,5546,2000000,9000000,0,0,0,0
2025-12-16,2248,1000000,8000000,0,0,1000000,1000000
2025-12-16,1338,8000000,16000000,0,0,1000000,0
2025-12-16,1441,0,8000000,0,0,1000000,0
2025-12-16,1530,9000000,15000000,0,0,1000000,2000000
2025-12-16,6902,10000000,15000000,0,0,0,2000000
2025-12-16,6666,1000000,9000000,0,0,1000000,0
2025-12-16,6431,54000000,61000000,0,0,0,0
2025-12-16,00851,0,0,0,0,0,7000000
2025-12-16,9942,12000000,19000000,0,0,0,0
2025-12-16,6771,1000000,9000000,0,0,1000000,0
2025-12-16,00903,1000000,22000000,0,0,31025000,17143000
2025-12-16,2538,90000000,100140000,0,0,3000000,0
2025-12-16,1516,3000000,10183000,0,0,0,0
2025-12-16,3034,1398125000,1522204000,258000000,300380000,258664000,99428000
2025-12-16,6698,38000000,47000000,0,0,4000000,2605000
2025-12-16,6164,91000000,98000000,0,0,6128000,7000000
2025-12-16,0057,0,0,0,0,43018000,51000000
2025-12-16,2906,18000000,24000000,0,0,3000000,5000000
2025-12-16,1423,1000000,11000000,0,0,2000000,0
2025-12-16,1474,7000000,16000000,0,0,1000000,0
2025-12-16,5538,0,9000000,0,0,1000000,0
2025-12-16,1805,4000000,13249000,0,0,1000000,0
2025-12-16,1776,0,11000000,0,0,2000000,0
2025-12-16,2939,0,10000000,0,0,1000000,0
2025-12-16,3419,11000000,23000000,0,0,3000000,0
2025-12-16,1535,4000000,14000000,0,0,1000000,0
2025-12-16,9926,5000000,14000000,0,0,0,0
2025-12-16,7711,13000000,22000000,0,0,0,0
2025-12-16,8367,0,11000000,0,0,2000000,0
2025-12-16,6606,1000000,11000000,0,0,1000000,0
2025-12-16,1339,5000000,18000000,0,0,9000000,5211000
2025-12-16,6592,130001000,147000000,0,0,29000000,21502000
2025-12-16,2115,3000000,11549000,0,0,1000000,2000000
2025-12-16,3528,53000000,63000000,0,0,0,0
2025-12-16,5484,24000000,34000000,0,0,0,0
2025-12-16,1323,0,10000000,0,0,0,0
2025-12-16,5215,0,9000000,0,0,0,1000000
2025-12-16,1521,3000000,14000000,0,0,1000000,0
2025-12-16,1435,1000000,13000000,0,0,2000000,0
2025-12-16,020039,0,0,0,0,7000000,17000000
2025-12-16,6581,3000000,17000000,0,0,4000000,0
2025-12-16,4148,1000000,11300000,0,0,0,0
2025-12-16,6861,35000000,42000000,0,0,8000000,11361000
2025-12-16,1472,0,10376000,0,0,0,0
2025-12-16,4583,43572000,50000000,0,0,3000000,6971000
2025-12-16,6789,228300000,321004000,119000000,2000000,42452000,77322000
2025-12-16,6641,0,11000000,0,0,0,0
2025-12-16,8443,0,11000000,0,0,0,0
2025-12-16,1525,9000000,19000000,0,0,14000000,15000000
2025-12-16,2024,0,11000000,0,0,0,0
2025-12-16,4994,1000000,10200000,0,0,1000000,3000000
2025-12-16,6782,32000000,38707000,0,0,1000000,5499000
2025-12-16,6715,13000000,24071000,0,0,1049000,1200000
2025-12-16,9910,565880000,571066000,0,6403000,36000000,36093000
2025-12-16,6112,117000000,128000000,0,0,3080000,4073000
2025-12-16,9944,0,12000000,0,0,0,0
2025-12-16,1445,3000000,17000000,0,0,2000000,0
2025-12-16,5244,50000000,65000000,0,0,3000000,0
2025-12-16,4155,4000000,18000000,0,0,2000000,0
2025-12-16,1903,43000000,61000000,0,0,6000000,0
2025-12-16,00703,0,0,0,0,4024000,16073000
2025-12-16,6754,1000000,13000000,0,70000,0,0
2025-12-16,006207,0,1000000,0,0,134277000,145584000
2025-12-16,00875,0,8000000,0,0,14000000,18757000
2025-12-16,8463,3000000,16000000,0,0,0,0
2025-12-16,6552,10000000,24000000,0,0,1000000,0
2025-12-16,1416,8000000,22000000,0,0,1000000,0
2025-12-16,1568,2000000,21000000,0,0,6000000,0
2025-12-16,1731,2000000,16000000,0,0,1000000,0
2025-12-16,2426,122000000,137000000,0,0,14000000,12000000
2025-12-16,2423,29000000,42000000,0,0,4000000,4000000
2025-12-16,6951,0,14000000,0,0,1000000,0
2025-12-16,2702,2000000,16000000,0,0,1000000,0
2025-12-16,3021,2000000,16000000,0,0,1000000,22000
2025-12-16,2642,7000000,18342000,0,0,0,2000000
2025-12-16,6854,59000000,58763000,0,0,3259000,17000000
2025-12-16,2025,7000000,23546000,0,0,3000000,0
2025-12-16,3062,789000000,792000000,0,0,5000000,15645000
2025-12-16,00949,107000000,2000000,0,0,351708000,470397000
2025-12-16,1506,3000000,21000000,0,0,4000000,0
2025-12-16,1465,0,16000000,0,0,2000000,0
2025-12-16,7736,2000000,17000000,0,0,1000000,0
2025-12-16,9931,0,14000000,0,0,0,0
2025-12-16,3652,0,15000000,0,0,1000000,0
2025-12-16,2616,1000000,15000000,0,0,0,0
2025-12-16,2712,0,14000000,0,0,1000000,1000000
2025-12-16,2461,5000000,20000000,0,0,2000000,1000000
2025-12-16,8466,1001000,15497000,0,0,0,0
2025-12-16,4104,11400000,28027000,0,0,4000000,2105000
2025-12-16,00913,0,3000000,0,0,277000000,288917000
2025-12-16,4952,14000000,30000000,0,0,5000000,4000000
2025-12-16,2239,17000000,31000000,0,0,2000000,3000000
2025-12-16,1512,1000000,18000000,0,0,3000000,1000000
2025-12-16,1452,0,15000000,0,0,0,0
2025-12-16,4572,3080000,10102000,0,8000000,0,0
2025-12-16,1707,29000000,42000000,0,0,5000000,7374000
2025-12-16,1906,5000000,22000000,0,0,7000000,5440000
2025-12-16,00920,0,110000000,0,0,100017000,5688000
2025-12-16,2432,0,14000000,0,0,8000000,10000000
2025-12-16,2483,5000000,17000000,0,0,1000000,5000000
2025-12-16,2424,0,16000000,0,0,0,0
2025-12-16,4560,31000000,48000000,0,0,1000000,0
2025-12-16,4935,7000000,20000000,0,0,2000000,5000000
2025-12-16,4771,16000000,32000000,0,0,0,0
2025-12-16,2910,6000000,23000000,0,0,1000000,0
2025-12-16,1410,5000000,22000000,0,0,1000000,0
2025-12-16,1220,5000000,22000000,0,0,1000000,0
2025-12-16,8429,38000000,50000000,0,0,1000000,5000000
2025-12-16,8162,6000000,25000000,0,0,3000000,0
2025-12-16,8481,0,16000000,0,0,0,0
2025-12-16,6914,7000000,25000000,0,0,2000000,0
2025-12-16,6658,16921000,32479000,0,0,1000000,1446000
2025-12-16,00739,0,0,0,0,2000000,18106000
2025-12-16,1598,35000000,51182000,0,0,2000000,2000000
2025-12-16,2207,294100000,471417000,152000000,2000000,26589000,16002000
2025-12-16,3043,23000000,40000000,0,0,0,0
2025-12-16,3716,3000000,21000000,0,0,1000000,0
2025-12-16,7740,7000000,24000000,0,0,2000000,2000000
2025-12-16,1413,0,18000000,0,0,1000000,0
2025-12-16,1256,4000000,21051000,0,0,0,19000
2025-12-16,2243,0,15000000,0,0,0,2309000
2025-12-16,6585,3000000,22000000,0,0,1500000,0
2025-12-16,2636,75000000,92000000,0,0,10000000,10780000
2025-12-16,2433,1000000,20000000,0,0,4000000,3000000
2025-12-16,9918,3000000,21000000,0,0,0,0
2025-12-16,1439,5000000,23000000,0,0,0,0
2025-12-16,4999,3000000,23000000,0,0,3000000,1501000
2025-12-16,8488,1000000,20666000,0,0,1000000,0
2025-12-16,9930,26000000,43000000,0,0,8000000,10000000
2025-12-16,6183,4000000,26000000,0,0,4000000,1000000
2025-12-16,1531,7000000,28000000,0,0,3000000,1000000
2025-12-16,3494,0,18000000,0,0,0,1000000
2025-12-16,1752,1000000,24000000,0,0,4000000,0
2025-12-16,8045,18000000,38340000,0,0,1277000,0
2025-12-16,00657,0,0,0,0,3000,19417000
2025-12-16,4552,14000000,36000000,0,0,2000000,0
2025-12-16,7791,1000000,21000000,0,0,0,0
2025-12-16,1533,17000000,42000000,0,0,5000000,0
2025-12-16,1463,11000000,32000000,0,0,1000000,0
2025-12-16,9906,21001000,43270000,0,0,6000000,4023000
2025-12-16,3591,95000000,116000000,0,0,5000000,4565000
2025-12-16,8411,2000000,25000000,0,0,5000000,3000000
2025-12-16,8438,1000000,22000000,0,0,0,0
2025-12-16,1526,0,23000000,0,0,2000000,0
2025-12-16,1454,7000000,29000000,0,0,2000000,1000000
2025-12-16,2397,104000000,125000000,0,0,2000000,2000000
2025-12-16,4930,1000000,23000000,0,0,1000000,0
2025-12-16,6988,0,16000000,0,0,19000000,24376000
2025-12-16,1342,11002000,34899000,0,0,1955000,0
2025-12-16,3092,63001000,85000000,0,0,0,0
2025-12-16,3054,8000000,30000000,0,0,0,0
2025-12-16,2107,41000000,65000000,0,0,2000000,0
2025-12-16,2509,13000000,29000000,0,0,1000000,7000000
2025-12-16,2611,37000000,71000000,0,0,12000000,0
2025-12-16,1337,10000000,34000000,0,0,2000000,0
2025-12-16,5907,5000000,28000000,0,0,1000000,0
2025-12-16,8374,67000000,89000000,0,0,5002000,5073000
2025-12-16,2020,77000000,98200000,0,0,7000000,8000000
2025-12-16,8210,245513000,385650000,149000000,22000000,25716000,35178000
2025-12-16,6862,11000000,31000000,0,0,0,2719000
2025-12-16,6965,6000000,34000000,0,0,5000000,0
2025-12-16,9937,20000000,41000000,0,0,21000000,23000000
2025-12-16,1456,1000000,21000000,0,0,0,3000000
2025-12-16,1468,4000000,29000000,0,0,5000000,3000000
2025-12-16,1219,10000000,34020000,0,0,11000000,10000000
2025-12-16,1417,5000000,38000000,0,0,10000000,1000000
2025-12-16,1583,10000000,34000000,0,0,1000000,1000000
2025-12-16,9103,1000000,25000000,0,0,0,0
2025-12-16,910861,0,24000000,0,0,0,0
2025-12-16,6674,10000000,34000000,0,0,0,0
2025-12-16,3164,1000000,26000000,0,0,1000000,0
2025-12-16,2923,18000000,75000000,0,0,34000000,1000000
2025-12-16,4576,77000000,103000000,0,0,7000000,5107000
2025-12-16,1231,83321000,109520000,0,0,10000000,8000000
2025-12-16,6197,163000000,181300000,0,0,11000000,17234000
2025-12-16,1457,7000000,33550000,0,0,2000000,0
2025-12-16,2607,726000000,461807000,0,292000000,16000000,13000000
2025-12-16,1453,3940000,28794000,0,0,1000000,1000000
2025-12-16,8442,4000000,30000000,0,0,1000000,0
2025-12-16,1725,7000000,34000000,0,0,2000000,0
2025-12-16,1726,2000000,31000000,0,0,4000000,0
2025-12-16,2722,2000000,25177000,0,0,3000000,5000000
2025-12-16,6438,140694000,183654000,0,0,22242000,4568000
2025-12-16,6598,3000000,29616000,0,0,1000000,0
2025-12-16,6214,413000000,431000000,0,6824000,16000000,16858000
2025-12-16,6790,11000000,40000000,0,0,8000000,5000000
2025-12-16,2008,10000000,39000000,0,0,3000000,0
2025-12-16,2032,32000000,59000000,0,0,1000000,0
2025-12-16,4190,1000000,28000000,0,0,1000000,0
2025-12-16,1762,5000000,31000000,0,0,2000000,2009000
2025-12-16,6128,9000000,33000000,0,0,2000000,4182000
2025-12-16,5607,91006000,126392000,0,0,9106000,0
2025-12-16,3501,10000000,34000000,0,0,2000000,4462000
2025-12-16,6239,8529047000,2349004000,37000000,6166553000,254411000,331861000
2025-12-16,1203,1000000,31000000,0,0,3000000,0
2025-12-16,2748,2000000,28000000,0,0,2000000,3000000
2025-12-16,3266,4000000,38000000,0,0,7000000,0
2025-12-16,6216,2000000,28000000,0,0,1000000,2108000
2025-12-16,6117,90000000,120000000,0,0,4000000,1629000
2025-12-16,6504,10000000,40000000,0,0,3000000,1000000
2025-12-16,1459,22000000,45000000,0,0,3000000,8000000
2025-12-16,1626,5000000,29000000,0,0,2000000,6000000
2025-12-16,6863,73000000,100000000,0,0,3081000,4502000
2025-12-16,1232,12000000,45000000,0,0,10000000,5422000
2025-12-16,8341,32000000,57000000,0,0,8000000,11540000
2025-12-16,2816,4000000,36000000,0,0,3286000,0
2025-12-16,00852L,0,0,0,0,322000000,350943000
2025-12-16,6957,12000000,41000000,0,0,0,0
2025-12-16,1419,138000000,154000000,0,0,12000000,25000000
2025-12-16,6115,15000000,45000000,0,0,6000000,5041000
2025-12-16,2302,68000000,101000000,0,0,4000000,50000
2025-12-16,6464,7000000,41090000,0,0,6000000,1000000
2025-12-16,5525,14000000,51517000,0,0,8000000,0
2025-12-16,2505,42000000,70000000,0,0,17000000,19000000
2025-12-16,2373,2000000,36000000,0,0,4000000,0
2025-12-16,6794,3000000,34000000,0,0,1000000,0
2025-12-16,6558,277096000,310000000,0,0,4000000,1957000
2025-12-16,1532,181000000,205000000,0,6541000,26000000,26404000
2025-12-16,1527,44000000,91000000,0,0,16000000,0
2025-12-16,2459,6000000,38000000,0,0,4000000,3000000
2025-12-16,2460,77000000,105000000,0,0,3000000,6000000
2025-12-16,2477,9000000,40000000,0,0,3000000,3000000
2025-12-16,3416,33563000,57000000,0,0,2000000,10098000
2025-12-16,3052,130000000,162660000,0,0,1000000,0
2025-12-16,4108,2000000,39000000,0,0,5000000,0
2025-12-16,1723,110000000,130000000,0,0,10000000,22000000
2025-12-16,1451,1000000,34000000,0,0,1000000,0
2025-12-16,8940,1000000,33000000,0,0,0,0
2025-12-16,9905,0,35000000,0,0,3000000,0
2025-12-16,4106,0,27000000,0,0,2000000,7198000
2025-12-16,4585,25000000,59051000,0,0,1324000,0
2025-12-16,2236,81000000,114794000,0,0,1000000,0
2025-12-16,009809,126000000,12000000,0,0,1434000000,1581000000
2025-12-16,3504,51000000,81000000,0,0,2000000,5247000
2025-12-16,2472,742000000,705000000,23000000,0,42000000,135424000
2025-12-16,5283,12400000,47000000,0,0,1000000,0
2025-12-16,3257,83000000,118000000,0,0,3000000,2000000
2025-12-16,2420,16000000,54000000,0,0,7000000,3000000
2025-12-16,2450,4000000,35000000,0,0,6000000,9000000
2025-12-16,6591,80000000,114189000,0,0,0,203000
2025-12-16,3346,34210000,67958000,0,0,0,1000000
2025-12-16,6405,6000000,47000000,0,0,6000000,50000
2025-12-16,6224,24000000,51051000,0,0,1000000,9000000
2025-12-16,00898,21000000,28000000,0,0,62247000,90367000
2025-12-16,1109,0,33000000,0,0,7000000,9509000
2025-12-16,5533,0,38000000,0,0,2000000,0
2025-12-16,2028,11000000,49000000,0,0,2000000,0
2025-12-16,7722,8000000,40964000,0,0,1000000,4194000
2025-12-16,2440,63000000,101000000,0,0,5802000,4000000
2025-12-16,2442,74005000,113245000,0,0,4000000,1000000
2025-12-16,2462,30000000,67000000,0,0,1000000,250000
2025-12-16,4526,534000000,570000000,0,0,5071000,5390000
2025-12-16,2617,235000000,274000000,0,0,13000000,10450000
2025-12-16,00737,2000000,494000000,0,0,464000000,8522000
2025-12-16,2033,0,37000000,0,0,0,0
2025-12-16,3051,63000000,104000000,0,0,4000000,0
2025-12-16,1590,506694000,540579000,1000000,0,17241000,21802000
2025-12-16,2524,19001000,65000000,0,0,13000000,5000000
2025-12-16,2414,6000000,44000000,0,0,0,0
2025-12-16,1733,86000000,125000000,0,0,4000000,3000000
2025-12-16,6142,84000000,117000000,0,0,0,5000000
2025-12-16,3296,9000000,48000000,0,0,1000000,230000
2025-12-16,2059,175471000,238737000,37259000,0,22930000,35277000
2025-12-16,2012,2000000,41650000,0,0,2000000,1000000
2025-12-16,3356,50000000,88910000,0,0,0,0
2025-12-16,2013,9000000,36000000,0,0,3000000,15020000
2025-12-16,6579,39001000,77542000,0,0,9000000,9571000
2025-12-16,6958,4000000,46120000,0,0,6000000,3000000
2025-12-16,00930,7000000,121000000,0,0,612000000,538243000
2025-12-16,1615,11000000,55389000,0,0,4000000,0
2025-12-16,00911,500000,1000000,0,0,102000000,141913000
2025-12-16,1614,1000000,47000000,0,0,5000000,0
2025-12-16,9940,110000000,180000000,0,0,51000000,22000000
2025-12-16,6743,38000000,80000000,0,0,1000000,0
2025-12-16,9935,35000000,83644000,0,0,7000000,0
2025-12-16,6838,51000000,94000000,0,0,1000000,0
2025-12-16,2471,4000000,48000000,0,0,2000000,0
2025-12-16,5306,12000000,58000000,0,0,4000000,0
2025-12-16,4755,28000000,71000000,0,0,4000000,4000000
2025-12-16,2227,5000000,52000000,0,0,4000000,0
2025-12-16,1234,15000000,66000000,0,0,9000000,1000000
2025-12-16,00944,0,5000000,0,0,628000000,666770000
2025-12-16,5519,69000000,111000000,0,0,7000000,9000000
2025-12-16,2305,175000000,244000000,0,0,24000000,0
2025-12-16,8476,81000000,126360000,0,0,9279000,9000000
2025-12-16,4739,300000000,335000000,0,5000000,3450000,8860000
2025-12-16,8222,95000000,139000000,0,0,0,2000000
2025-12-16,2466,485000000,536000000,0,0,4111000,0
2025-12-16,5285,21000000,66000000,0,0,1000000,3000000
2025-12-16,5288,3000000,51000000,0,0,1000000,1000000
2025-12-16,3717,74000000,117000000,0,0,0,5000000
2025-12-16,2701,0,50000000,0,0,2000000,0
2025-12-16,6909,9000000,56000000,0,0,0,1000000
2025-12-16,3046,91000000,138000000,0,0,2000000,3000000
2025-12-16,6776,14000000,62745000,0,0,0,0
2025-12-16,6689,52000000,92000000,0,9102000,3000000,2797000
2025-12-16,5531,91000000,162000000,0,0,23000000,1000000
2025-12-16,4137,29571000,78030000,0,0,4000000,5150000
2025-12-16,9934,48001000,94000000,0,0,2000000,6000000
2025-12-16,1325,103000000,154000000,0,0,1000000,0
2025-12-16,2453,76000000,132000000,0,0,8000000,2000000
2025-12-16,2430,8000000,56081000,0,0,2000000,4000000
2025-12-16,4770,148000000,202000000,0,0,7866000,4134000
2025-12-16,6573,48000000,99000000,0,0,6000000,6000000
2025-12-16,2546,21143000,76120000,0,0,3000000,0
2025-12-16,1760,7000000,61000000,0,0,2000000,0
2025-12-16,1709,33000000,87000000,0,0,3000000,1000000
2025-12-16,1473,20000000,74000000,0,0,2000000,0
2025-12-16,9925,38000000,92000000,0,0,14000000,12000000
2025-12-16,6756,15000000,72000000,0,0,5000000,478000
2025-12-16,6141,27000000,76000000,0,0,1000000,5000000
2025-12-16,1217,79000000,128000000,0,0,10000000,14000000
2025-12-16,2231,99500000,169600000,0,0,33758000,17019000
2025-12-16,1604,10000000,63000000,0,0,13000000,14000000
2025-12-16,02001L,0,0,0,0,5000000,59000000
2025-12-16,2007,10000000,66000000,0,0,7000000,5000000
2025-12-16,2705,8000000,68000000,0,0,6000000,0
2025-12-16,2480,72000000,123000000,0,1252000,16000000,19448000
2025-12-16,3311,44000000,97129000,0,0,5000000,7835000
2025-12-16,1737,24000000,87000000,0,0,7000000,0
2025-12-16,2706,3000000,63000000,0,0,4000000,0
2025-12-16,1108,3000000,60000000,0,0,2000000,1000000
2025-12-16,4414,187000000,229000000,0,0,14000000,28000000
2025-12-16,2514,10000000,62000000,0,0,8000000,12000000
2025-12-16,1810,120000000,169000000,0,0,7000000,14965000
2025-12-16,7610,44000000,100000000,0,0,2487000,4000000
2025-12-16,8478,45000000,100654000,0,0,2000000,4036000
2025-12-16,2850,132000000,222000000,30000000,0,16000000,14504000
2025-12-16,6515,317246000,409650000,37000000,0,10660000,14580000
2025-12-16,1436,62398000,139642000,0,0,18000000,234000
2025-12-16,6937,106000000,163000000,0,0,7003000,9542000
2025-12-16,3518,74000000,132963000,0,0,3000000,4000000
2025-12-16,00730,6000000,0,0,0,105700000,171981000
2025-12-16,5471,37000000,96000000,0,0,5000000,6503000
2025-12-16,8473,37000000,99960000,0,0,2000000,0
2025-12-16,4426,6000000,68000000,0,0,1000000,0
2025-12-16,2536,4000000,70000000,0,0,5000000,0
2025-12-16,1321,2000000,62000000,0,0,4000000,6000000
2025-12-16,3032,283000000,268000000,0,0,5000000,83658000
2025-12-16,6949,45000000,111000000,0,0,4000000,2268000
2025-12-16,1617,27000000,105000000,0,0,18000000,4763000
2025-12-16,6873,220068000,280310000,0,3607000,14126000,15117000
2025-12-16,2425,56000000,119000000,0,0,4000000,6000000
2025-12-16,2516,21000000,88000000,0,0,2000000,0
2025-12-16,4736,61000000,147000000,0,0,21000000,0
2025-12-16,8462,15000000,77000000,0,0,3000000,6220000
2025-12-16,4555,47000000,113000000,0,0,2000000,1728000
2025-12-16,1440,487000000,607000000,0,0,109000000,55054000
2025-12-16,3008,187033000,290140000,46405000,5331000,20526000,24710000
2025-12-16,1455,20000000,83000000,0,0,12000000,15840000
2025-12-16,2247,7000000,74000000,0,0,0,0
2025-12-16,2506,6000000,66001000,0,0,2000000,9000000
2025-12-16,3044,2240204000,1773360000,348000000,946000000,154585000,90708000
2025-12-16,6202,128000000,195000000,0,0,5200000,5889000
2025-12-16,3645,229295000,291000000,0,0,3000000,9209000
2025-12-16,3443,1967975000,1738678000,38328000,37000000,102279000,400878000
2025-12-16,3437,55000000,126000000,0,0,3000000,0
2025-12-16,1110,3000000,73000000,0,0,8000000,6000000
2025-12-16,7765,6000000,76000000,0,0,2000000,0
2025-12-16,1309,254000000,320000000,0,0,8000000,10006000
2025-12-16,3209,50000000,125000000,0,6724000,15000000,2217000
2025-12-16,2707,11000000,82000000,0,0,6000000,4000000
2025-12-16,00962,1000000,11000000,0,0,310000000,369871000
2025-12-16,4976,61000000,131000000,0,0,4000000,4000000
2025-12-16,6155,421000000,490000000,0,0,5000000,6001000
2025-12-16,3016,227000000,298000000,0,0,16426000,15584000
2025-12-16,2062,23000000,94000000,0,0,5000000,5000000
2025-12-16,3545,300000000,372000000,0,0,13565000,13335000
2025-12-16,3312,134705000,204491000,0,0,4000000,6000000
2025-12-16,2545,114348000,182427000,0,0,18000000,21752000
2025-12-16,01009T,0,0,0,0,0,72000000
2025-12-16,00907,9000000,107000000,0,0,782206000,757044000
2025-12-16,1467,15000000,91000000,0,0,3000000,0
2025-12-16,4912,29000000,102300000,0,0,0,0
2025-12-16,8081,305000000,524600000,149000000,1866000,2097000,3008000
2025-12-16,2392,586000000,629000000,0,0,46850000,78484000
2025-12-16,6834,25000000,99000000,0,0,2000000,2705000
2025-12-16,6235,231000000,303956000,0,0,13150000,16661000
2025-12-16,3592,1172200000,231000000,0,1022839000,10049000,4880000
2025-12-16,2849,18000000,127000000,0,0,43000000,11000000
2025-12-16,4164,247000000,322000000,0,0,14000000,16000000
2025-12-16,2429,133933000,211000000,0,0,3000000,3625000
2025-12-16,3003,41000000,117000000,0,0,5000000,6863000
2025-12-16,1732,17000000,97000000,0,0,2000000,0
2025-12-16,2316,1250000000,1226044000,23000000,0,31189000,156211000
2025-12-16,6449,116000000,210000000,0,0,35000000,19721000
2025-12-16,3617,177000000,252174000,0,0,6000000,9818000
2025-12-16,2375,296000000,361000000,0,0,4757000,19208000
2025-12-16,5222,47365000,117130000,0,0,6000000,16003000
2025-12-16,4119,6000000,77000000,0,0,2000000,11320000
2025-12-16,3038,193000000,242000000,0,484000,3000000,35000000
2025-12-16,6108,7000000,94000000,0,0,12000000,7000000
2025-12-16,6206,139000000,213000000,3000000,1305000,24009000,33967000
2025-12-16,2484,21000000,105000000,0,0,5000000,4231000
2025-12-16,00956,1000000,23000000,0,0,126001000,188429000
2025-12-16,8215,126000000,242000000,0,0,41000000,10000000
2025-12-16,2109,7000000,94000000,0,0,2000000,1000000
2025-12-16,1515,67000000,154000000,0,0,5000000,5001000
2025-12-16,2534,150000000,240000000,0,0,20000000,17561000
2025-12-16,2006,2549000000,2677000000,28000000,34063000,279127000,233000000
2025-12-16,4720,13000000,109000000,0,507000,8000000,1000000
2025-12-16,3002,436000000,530000000,0,0,5000000,601000
2025-12-16,6525,31000000,128000000,0,0,11000000,4000000
2025-12-16,2029,36000000,107000000,0,0,6000000,25490000
2025-12-16,8249,119250000,210400000,0,0,3071000,3001000
2025-12-16,9924,21200000,110201000,0,447000,4000000,6000000
2025-12-16,4942,20000000,112000000,0,0,3000000,3027000
2025-12-16,4766,220032000,206000000,0,108000000,21424000,19945000
2025-12-16,1103,60000000,166000000,0,0,34000000,21000000
2025-12-16,2030,6000000,93000000,0,0,5000000,12000000
2025-12-16,00735,0,2000000,0,0,157000000,249000000
2025-12-16,2360,3335085000,1894207000,8000000,1476554000,62657000,129644000
2025-12-16,3596,302790000,389244000,0,5000000,12000000,15405000
2025-12-16,7750,27000000,119000000,0,0,1000000,4015000
2025-12-16,6177,303742000,274447000,0,123000000,21379000,23112000
2025-12-16,2530,107000000,264000000,0,0,60182000,0
2025-12-16,00876,289000,14000000,0,0,1000000,84532000
2025-12-16,3406,863627000,1328000000,400000000,24000000,19527000,32204000
2025-12-16,9911,85000000,189886000,0,1000000,14000000,9583000
2025-12-16,3022,195000000,293000000,0,0,14000000,17844000
2025-12-16,2929,35000000,137000000,0,0,0,0
2025-12-16,1618,195000000,297000000,0,0,11000000,11655000
2025-12-16,3138,131000000,233097000,0,0,12017000,13000000
2025-12-16,6412,398000000,521000000,0,1418000,42000000,21473000
2025-12-16,4989,1321100000,1426000000,0,0,3000000,1999000
2025-12-16,0051,1027000,0,0,0,0,105591000
2025-12-16,009802,0,33000000,0,0,1072000000,1145891000
2025-12-16,00728,0,42000000,0,0,65000000,130335000
2025-12-16,00770,12040000,73000000,0,0,278000000,324441000
2025-12-16,1786,48000000,150000000,0,0,2248000,7758000
2025-12-16,1218,60000000,145000000,0,0,15000000,38000000
2025-12-16,1809,74000000,177000000,0,0,3000000,10000000
2025-12-16,6442,33100000,150000000,17668000,0,28200000,39400000
2025-12-16,9802,94000000,191615000,0,0,6615000,19506000
2025-12-16,1201,6000000,112000000,0,0,10000000,15166000
2025-12-16,3532,182000000,257000000,0,2739000,28426000,63401000
2025-12-16,2357,2374514000,7309060000,4945624000,273893000,234571000,84624000
2025-12-16,2535,36000000,149000000,0,0,10000000,10000000
2025-12-16,2608,13000000,130000000,0,0,15000000,12351000
2025-12-16,1734,4000000,119987000,0,0,1000000,0
2025-12-16,9955,206000000,323000000,0,0,2000000,0
2025-12-16,3563,170064000,401801000,134000000,0,10530000,31290000
2025-12-16,2233,81005000,188000000,0,0,7000000,18554000
2025-12-16,00654R,0,0,0,0,7000000,128200000
2025-12-16,2612,646000000,586000000,0,0,7896000,189415000
2025-12-16,00972,0,4000000,0,0,285000000,403509000
2025-12-16,2704,10000000,146000000,0,0,13000000,0
2025-12-16,2547,176000000,315648000,0,0,22000000,5892000
2025-12-16,1597,24000000,150000000,0,0,2391000,507000
2025-12-16,3059,506000000,567995000,0,0,12907000,75329000
2025-12-16,4540,73000000,194000000,0,0,5000000,8947000
2025-12-16,1616,364000000,480000000,0,0,2000000,10953000
2025-12-16,1225,7000000,135358000,0,0,3000000,0
2025-12-16,6283,31000000,153000000,0,0,0,4000000
2025-12-16,7799,58000000,210000000,0,0,26000000,17000
2025-12-16,8114,172000000,286100000,0,0,7000000,19122000
2025-12-16,6215,135266000,261000000,0,0,6000000,6688000
2025-12-16,4571,12000000,138000000,0,0,1000000,2552000
2025-12-16,3015,57000000,177226000,0,8591000,10588000,10020000
2025-12-16,3028,290200000,442000000,0,0,27000000,4000000
2025-12-16,009808,0,1000000,0,0,1822000000,1950141000
2025-12-16,1447,77001000,213000000,0,0,6000000,0
2025-12-16,00943,0,37000000,0,0,458000000,551982000
2025-12-16,2417,45000000,178000000,0,0,3000000,1289000
2025-12-16,2543,337001000,502789000,0,0,94170000,60031000
2025-12-16,1720,54000000,188000000,0,0,7000000,9000000
2025-12-16,2476,467000000,603353000,0,0,31429000,31403000
2025-12-16,2421,1799870000,1897000000,26000000,0,41000000,106207000
2025-12-16,6409,294792000,426826000,268000,1000000,18000000,22394000
2025-12-16,1460,9000000,96000000,0,0,4000000,55000000
2025-12-16,6869,323250000,462000000,0,0,6000000,6083000
2025-12-16,6526,46000000,253023000,71000000,1000000,12049000,14087000
2025-12-16,1524,197000000,337000000,0,0,4000000,3389000
2025-12-16,1227,98000000,239000000,0,0,29000000,28377000
2025-12-16,6923,63000000,207000000,0,0,5250000,1689000
2025-12-16,8016,185000000,525000000,210000000,2595000,2000000,9945000
2025-12-16,6672,104046000,247000000,0,0,2000000,1000
2025-12-16,1528,838000000,981000000,0,0,1000000,1000000
2025-12-16,2436,260000000,397000000,0,0,8606000,14768000
2025-12-16,00954,2030000,66000000,0,0,174000000,254196000
2025-12-16,2342,226000000,373000000,0,0,4000000,1805000
2025-12-16,6414,214126000,707000000,363000000,0,7000000,22122000
2025-12-16,1444,143000000,273000000,0,0,14000000,29300000
2025-12-16,3004,230000000,101001000,0,0,0,277098000
2025-12-16,2364,43000000,191250000,0,0,0,1784000
2025-12-16,2017,21000000,165000000,0,0,7000000,15436000
2025-12-16,00932,2000000,200043000,0,0,264000000,220532000
2025-12-16,6491,48000000,197000000,0,0,13181000,18784000
2025-12-16,5608,573000000,732000000,0,0,6001000,2122000
2025-12-16,00981T,0,11000000,0,0,537000000,682263000
2025-12-16,2348,56647000,208763000,0,0,8000000,12174000
2025-12-16,4968,184000000,313000000,0,0,11000000,38476000
2025-12-16,6625,20000000,179011000,0,0,15000000,14116000
2025-12-16,7780,18000000,177000000,0,0,0,0
2025-12-16,8213,76000000,240000000,0,0,12000000,7000000
2025-12-16,8404,73000000,237855000,0,0,20000000,14665000
2025-12-16,1708,87000000,257000000,0,0,18012000,8619000
2025-12-16,4956,882000000,1043000000,0,0,5078000,5838000
2025-12-16,00683L,0,0,0,0,0,162530000
2025-12-16,2038,54000000,216380000,0,0,3000000,5000000
2025-12-16,00893,31465000,66000000,0,0,510000000,640084000
2025-12-16,4938,4588829000,7793874000,2545831000,36271000,647350000,116606000
2025-12-16,6456,611000000,780000000,0,0,17000000,13259000
2025-12-16,6533,92483000,242004000,0,0,18000000,33929000
2025-12-16,3013,937000000,1010000000,0,0,30000000,122514000
2025-12-16,00882,104000000,1026000000,0,0,3348000000,2593443000
2025-12-16,6271,687000000,763000000,0,43000000,25820000,74678000
2025-12-16,5203,46040000,208000000,0,0,4130000,11166000
2025-12-16,6120,687000000,904901000,0,0,67000000,19000000
2025-12-16,3036,5761002000,10151420000,4400000000,464000000,351734000,67251000
2025-12-16,2723,279000000,444000000,0,0,10000000,15000000
2025-12-16,4536,42000000,212000000,0,0,8000000,10925000
2025-12-16,3149,268000000,439761000,0,0,2000000,3180000
2025-12-16,1736,181100000,294350000,0,59000000,23061000,28323000
2025-12-16,3017,1615704000,1664131000,171945000,171000000,119792000,255679000
2025-12-16,2102,50000000,239000000,0,0,7000000,2000000
2025-12-16,8464,750455000,943151000,0,2874000,20000000,9863000
2025-12-16,8163,121058000,277000000,0,9163000,15000000,35622000
2025-12-16,1307,90000000,289000000,0,0,9000000,2000000
2025-12-16,00700,5000000,181000000,0,0,240000000,257320000
2025-12-16,6806,375190000,566724000,0,0,9000000,12000000
2025-12-16,2258,114000000,293000000,0,0,64000000,80530000
2025-12-16,3703,164000000,374000000,0,0,45000000,31000000
2025-12-16,1476,306759000,575690000,71000000,1874000,21000000,17451000
2025-12-16,3026,447010000,606000000,2700000,0,12100000,54266000
2025-12-16,2401,580000000,784000000,0,0,32298000,27116000
2025-12-16,8104,865076000,1055232000,0,0,1000,11000000
2025-12-16,5434,389601000,311000000,9000000,291000000,21089000,18974000
2025-12-16,1464,19000000,225672000,0,0,3000000,0
2025-12-16,3535,766200000,972000000,0,0,9000000,9352000
2025-12-16,4904,5697315000,5971759000,0,57000000,244314000,119152000
2025-12-16,2376,998982000,1374120000,28000000,6000000,257250000,111895000
2025-12-16,8996,102000000,307000000,0,56000000,111000000,58699000
2025-12-16,2108,68000000,275000000,0,0,15000000,19000000
2025-12-16,2211,1009000000,3474000000,2260000000,3343000,14000000,17132000
2025-12-16,6269,471000000,634000000,0,0,27210000,78529000
2025-12-16,2731,90000000,312000000,12000000,0,17000000,22907000
2025-12-16,2031,152000000,371000000,0,0,12000000,11518000
2025-12-16,1536,290000000,485073000,0,0,48000000,71581000
2025-12-16,5234,175246000,369000000,8000000,1000000,17160000,49103000
2025-12-16,009812,19010000,495000000,0,0,1189000000,932673000
2025-12-16,3712,229000000,440000000,0,3880000,2075000,7310000
2025-12-16,6205,167000000,383000000,0,0,0,6516000
2025-12-16,00912,0,90000000,0,0,130000000,262647000
2025-12-16,00690,0,118000000,0,0,797000000,903786000
2025-12-16,2362,139000000,369000000,0,0,18000000,15592000
2025-12-16,1522,199000000,386000000,0,4628000,17000000,53626000
2025-12-16,2351,142000000,376000000,0,0,23026000,19205000
2025-12-16,3029,85700000,315000000,0,0,25000000,28469000
2025-12-16,2528,188601000,439200000,0,0,16000000,0
2025-12-16,3694,208570000,449000000,0,0,10000000,6897000
2025-12-16,5225,39000000,271000000,0,0,4000000,10333000
2025-12-16,2489,797000000,998003000,0,0,24000000,62003000
2025-12-16,2387,86000000,346000000,0,3828000,30000000,11188000
2025-12-16,4722,675794000,922000000,0,0,27000000,27456000
2025-12-16,00645,100000,6000,0,0,8000000,255433000
2025-12-16,8105,71000000,319000000,0,0,13000000,13000000
2025-12-16,1603,17000000,265000000,0,0,0,1000000
2025-12-16,1563,75000000,330000000,0,0,5000000,0
2025-12-16,6768,141000000,218000000,0,151183000,5966000,28314000
2025-12-16,3042,343000000,594000000,0,0,15000000,21731000
2025-12-16,2597,80000000,328920000,0,0,11000000,20428000
2025-12-16,2363,420100000,660200000,0,0,22492000,41875000
2025-12-16,2474,1444000000,1295232000,29000000,611829000,202000000,28786000
2025-12-16,00926,15000000,51600000,0,0,287000000,512669000
2025-12-16,1789,153000000,415000000,0,0,30000000,32000000
2025-12-16,2101,230806000,481364000,0,0,39000000,53248000
2025-12-16,2385,1102300000,1278790000,34400000,270686000,270000000,131066000
2025-12-16,3515,277390000,539365000,1000000,1000000,15016000,27177000
2025-12-16,6165,40018000,318000000,0,0,1000000,0
2025-12-16,00946,46000000,745000000,0,0,2567518000,2147890000
2025-12-16,2355,410000000,688000000,0,4066000,18976000,17005000
2025-12-16,1907,350000000,604000000,0,0,55000000,86000000
2025-12-16,3024,46000000,331000000,0,0,0,1000000
2025-12-16,2379,499620000,1617614000,808000000,79214000,122111000,19131000
2025-12-16,3686,62000000,350000000,0,0,1000000,0
2025-12-16,2820,116000000,427000000,0,0,90000000,66000000
2025-12-16,1319,220000000,804500000,157592000,1526000,167325000,32490000
2025-12-16,3005,903889000,1332000000,20000000,2000000,157090000,41240000
2025-12-16,2201,647000000,974640000,0,0,86000000,53299000
2025-12-16,009804,113000000,30000000,0,0,414095000,797377000
2025-12-16,3090,2282000000,2536000000,0,4418000,89053000,131456000
2025-12-16,00763U,0,0,0,0,616783000,917966000
2025-12-16,6753,1101100000,1369000000,35000000,0,20546000,89193000
2025-12-16,2340,775000000,1020000000,0,0,41663000,98278000
2025-12-16,1721,50000000,357000000,0,0,6000000,4922000
2025-12-16,1773,92101000,317400000,0,80400000,16000000,17560000
2025-12-16,1503,311284000,551000000,0,5735000,33000000,95640000
2025-12-16,6901,30000000,361000000,0,0,23000000,2000000
2025-12-16,00646,3186000,396000000,0,0,1450000000,1367393000
2025-12-16,00762,3100000,3000000,0,0,30000000,343091000
2025-12-16,2241,37000000,351000000,0,0,1000000,2000000
2025-12-16,9958,164036000,455000000,0,3000000,16923000,40476000
2025-12-16,4746,116000000,428000000,0,0,1000000,7088000
2025-12-16,1612,177000000,498000000,0,0,12092000,16648000
2025-12-16,5388,342000000,674000000,0,0,22000000,18738000
2025-12-16,9939,271000000,653346000,28000000,400000,47000000,26157000
2025-12-16,2601,69000000,407001000,0,0,6000000,3000000
2025-12-16,2204,367000000,694000000,0,3989000,18520000,22788000
2025-12-16,00905,36000000,118000000,0,0,573048000,828933000
2025-12-16,2458,370000000,1406090000,845000000,162812000,91000000,75425000
2025-12-16,1714,131000000,489000000,0,0,18000000,1000000
2025-12-16,2913,99000000,435000000,0,0,26000000,32000000
2025-12-16,2010,230000000,581000000,0,0,26000000,18000000
2025-12-16,3014,186000000,600000000,178000000,103242000,22195000,27304000
2025-12-16,2393,8055000000,2555000000,188000000,6422104000,418000000,32000000
2025-12-16,2645,426000000,745050000,18000000,0,69000000,122103000
2025-12-16,5243,219000000,588000000,0,0,30228000,23416000
2025-12-16,6781,205981000,537334000,18000000,0,46845000,100350000
2025-12-16,9917,104000000,324000000,0,177000000,45000000,16000000
2025-12-16,009801,151512000,32000000,0,0,805000000,1296555000
2025-12-16,2614,174000000,541880000,0,0,3000000,10000000
2025-12-16,2838,826000000,1257952000,0,0,237000000,183000000
2025-12-16,3035,1519823000,2059695000,0,0,308216000,155377000
2025-12-16,1909,247000000,599000000,0,0,52625000,88000000
2025-12-16,6691,487152000,829740000,0,11000000,27648000,63509000
2025-12-16,3049,470001000,863000000,0,0,4311000,7503000
2025-12-16,3605,327000000,735000000,0,0,29039000,18800000
2025-12-16,2208,588000000,988094000,0,0,33000000,35000000
2025-12-16,1529,165000000,568630000,0,0,2000000,2018000
2025-12-16,00892,64000000,27000000,0,0,982169000,1424536000
2025-12-16,00902,31000000,117000000,0,0,311000000,631241000
2025-12-16,2106,214000000,627000000,0,0,35000000,29187000
2025-12-16,9921,300026000,689500000,0,20000000,54000000,51964000
2025-12-16,3056,154950000,555143000,0,0,17000000,27895000
2025-12-16,2606,2741000000,4634170000,2863000000,305548000,383267000,1462036000
2025-12-16,3543,429000000,846000000,0,0,1000000,0
2025-12-16,3058,123000000,553049000,0,0,6000000,1000000
2025-12-16,3380,581000000,952000000,0,0,32546000,90271000
2025-12-16,3413,101267000,575105000,58000000,1000000,30001000,47341000
2025-12-16,3701,927500000,1372000000,0,0,9000000,8287000
2025-12-16,2511,107000000,548000000,0,0,61000000,68000000
2025-12-16,1434,459000000,939000000,0,0,71000000,51295000
2025-12-16,9945,1667000000,2307400000,260000000,8000000,149368000,233499000
2025-12-16,2498,2914020000,2812000000,0,0,81620000,656244000
2025-12-16,1513,905236000,1315100000,0,45147000,94000000,113875000
2025-12-16,4916,2825047000,2877000000,0,0,11034000,434001000
2025-12-16,3023,313000000,865000000,77205000,49000000,53228000,13811000
2025-12-16,00655L,25000000,198000000,0,0,1717000000,2031077000
2025-12-16,6243,456000000,938000000,0,0,2000000,7185000
2025-12-16,2405,292000000,789000000,0,0,5000000,2000000
2025-12-16,2338,128001000,590000000,0,0,43069000,76341000
2025-12-16,8926,348000000,859000000,0,0,46000000,48949000
2025-12-16,2206,119000000,562000000,0,69527000,32000000,34190000
2025-12-16,5284,320000000,734490000,0,0,18503000,124626000
2025-12-16,00647L,0,18000000,0,0,241000000,757008000
2025-12-16,1582,83000000,616000000,0,0,13000000,14295000
2025-12-16,2451,3068005000,2159800000,83600000,1348145000,52029000,243354000
2025-12-16,4763,1317350000,4508248000,2668000000,52724000,127028000,103535000
2025-12-16,2228,366108000,859409000,0,0,6000000,69995000
2025-12-16,1589,89000000,653118000,0,0,11000000,12781000
2025-12-16,1795,787248000,1484850000,40000000,0,187577000,96866000
2025-12-16,1308,193000000,767000000,0,0,20000000,21906000
2025-12-16,6962,293015000,874000000,0,0,11834000,7597000
2025-12-16,1904,244000000,804000000,0,44975000,65000000,43378000
2025-12-16,009811,525000000,0,0,0,1593000000,2702787000
2025-12-16,1710,149000000,745000000,0,0,32000000,28276000
2025-12-16,8271,660005000,1197000000,0,0,2434000,62330000
2025-12-16,6531,830469000,1066746000,42000000,336000000,68000000,137698000
2025-12-16,3006,1110501000,1423500000,0,0,127372000,431545000
2025-12-16,2912,625373000,1184684000,0,61980000,74000000,74086000
2025-12-16,2383,1453610000,2207308000,104009000,32901000,238214000,177980000
2025-12-16,2049,590359000,1197011000,0,0,42732000,59411000
2025-12-16,6589,270000000,898000000,0,0,13000000,13091000
2025-12-16,2605,3156000000,3066000000,0,0,63420000,787095000
2025-12-16,1305,182000000,805000000,0,0,13000000,24505000
2025-12-16,1519,2497724000,3253845000,209000000,4334000,172321000,257775000
2025-12-16,1229,145251000,794706000,0,0,79000000,70443000
2025-12-16,3714,378000000,1020000000,0,0,38000000,38000000
2025-12-16,3167,1621220000,2279160000,0,0,38115000,46705000
2025-12-16,2347,3527000000,3366353000,63000000,896759000,339270000,338966000
2025-12-16,00850,4260000,139000000,30000000,0,92000000,675145000
2025-12-16,1310,53000000,729000000,0,0,17000000,29344000
2025-12-16,3030,2442500000,1414000000,0,1441000000,64464000,343144000
2025-12-16,9914,758000000,1405000000,0,0,39000000,83801000
2025-12-16,1514,968979000,1544206000,0,0,14000000,135451000
2025-12-16,2630,131000000,819000000,0,0,5010000,16281000
2025-12-16,3661,257686000,766928000,16000000,162000000,155582000,200324000
2025-12-16,00674R,0,0,0,0,402241000,1104006000
2025-12-16,6757,1797000000,1104231000,0,1385000000,26054000,40926000
2025-12-16,00927,30500000,401000000,0,0,1619180000,1965807000
2025-12-16,3011,450000000,1179000000,0,0,7552000,1000000
2025-12-16,2834,5815416000,6445167000,0,1000000,387000000,488000000
2025-12-16,00952,2000000,21000000,0,0,668000000,1384215000
2025-12-16,1313,460000000,1218000000,0,0,42000000,37000000
2025-12-16,6176,2953000000,2771149000,23000000,1070074000,186000000,91958000
2025-12-16,3019,666123000,1382930000,0,0,103000000,181576000
2025-12-16,6278,248522000,974000000,0,42079000,43000000,71184000
2025-12-16,2332,935144000,1771000000,0,0,58631000,19804000
2025-12-16,2034,228870000,863815000,0,0,23000000,200002000
2025-12-16,1608,2077864000,2728010000,0,0,24956000,238716000
2025-12-16,2352,2696179000,3605080000,62000000,85000000,88142000,48595000
2025-12-16,3189,2968103000,3417896000,166000000,3000000,13006000,631890000
2025-12-16,4934,210000000,1119120000,0,0,6024000,3000000
2025-12-16,1727,239000000,1147000000,0,0,5000000,5230000
2025-12-16,00947,7000000,177000000,0,0,295000000,1041181000
2025-12-16,2855,600000000,1513500000,0,6000000,0,0
2025-12-16,00904,58000000,106000000,0,0,480000000,1355015000
2025-12-16,2915,243000000,1119000000,0,3000000,37000000,96000000
2025-12-16,1312,663000000,1351483000,0,0,35391000,294801000
2025-12-16,1304,1116000000,1997000000,0,0,51000000,119628000
2025-12-16,2014,2276000000,2688000000,0,0,270000000,808047000
2025-12-16,2395,1307154000,2250431000,23000000,45642000,60000000,47494000
2025-12-16,9938,174000000,1112000000,0,0,20000000,41133000
2025-12-16,00685L,18170000,22000000,0,0,688506000,1668094000
2025-12-16,009813,500000,24000000,0,0,2936000000,3920000000
2025-12-16,6285,1129010000,2178900000,1000000,69619000,144000000,39017000
2025-12-16,009805,62000000,94000000,0,0,2009000000,3005735000
2025-12-16,6116,1038000000,1973000000,0,0,104000000,227435000
2025-12-16,2903,2094000000,5304000000,2079000000,6000000,113000000,39000000
2025-12-16,2455,687612000,1490000000,0,31000000,25000000,255159000
2025-12-16,9933,550342000,1613982000,0,19000000,42000000,37472000
2025-12-16,6477,822000000,1899000000,0,0,10000000,28435000
2025-12-16,4958,2909119000,3693000000,665000000,1110000000,281353000,153773000
2025-12-16,00692,19000,206000000,0,0,1374000000,2269733000
2025-12-16,2331,4418000000,5044000000,0,0,283870000,761189000
2025-12-16,00964,0,29000000,0,0,865000000,1948993000
2025-12-16,00951,12000000,597000000,0,0,9000000,551931000
2025-12-16,009800,22655000,94000000,0,0,530000000,1597851000
2025-12-16,2887I,943000,1149000000,0,0,0,0
2025-12-16,00934,0,425000000,0,0,850764000,1581718000
2025-12-16,3576,1297000000,2438000000,0,0,66260000,83000000
2025-12-16,2885,22620037000,21553734000,579000000,3899000000,2510251000,1432655000
2025-12-16,00670L,22550000,0,0,0,42000000,1283799000
2025-12-16,6153,248181000,1452529000,0,0,54000000,79325000
2025-12-16,00923,41000000,195000000,0,1000000000,1108054000,1193940000
2025-12-16,3704,597000000,1844000000,0,0,22000000,16710000
2025-12-16,00752,58054000,203000000,0,0,366000000,1488033000
2025-12-16,1905,124000000,1395000000,0,0,38000000,37791000
2025-12-16,2023,270000000,1552860000,0,0,70000000,59001000
2025-12-16,00971,0,48000000,0,0,308000000,1550700000
2025-12-16,2646,862000000,2117000000,0,0,89000000,144000000
2025-12-16,2009,1087000000,2122000000,0,0,26260000,343979000
2025-12-16,00633L,550000000,1487000000,0,0,3913300000,4382097000
2025-12-16,4915,1573800000,1479000000,0,1507276000,48000000,55537000
2025-12-16,2492,884169000,2056000000,1000000,0,33603000,298769000
2025-12-16,1718,285001000,1722000000,0,0,61000000,63000000
2025-12-16,2634,810289000,2063000000,0,0,60200000,249293000
2025-12-16,6209,2832826000,4226000000,0,0,47000000,103022000
2025-12-16,2897,1128000000,2597000000,0,9000000,141000000,125000000
2025-12-16,2329,2956431000,4024500000,0,0,67366000,465034000
2025-12-16,3050,1294000000,2826000000,0,0,3000000,11619000
2025-12-16,6213,1187135000,2588000000,0,0,42300000,209938000
2025-12-16,1210,754000000,2622000000,348000000,29000000,63000000,114631000
2025-12-16,00885,1701350000,3078000000,0,0,583214000,836238000
2025-12-16,8021,6678000000,8296200000,0,0,50000000,83755000
2025-12-16,2412,2335610000,3991391000,0,38000000,276299000,239791000
2025-12-16,2345,1808317000,5129001000,1654063000,11980000,189246000,200535000
2025-12-16,3305,8423166000,10549500000,0,0,544814000,152261000
2025-12-16,1442,5962000000,3895297000,0,3890000000,76154000,18865000
2025-12-16,00983A,52000000,1188000000,0,0,1049000000,1702603000
2025-12-16,2419,1229000000,3082000000,0,0,18245000,21338000
2025-12-16,1722,691000000,1349000000,0,1238000000,36000000,31477000
2025-12-16,2328,656959000,2481000000,0,0,103000000,177403000
2025-12-16,00662,32152000,138000000,0,0,114000000,1992522000
2025-12-16,00935,235100000,623000000,0,0,1385000000,2998773000
2025-12-16,6505,1914500000,3724451000,0,24552000,275303000,462455000
2025-12-16,8046,2885441000,4528265000,60000000,151837000,148000000,459760000
2025-12-16,6257,3169000000,2055100000,51000000,2848000000,172570000,537244000
2025-12-16,2439,2139010000,2101666000,3100000,2105287000,82000000,85767000
2025-12-16,3045,3296713000,5682352000,321000000,29000000,191211000,182830000
2025-12-16,6443,1337000000,3706000000,0,0,530625000,316000000
2025-12-16,2481,2065860000,4873000000,1662000000,392000000,242112000,1014873000
2025-12-16,8070,371025000,2735000000,0,10756000,40000000,40723000
2025-12-16,2441,5764000000,10440000000,2086000000,2000000,619843000,419231000
2025-12-16,1402,2782000000,5220009000,0,23000000,239000000,218240000
2025-12-16,2615,2007555000,4978561000,0,107000000,892695000,261184000
2025-12-16,2633,1193485000,3621417000,0,20000000,95000000,96580000
2025-12-16,00675L,61436000,176000000,0,0,697230000,3034543000
2025-12-16,00830,350400000,1132000000,0,0,552000000,2269776000
2025-12-16,1717,802136000,3064000000,0,0,65136000,309169000
2025-12-16,00989A,4100000,1003000000,0,0,333000000,1842965000
2025-12-16,00894,21100000,297000000,0,0,508000000,2922172000
2025-12-16,2354,1936234000,4533000000,51000000,112707000,135000000,305500000
2025-12-16,4906,1602000000,4604000000,0,13038000,237907000,160114000
2025-12-16,1609,579531000,3441893000,0,35646000,97000000,150629000
2025-12-16,2618,14445500000,19542986000,813000000,307744000,2301646000,720119000
2025-12-16,2105,3260829000,6651350000,9688000,218680000,701000000,131121000
2025-12-16,2308,4513406000,7464259000,115000000,199737000,388095000,473957000
2025-12-16,2449,5057987000,6000479000,1502734000,2475000000,884159000,2203648000
2025-12-16,3715,5822752000,8854256000,60000000,0,358389000,646171000
2025-12-16,2515,4324993000,7585000000,0,0,98000000,200373000
2025-12-16,00900,17151000,554000000,0,0,2270280000,5203474000
2025-12-16,2367,7359312000,10853883000,0,0,529002000,565687000
2025-12-16,2353,5333003000,10066000000,147000000,12624000,1590000000,634018000
2025-12-16,3702,3127532000,13167269000,6389000000,5863000,547003000,620448000
2025-12-16,2406,10815000000,14585000000,0,0,18748000,18388000
2025-12-16,6191,1964283000,5433327000,104000000,0,138002000,586034000
2025-12-16,00631L,109831000,543000000,0,0,661480000,4192869000
2025-12-16,00706L,0,60000000,0,0,944000000,4851158000
2025-12-16,1802,17630993000,18294660000,0,0,737532000,4071489000
2025-12-16,3706,2970048000,6725047000,45000000,250000000,788327000,860352000
2025-12-16,2457,2821000000,6276000000,0,0,292205000,880859000
2025-12-16,2610,13303373000,18129500000,662000000,413000000,1593507000,1232669000
2025-12-16,00891,503593000,1529000000,0,0,2379000000,5769344000
2025-12-16,00757,2270000,910000000,0,0,314000000,3967426000
2025-12-16,1301,3770218000,8688300000,0,0,1016657000,848400000
2025-12-16,00896,146000000,99000000,0,0,2062398000,7254070000
2025-12-16,2356,1556029000,7545000000,137000000,0,791538000,271764000
2025-12-16,2027,3786000000,16283787000,6780000000,0,603530000,369482000
2025-12-16,006208,167216000,1632100000,0,0,1350880000,5405692000
2025-12-16,2801,6217288000,13820676000,2590000000,0,478000000,1143789000
2025-12-16,00650L,112000000,857000000,0,0,1233009000,6193549000
2025-12-16,2327,5139786000,10276933000,111876000,481785000,571000000,1309563000
2025-12-16,4927,5339000000,11598957000,0,0,24000000,33667000
2025-12-16,00984A,130000000,1240000000,0,0,3095000000,8531193000
2025-12-16,5469,3337116000,9827881000,0,0,120735000,199612000
2025-12-16,1102,6033800000,11324697000,3073000000,4970960000,815000000,216470000
2025-12-16,00940,41105000,7573200000,0,0,5022385000,4108007000
2025-12-16,00881,28164000,4983000000,0,0,3200044000,5119164000
2025-12-16,009803,5000000,118000000,0,0,2741920000,9885284000
2025-12-16,1326,7955269000,14946055000,0,16000000,501703000,980666000
2025-12-16,2408,1877634000,7945637000,196191000,343000000,305000000,1606507000
2025-12-16,2313,20671000000,31505279000,3461000000,0,3452500000,4137780000
2025-12-16,00909,61437000,5782000000,0,0,1308000000,3920824000
2025-12-16,1314,2027000000,10082000000,0,0,132000000,521015000
2025-12-16,00985A,310280000,513000000,0,0,3017000000,11273742000
2025-12-16,2330,12301721000,24966800000,2575000000,82931000,2378495000,1132304000
2025-12-16,2882,49798621000,26414071000,140000000,33662256000,2240348000,1032065000
2025-12-16,2891,56062859000,26606545000,1150000000,41928279000,3848139000,1820278000
2025-12-16,00922,32370000,3528000000,0,0,6550821000,12916525000
2025-12-16,00929,3981736000,11316000000,0,0,4604512000,7351785000
2025-12-16,6282,13227032000,21950120000,0,13000000,698605000,2355143000
2025-12-16,00663L,139000000,215000000,0,0,1204730000,11811293000
2025-12-16,00980A,191219000,1388000000,0,0,3852000000,13823689000
2025-12-16,2409,13608291000,24934000000,308809000,76707000,529000000,748651000
2025-12-16,2886,18572302000,33377798000,965000000,64000000,2031309000,512605000
2025-12-16,3231,5405284000,17197786000,485554000,941000000,1087753000,1497997000
2025-12-16,00637L,2435000000,12569000000,0,0,11495346000,14620406000
2025-12-16,2382,6154782000,20655102000,548298000,29139000,1150500000,770226000
2025-12-16,00753L,1283000000,2800000000,0,0,2704000000,15155614000
2025-12-16,00642U,197185000,669000000,0,0,702000000,17138470000
2025-12-16,2371,29788229000,36271335000,9500000,8909631000,1047000000,2901897000
2025-12-16,2317,15695948000,34914010000,1491000000,1192261000,2200611000,1731361000
2025-12-16,2002,4260700000,23211124000,0,85000000,789000000,865052000
2025-12-16,1101,7469000000,26118770000,0,65000000,395000000,1217583000
2025-12-16,2337,17011880000,33627000000,1306000000,0,200319000,4560825000
2025-12-16,00878,182190000,24699000000,0,0,9654813000,6170690000
2025-12-16,2344,71827996000,88153643000,419558000,756000000,5413660000,11266565000
2025-12-16,00665L,363000000,4768000000,0,0,2599000000,21040478000
2025-12-16,3481,16004009000,38326999000,428991000,19000000,325000000,1422865000
2025-12-16,00988A,156000000,8089000000,0,0,1392000000,19148000000
2025-12-16,6770,22888751000,56759036000,164000000,227000000,2404024000,4959627000
2025-12-16,1605,7188001000,43482361000,0,85833000,574000000,3954372000
2025-12-16,00918,379100000,674000000,0,0,3214847000,48277382000
2025-12-16,00715L,150000000,5113000000,0,0,2750000000,45937292000
2025-12-16,00982A,581764000,6523000000,0,0,6513458000,52996748000
2025-12-16,0052,916820000,4317544000,0,0,14936470000,70212504000
2025-12-16,0056,3955672000,14366000000,0,0,302999000,49250569000
2025-12-16,00919,7275477000,30965000000,0,0,16339260000,64022055000
2025-12-16,0050,1693261000,75048853000,0,3523000000,31085738000,45342745000
2025-12-16,00981A,9494801000,9509070000,0,0,9758000000,139876364000
2025-12-16,00679B,17258000000,1364000000,0,0,14914323000,11982446000
2025-12-16,00687B,7523000000,2168000000,0,0,13781067000,6395899000
2025-12-16,00687C,0,0,0,0,50400000,50400000
2025-12-16,00694B,331000000,0,0,0,193924000,504244000
2025-12-16,00695B,58000000,0,0,0,269107000,281113000
2025-12-16,00696B,3037000000,1000000,0,0,2699909000,5478509000
2025-12-16,00697B,16000000,13000000,0,0,135651000,96306000
2025-12-16,00719B,223000000,44000000,0,0,327541000,25950000
2025-12-16,00720B,1063000000,258000000,0,0,2517111000,0
2025-12-16,00722B,183000000,124000000,0,0,2250410000,2183240000
2025-12-16,00723B,0,40000000,0,0,162000000,100000000
2025-12-16,00724B,278000000,11000000,0,0,3526406000,3595250000
2025-12-16,00725B,341000000,938000000,0,0,2353876000,598553000
2025-12-16,00726B,11000000,5000000,0,0,131062000,115442000
2025-12-16,00727B,0,0,0,0,109661000,107199000
2025-12-16,00734B,0,38000000,0,0,524000000,448000000
2025-12-16,00740B,1820000000,0,0,0,1691250000,3365284000
2025-12-16,00741B,0,2000000,0,0,201155000,204000000
2025-12-16,00746B,795000000,1000000,0,0,178000000,963000000
2025-12-16,00749B,4000000,1000000,0,0,103000000,103000000
2025-12-16,00750B,0,1000000,0,0,101000000,100000000
2025-12-16,00751B,480000000,10000000,0,0,612693000,70039000
2025-12-16,00754B,1000000,2000000,0,0,100000000,100000000
2025-12-16,00755B,9000000,31000000,0,0,130004000,100002000
2025-12-16,00756B,12000000,5000000,0,0,138000000,101000000
2025-12-16,00758B,0,0,0,0,100000000,100000000
2025-12-16,00759B,0,0,0,0,101000000,100002000
2025-12-16,00760B,4000000,2000000,0,0,103960000,101528000
2025-12-16,00761B,11000000,141000000,0,0,257469000,103000000
2025-12-16,00764B,990000000,0,0,0,1786034000,2481264000
2025-12-16,00768B,682000000,0,0,0,1343631000,867608000
2025-12-16,00772B,2070330000,31000000,0,0,808697000,1092882000
2025-12-16,00773B,222300000,1000000,0,0,295334000,124384000
2025-12-16,00777B,0,1000000,0,0,100000000,100000000
2025-12-16,00778B,1000000,0,0,0,100000000,100000000
2025-12-16,00779B,3000000,2000000,0,0,300000000,300000000
2025-12-16,00780B,8000000,1000000,0,0,101200000,101000000
2025-12-16,00781B,0,12000000,0,0,136000000,100571000
2025-12-16,00782B,0,7000000,0,0,164000000,100000000
2025-12-16,00785B,25000000,1000000,0,0,101000000,127000000
2025-12-16,00786B,24000000,226000000,0,0,100000000,301000000
2025-12-16,00787B,4000000,0,0,0,21000000,0
2025-12-16,00788B,2000000,5000000,0,0,71000000,0
2025-12-16,00789B,3000000,3000000,0,0,101000000,100000000
2025-12-16,00791B,0,0,0,0,100000000,100000000
2025-12-16,00792B,3000000,36000000,0,0,120149000,100094000
2025-12-16,00793B,0,0,0,0,112001000,101064000
2025-12-16,00795B,2170000000,125000000,0,0,3056519000,2185522000
2025-12-16,00799B,0,0,0,0,168000000,106390000
2025-12-16,00834B,0,0,0,0,100000000,100000000
2025-12-16,00836B,1000000,0,0,0,202000000,200403000
2025-12-16,00840B,0,0,0,0,100000000,100000000
2025-12-16,00841B,0,0,0,0,100000000,100000000
2025-12-16,00842B,0,2000000,0,0,105000000,100000000
2025-12-16,00844B,6000000,0,0,0,0,0
2025-12-16,00845B,0,0,0,0,101000000,101000000
2025-12-16,00846B,0,4000000,0,0,104047000,101000000
2025-12-16,00847B,0,3000000,0,0,305000000,300064000
2025-12-16,00848B,0,0,0,0,302000000,301000000
2025-12-16,00849B,0,0,0,0,303410000,304986000
2025-12-16,00853B,29000000,1000000,0,0,1506072000,1502337000
2025-12-16,00856B,18000000,0,0,0,8000000,12100000
2025-12-16,00857B,567000000,13000000,0,0,897006000,462000000
2025-12-16,00858,0,22000000,0,0,88083000,218951000
2025-12-16,00859B,0,216000000,0,0,2522239000,2569174000
2025-12-16,00860B,0,0,0,0,107928000,102245000
2025-12-16,00862B,74000000,0,0,0,328796000,343062000
2025-12-16,00863B,10000000,16000000,0,0,361000000,351000000
2025-12-16,00864B,1128000000,0,0,0,679000000,546000000
2025-12-16,00870B,10000000,2000000,0,0,2000000,0
2025-12-16,00877,695000000,323000000,0,0,1667678000,1306007000
2025-12-16,00883B,0,3000000,0,0,333252000,302626000
2025-12-16,00884B,0,3000000,0,0,308030000,305788000
2025-12-16,00886,0,0,0,0,1000000,1925000
2025-12-16,00887,2123000000,969000000,0,0,4820355000,2568771000
2025-12-16,00888,0,250000000,0,0,215000000,519921000
2025-12-16,00890B,4000000,27000000,0,0,324000000,300000000
2025-12-16,00928,2000000,114000000,0,0,354265000,279334000
2025-12-16,00931B,964080000,0,0,0,1570895000,791000000
2025-12-16,00933B,4110000000,102000000,0,0,3849235000,1966940000
2025-12-16,00937B,7544000000,2519000000,0,0,11921000000,8166276000
2025-12-16,00942B,2028000000,0,0,0,521001000,416745000
2025-12-16,00948B,2522000000,2225000000,0,0,3796000000,1553400000
2025-12-16,00950B,3304000000,0,0,0,880223000,1685844000
2025-12-16,00955,206500000,1581000000,0,0,800000000,5284989000
2025-12-16,00957B,0,0,0,0,319000000,200063000
2025-12-16,00958B,0,9000000,0,0,936000000,276000000
2025-12-16,00959B,93000000,814000000,0,0,1423837000,59302000
2025-12-16,00966B,0,6000000,0,0,612009000,426243000
2025-12-16,00967B,14000000,0,0,0,706364000,50000000
2025-12-16,00968B,52000000,9000000,0,0,247000000,11968000
2025-12-16,00969B,59000000,17000000,0,0,1102350000,185836000
2025-12-16,00970B,28000000,25000000,0,0,1661118000,549000000
2025-12-16,00980B,0,0,0,0,779000000,88453000
2025-12-16,00980D,13000000,0,0,0,1409000000,557289000
2025-12-16,00980T,0,55000000,0,0,913000000,608470000
2025-12-16,00981B,16000000,504000000,0,0,1166000000,6574934000
2025-12-16,00981D,64000000,9000000,0,0,575000000,4666507000
2025-12-16,00982B,0,1000000,0,0,725065000,734073000
2025-12-16,00983B,0,0,0,0,2023061000,2017000000
2025-12-16,00984B,71000000,0,0,0,2114140000,2125000000
2025-12-16,00986B,20000000,0,0,0,322000000,273000000
2025-12-16,1240,0,3000000,0,0,92000,0
2025-12-16,1264,3000000,0,0,0,0,0
2025-12-16,1268,1000000,1000000,0,0,0,0
2025-12-16,1294,0,2000000,0,0,0,0
2025-12-16,1295,67000000,32000000,0,0,9000,6000000
2025-12-16,1336,0,4000000,0,0,0,0
2025-12-16,1565,18000000,158000000,0,0,2000000,3374000
2025-12-16,1569,92000000,171000000,0,0,1400000,843000
2025-12-16,1570,28000000,26000000,0,0,0,0
2025-12-16,1584,148631000,112000000,0,0,0,815000
2025-12-16,1586,25000000,135000000,0,0,0,0
2025-12-16,1591,27000000,35000000,0,0,5000000,5037000
2025-12-16,1593,1000000,0,0,0,0,0
2025-12-16,1595,21000000,19000000,0,0,1000000,107000
2025-12-16,1599,1000000,0,0,0,0,0
2025-12-16,1777,4000000,6000000,0,0,0,0
2025-12-16,1781,0,1000000,0,0,0,11000
2025-12-16,1784,126002000,104000000,0,0,31925000,64234000
2025-12-16,1785,3367000000,2700000000,7000000,0,253829000,794000000
2025-12-16,1799,30000000,31000000,0,0,0,108000
2025-12-16,1813,0,7000000,0,0,0,0
2025-12-16,1815,5791040000,7206000000,27000000,0,342771000,247990000
2025-12-16,2061,16000000,65000000,0,0,0,0
2025-12-16,2065,8000000,7000000,0,0,0,7000
2025-12-16,2066,8000000,5000000,0,0,0,0
2025-12-16,2067,0,14000000,0,0,0,0
2025-12-16,2070,20000000,3000000,0,0,0,0
2025-12-16,2221,0,6000000,0,0,0,0
2025-12-16,2230,104000000,129000000,0,0,100000,83805000
2025-12-16,2596,5000000,57000000,0,0,0,0
2025-12-16,2640,400000,0,0,0,0,0
2025-12-16,2641,408000000,1275000000,0,0,19000000,49494000
2025-12-16,2643,2000000,0,0,0,0,0
2025-12-16,2718,3000000,10000000,0,0,0,0
2025-12-16,2726,4000000,9000000,0,0,0,1000000
2025-12-16,2729,2000000,0,0,0,0,0
2025-12-16,2732,1000000,5000000,0,0,0,0
2025-12-16,2734,4000000,0,0,0,0,0
2025-12-16,2736,7000000,14000000,0,0,0,0
2025-12-16,2740,0,3000000,0,0,0,0
2025-12-16,2743,21050000,40000000,0,0,2000000,2769000
2025-12-16,2745,41000000,63000000,0,0,7000000,5622000
2025-12-16,2754,2000000,1000000,0,0,0,0
2025-12-16,2755,14000000,29000000,0,0,13000000,0
2025-12-16,2756,4000000,1000000,0,0,0,0
2025-12-16,2916,0,2000000,0,0,0,0
2025-12-16,2926,1000000,0,0,0,0,0
2025-12-16,3066,10000000,0,0,0,0,0
2025-12-16,3071,25000000,53000000,0,0,0,0
2025-12-16,3073,76000000,50000000,0,0,0,0
2025-12-16,3078,581000000,751000000,0,0,24000000,54747000
2025-12-16,3081,2067000000,2349000000,72000000,243000000,662358000,865576000
2025-12-16,3083,28000000,2000000,0,0,1000,0
2025-12-16,3086,16000000,45000000,0,0,0,1125000
2025-12-16,3088,24000000,141688000,0,0,10804000,14000000
2025-12-16,3093,4000000,15000000,0,0,0,0
2025-12-16,3095,0,0,0,0,14000,0
2025-12-16,3105,8103466000,12273022000,14000000,32083000,768282000,1346908000
2025-12-16,3114,0,3000000,0,0,0,0
2025-12-16,3118,1000000,5000000,0,0,0,0
2025-12-16,3122,6000000,17000000,0,0,0,5000
2025-12-16,3128,30000000,150000000,0,0,354000,1153000
2025-12-16,3131,91000000,131150000,4000000,0,21470000,68278000
2025-12-16,3141,198000000,139000000,0,0,1306000,13526000
2025-12-16,3147,23240000,32000000,0,0,0,3672000
2025-12-16,3152,452000000,444000000,0,0,21089000,46755000
2025-12-16,3158,0,2000000,0,0,0,0
2025-12-16,3162,287000000,403000000,0,0,0,0
2025-12-16,3163,260020000,1072608000,0,0,172000000,232298000
2025-12-16,3169,18000000,48000000,0,0,864000,581000
2025-12-16,3171,16000000,7000000,0,0,0,0
2025-12-16,3176,128000000,125000000,0,0,0,0
2025-12-16,3178,1000000,0,0,0,0,0
2025-12-16,3188,103000000,61000000,0,0,1000000,7328000
2025-12-16,3205,17000000,48000000,0,0,0,0
2025-12-16,3206,0,6000000,0,0,0,0
2025-12-16,3207,65000000,216000000,0,0,37117000,6087000
2025-12-16,3211,1714005000,1578000000,144000000,603000000,60511000,153600000
2025-12-16,3213,74025000,149000000,0,2012000,1000000,6263000
2025-12-16,3217,72150000,444000000,0,0,47000000,29278000
2025-12-16,3218,20000000,24000000,0,0,2000000,1766000
2025-12-16,3219,102000000,119000000,0,0,2000000,2183000
2025-12-16,3221,49000000,104000000,0,0,0,0
2025-12-16,3224,1000000,1000000,0,0,0,0
2025-12-16,3227,712000000,756000000,148000000,0,60000000,69266000
2025-12-16,3228,53000000,78000000,0,0,4081000,3524000
2025-12-16,3230,35000000,96000000,0,0,1000,8001000
2025-12-16,3232,0,1000000,0,0,0,0
2025-12-16,3234,317000000,129000000,0,0,2000000,1374000
2025-12-16,3236,498000000,764000000,0,0,0,435000
2025-12-16,3252,0,0,0,0,9000,0
2025-12-16,3259,0,2000000,0,0,0,0
2025-12-16,3260,2681010000,3603450000,301576000,450000000,47338000,1592454000
2025-12-16,3264,1892700000,3051000000,41900000,1772000,84277000,554192000
2025-12-16,3265,241100000,561000000,0,0,15148000,104958000
2025-12-16,3268,3000000,1000000,0,0,0,0
2025-12-16,3272,0,4000000,0,0,0,0
2025-12-16,3276,27000000,7000000,0,0,0,0
2025-12-16,3284,2000000,54000000,0,0,0,1000
2025-12-16,3285,2000000,1000000,0,0,0,0
2025-12-16,3287,16000000,20000000,0,0,1000000,541000
2025-12-16,3289,123275000,155000000,0,0,4172000,4627000
2025-12-16,3290,150000000,86000000,0,0,25100000,5563000
2025-12-16,3293,187845000,884100000,1000000,0,202000000,226250000
2025-12-16,3294,198000000,228000000,0,0,2000000,8945000
2025-12-16,3297,173000000,39000000,0,0,1000000,1255000
2025-12-16,3303,7000000,47000000,0,0,0,268000
2025-12-16,3306,92000000,46000000,0,0,0,0
2025-12-16,3310,13000000,27000000,0,0,0,5000000
2025-12-16,3313,75000000,100000000,0,0,2000000,2232000
2025-12-16,3317,91000000,128000000,0,0,1000000,2729000
2025-12-16,3322,472000000,835000000,0,0,0,2815000
2025-12-16,3323,1013050000,561000000,0,0,3454000,4645000
2025-12-16,3324,639556000,617300000,2000000,18000000,27691000,189371000
2025-12-16,3325,20000000,0,0,0,0,0
2025-12-16,3332,3000000,47000000,0,0,0,0
2025-12-16,3339,30000000,116000000,0,0,0,1000000
2025-12-16,3349,73000000,4000000,0,0,0,0
2025-12-16,3354,35000000,40000000,0,0,5000000,5000000
2025-12-16,3357,252000000,156000000,0,1983000,2071000,49325000
2025-12-16,3360,28000000,4000000,0,0,0,1000
2025-12-16,3362,126000000,284000000,0,0,6200000,8541000
2025-12-16,3363,37000000,87385000,0,0,2000000,21087000
2025-12-16,3372,110000000,242000000,0,0,2000000,2416000
2025-12-16,3373,3000000,16000000,0,0,0,0
2025-12-16,3374,437000000,734130000,0,0,68000000,69350000
2025-12-16,3379,83000000,86000000,0,0,0,0
2025-12-16,3388,0,4000000,0,0,0,0
2025-12-16,3390,27000000,36000000,0,0,0,0
2025-12-16,3402,195000000,126000000,0,2155000,8000000,42052000
2025-12-16,3430,104000000,186000000,0,0,1000000,384000
2025-12-16,3434,38000000,50000000,0,0,0,0
2025-12-16,3438,30000000,58000000,0,0,0,0
2025-12-16,3441,147000000,87000000,0,0,2000000,0
2025-12-16,3444,40000000,42000000,0,0,0,0
2025-12-16,3455,97000000,140000000,0,0,3000000,6785000
2025-12-16,3466,107500000,217000000,0,0,0,91000
2025-12-16,3467,15000000,9000000,0,0,0,0
2025-12-16,3479,74000000,157000000,0,1973000,6000000,10648000
2025-12-16,3483,76000000,143000000,0,0,1884000,519000
2025-12-16,3484,4000000,103000000,0,0,0,278000
2025-12-16,3489,0,11000000,0,0,0,0
2025-12-16,3490,295000000,440000000,0,0,8000000,4028000
2025-12-16,3491,1543000000,1472837000,0,0,34300000,167901000
2025-12-16,3492,4000000,26000000,0,0,0,2000
2025-12-16,3498,75000000,220000000,0,0,84511000,7363000
2025-12-16,3499,5000000,9000000,0,0,2000000,2551000
2025-12-16,3508,1000000,3000000,0,0,0,9000
2025-12-16,3511,14000000,46000000,0,0,1000000,472000
2025-12-16,3516,0,1000000,0,0,0,0
2025-12-16,3520,55000000,62000000,0,0,0,0
2025-12-16,3521,10000000,28000000,0,0,0,0
2025-12-16,3522,4000000,4000000,0,0,176000,0
2025-12-16,3526,56000000,42000000,0,904000,2410000,10952000
2025-12-16,3527,87000000,85000000,0,0,0,271000
2025-12-16,3529,187182000,574880000,0,41389000,74069000,139924000
2025-12-16,3537,79000000,188000000,0,0,0,1000
2025-12-16,3540,22000000,31000000,0,0,0,326000
2025-12-16,3546,42000000,66001000,0,0,2100000,12611000
2025-12-16,3548,120000000,75000000,0,0,1199000,1741000
2025-12-16,3551,1004001000,406000000,0,0,4936000,158916000
2025-12-16,3552,24000000,94000000,0,0,2000000,1973000
2025-12-16,3555,682000000,847000000,0,0,20000,8002000
2025-12-16,3556,1000000,1000000,0,0,0,0
2025-12-16,3558,31000000,62000000,0,0,2694000,8046000
2025-12-16,3564,30000000,35000000,0,0,10000,1000
2025-12-16,3567,0,1000000,0,0,0,0
2025-12-16,3570,0,1000000,0,0,0,0
2025-12-16,3577,16000000,39000000,0,0,230000,8141000
2025-12-16,3580,9000000,74000000,0,0,1021000,966000
2025-12-16,3581,165000000,156000000,0,0,1000000,852000
2025-12-16,3587,85000000,99000000,0,0,25000000,19722000
2025-12-16,3594,7000000,30000000,0,0,1000000,1303000
2025-12-16,3597,0,2000000,0,0,0,0
2025-12-16,3609,12000000,42000000,0,0,0,3000000
2025-12-16,3611,15000000,14000000,0,0,0,0
2025-12-16,3615,76000000,159000000,0,0,0,0
2025-12-16,3623,1000000,3000000,0,0,503000,1000000
2025-12-16,3624,608000000,574000000,0,0,1777000,73012000
2025-12-16,3625,138000000,120000000,0,0,0,0
2025-12-16,3628,208000000,122000000,0,0,8000000,7983000
2025-12-16,3630,208000000,152000000,0,0,1325000,1355000
2025-12-16,3631,0,4000000,0,0,0,0
2025-12-16,3646,0,4000000,0,0,0,0
2025-12-16,3663,146000000,411000000,0,0,16808000,18841000
2025-12-16,3664,0,2000000,0,0,0,0
2025-12-16,3666,2000000,13000000,0,0,0,0
2025-12-16,3672,9000000,4000000,0,0,0,0
2025-12-16,3675,23000000,30000000,0,0,8000000,7985000
2025-12-16,3680,247000000,1316000000,0,0,83000000,253514000
2025-12-16,3684,8000000,6000000,0,0,0,0
2025-12-16,3685,11000000,0,0,0,0,0
2025-12-16,3687,47000000,23000000,0,0,0,3000000
2025-12-16,3689,174000000,520000000,0,0,3000000,35639000
2025-12-16,3691,280000000,381000000,0,0,25000000,18063000
2025-12-16,3693,100000000,113000000,0,15000000,1000000,17480000
2025-12-16,3707,465005000,770000000,0,0,7006000,22154000
2025-12-16,3709,785000000,574000000,0,0,9622000,113426000
2025-12-16,3710,101000000,106475000,0,0,0,0
2025-12-16,3713,5000000,18000000,0,0,0,0
2025-12-16,4102,0,8000000,0,0,0,0
2025-12-16,4105,175000000,276000000,0,2000000,105000000,0
2025-12-16,4107,25000000,2000000,0,0,0,4000
2025-12-16,4109,8000000,4000000,0,0,0,1000
2025-12-16,4111,3100000,40000000,0,0,0,0
2025-12-16,4113,38000000,15007000,0,0,0,0
2025-12-16,4114,156000000,255007000,0,0,1000000,6535000
2025-12-16,4116,0,1000000,0,0,0,0
2025-12-16,4120,21000000,5000000,0,0,0,0
2025-12-16,4121,7000000,20000000,0,0,0,0
2025-12-16,4123,409933000,230709000,0,0,4000000,30656000
2025-12-16,4126,1000000,12000000,0,0,97000,0
2025-12-16,4127,0,1000000,0,0,0,0
2025-12-16,4128,215005000,291000000,0,0,6000000,1000
2025-12-16,4129,53000000,19000000,0,0,0,10965000
2025-12-16,4130,113000000,46000000,0,0,0,0
2025-12-16,4131,1000000,8000000,0,0,0,0
2025-12-16,4138,18000000,0,0,0,0,0
2025-12-16,4139,2000000,2000000,0,0,0,0
2025-12-16,4147,29000000,262000000,0,0,3000000,3430000
2025-12-16,4153,0,1000000,0,0,0,0
2025-12-16,4157,5007003000,5791000000,0,0,225115000,18168000
2025-12-16,4160,2001000,7000000,0,0,0,0
2025-12-16,4161,0,1000000,0,0,0,0
2025-12-16,4162,114000000,62000000,0,0,0,3197000
2025-12-16,4163,3000000,1000000,0,0,0,0
2025-12-16,4166,20000000,0,0,0,0,0
2025-12-16,4167,46000000,221000000,0,0,5000000,6596000
2025-12-16,4168,159000000,310000000,0,0,1309000,932000
2025-12-16,4171,7000000,10000000,0,0,0,219000
2025-12-16,4173,5000000,17000000,0,0,0,0
2025-12-16,4174,128068000,228052000,0,0,1000000,583000
2025-12-16,4175,1000000,4000000,0,0,0,0
2025-12-16,4188,0,1000000,0,0,0,0
2025-12-16,4207,59000000,59000000,0,0,0,0
2025-12-16,4303,183100000,166000000,0,0,16000000,62607000
2025-12-16,4305,0,2000000,0,0,0,0
2025-12-16,4401,2000000,3000000,0,0,0,0
2025-12-16,4413,2000000,0,0,0,0,0
2025-12-16,4416,18000000,15000000,0,0,0,5052000
2025-12-16,4417,5000000,70000000,0,0,1000000,519000
2025-12-16,4420,8000000,1000000,0,0,0,0
2025-12-16,4433,16000000,1000000,0,0,636000,1000000
2025-12-16,4442,0,3000000,0,0,0,0
2025-12-16,4502,1000000,0,0,0,0,0
2025-12-16,4503,62000000,83000000,0,0,100000,1711000
2025-12-16,4506,41000000,43000000,0,0,0,0
2025-12-16,4510,285400000,145000000,0,0,1134000,2684000
2025-12-16,4513,36001000,21000000,0,0,2000000,2387000
2025-12-16,4523,28000000,72000000,0,0,0,4506000
2025-12-16,4527,1000000,4000000,0,0,0,0
2025-12-16,4528,0,2000000,0,0,0,0
2025-12-16,4530,0,1000000,0,0,18000,0
2025-12-16,4533,143000000,217000000,0,0,0,1001000
2025-12-16,4534,11000000,26000000,0,0,1000000,887000
2025-12-16,4538,0,1000000,0,0,0,0
2025-12-16,4541,98000000,242000000,0,0,4000000,12897000
2025-12-16,4542,35000000,0,0,0,134000000,1000000
2025-12-16,4543,34000000,28000000,0,0,0,0
2025-12-16,4549,20000000,58020000,0,30000000,2177000,6089000
2025-12-16,4554,0,1000000,0,0,0,0
2025-12-16,4556,1000000,0,0,0,0,0
2025-12-16,4558,0,11000000,0,0,0,0
2025-12-16,4561,17000000,32000000,0,0,10000,0
2025-12-16,4563,15000000,15000000,0,0,1000000,299000
2025-12-16,4568,2000000,0,0,0,0,0
2025-12-16,4577,415000000,1299000000,0,0,8000000,8651000
2025-12-16,4580,8000000,29000000,0,0,0,0
2025-12-16,4702,4000000,6000000,0,0,0,0
2025-12-16,4707,37000000,12000000,0,0,0,0
2025-12-16,4711,0,0,0,0,0,135000
2025-12-16,4714,159000000,289000000,0,0,0,59000
2025-12-16,4716,20000000,51000000,0,0,0,0
2025-12-16,4721,82000000,135000000,0,0,4000,20254000
2025-12-16,4726,11000000,34000000,0,0,2000000,1788000
2025-12-16,4728,3000000,0,0,0,0,0
2025-12-16,4729,112000000,85000000,0,0,0,0
2025-12-16,4735,1000000,2000000,0,0,0,0
2025-12-16,4741,2000000,3000000,0,0,356000,0
2025-12-16,4743,558012000,845088000,0,0,12000000,3399000
2025-12-16,4744,6000000,136000000,0,0,0,0
2025-12-16,4745,20000000,16000000,0,0,0,0
2025-12-16,4747,1000000,2000000,0,0,0,0
2025-12-16,4749,125005000,304000000,25000000,0,46130000,143258000
2025-12-16,4760,112000000,84000000,0,0,5000000,10346000
2025-12-16,4768,1945185000,1231000000,0,0,17878000,32191000
2025-12-16,4772,236125000,473000000,0,0,30135000,99161000
2025-12-16,4903,2027000000,1114000000,0,0,5000000,5526000
2025-12-16,4907,5000000,4000000,0,0,0,0
2025-12-16,4908,49000000,125000000,0,0,2000000,7098000
2025-12-16,4909,893000000,1184000000,0,0,54163000,30400000
2025-12-16,4911,1000000,2000000,0,0,0,0
2025-12-16,4923,0,1000000,0,0,0,0
2025-12-16,4931,80000000,140000000,0,66000000,26000000,23809000
2025-12-16,4933,25000000,42000000,0,0,0,1000000
2025-12-16,4939,1579000000,2068000000,0,0,0,0
2025-12-16,4946,0,12000000,0,0,0,0
2025-12-16,4950,2000000,1000000,0,0,0,0
2025-12-16,4951,5000000,37000000,0,0,0,41000
2025-12-16,4953,123000000,134000000,0,2003000,5132000,2541000
2025-12-16,4966,245595000,436519000,124000000,66000000,11000000,22044000
2025-12-16,4971,5297204000,5909000000,15000000,0,244112000,347881000
2025-12-16,4972,0,1000000,0,0,0,0
2025-12-16,4973,122000000,239000000,0,0,0,0
2025-12-16,4974,23000000,64000000,0,0,1169000,9693000
2025-12-16,4979,6073270000,3712997000,0,2438000000,285101000,509389000
2025-12-16,4987,0,3000000,0,0,0,0
2025-12-16,4991,744000000,166005000,0,0,193000000,345000000
2025-12-16,4995,0,2000000,0,0,0,0
2025-12-16,5009,312000000,1305000000,0,0,48000000,115156000
2025-12-16,5014,7000000,3000000,0,0,1000000,500000
2025-12-16,5015,0,2000000,0,0,0,0
2025-12-16,5016,0,6000000,0,0,0,0
2025-12-16,5201,74000000,167000000,0,0,0,0
2025-12-16,5202,31000000,63000000,0,0,0,0
2025-12-16,5206,4000000,4000000,0,0,0,0
2025-12-16,5209,7000000,1000000,0,0,0,0
2025-12-16,5210,6000000,9000000,0,0,1000000,47000
2025-12-16,5213,187014000,35000000,0,0,0,0
2025-12-16,5220,0,1000000,0,0,0,0
2025-12-16,5223,0,2000000,0,0,0,0
2025-12-16,5227,20000000,15001000,0,0,0,613000
2025-12-16,5228,1000000,0,0,0,0,0
2025-12-16,5230,1000000,47000000,0,0,0,6000
2025-12-16,5236,6000000,72004000,0,0,2000000,7142000
2025-12-16,5245,1000000,2000000,0,0,0,0
2025-12-16,5251,53000000,44000000,0,0,5000000,5152000
2025-12-16,5263,33000000,50000000,0,0,20000000,0
2025-12-16,5272,4000000,3000000,0,0,0,7000
2025-12-16,5274,372007000,500688000,108483000,24000000,17193000,13401000
2025-12-16,5278,65000000,135000000,0,0,2000000,1481000
2025-12-16,5287,19000000,16864000,0,0,0,0
2025-12-16,5289,641010000,948002000,1000000,6000000,54873000,110174000
2025-12-16,5291,4000000,1000000,0,0,0,0
2025-12-16,5299,1000000,6000000,0,0,0,0
2025-12-16,5301,0,5000000,0,0,0,0
2025-12-16,5302,8000000,8000000,0,0,0,0
2025-12-16,5309,8014130000,12176010000,0,5000000,299912000,677043000
2025-12-16,5312,7000000,5000000,0,0,0,0
2025-12-16,5314,1631315000,1213050000,0,0,60518000,59764000
2025-12-16,5315,390000000,149000000,0,0,0,0
2025-12-16,5321,2000000,15000000,0,0,0,0
2025-12-16,5328,659000000,747000000,0,0,3000000,2455000
2025-12-16,5340,1277000000,579000000,0,0,4000000,60519000
2025-12-16,5347,3363080000,3588000000,489430000,6165000,231170000,226918000
2025-12-16,5351,923000000,2145000000,0,0,17000000,17655000
2025-12-16,5353,0,1000000,0,0,0,0
2025-12-16,5355,0,32000000,0,0,0,0
2025-12-16,5356,0,9000000,0,0,0,0
2025-12-16,5364,2000000,12000000,0,0,0,0
2025-12-16,5371,875150000,1741730000,0,3457000,87050000,712182000
2025-12-16,5381,1188000000,2214000000,0,0,14188000,730000
2025-12-16,5386,94075000,233001000,0,0,0,0
2025-12-16,5392,516000000,300000000,0,0,7000,238097000
2025-12-16,5398,17000000,68000000,0,0,0,0
2025-12-16,5403,3000000,1000000,0,0,0,0
2025-12-16,5410,18000000,127000000,0,0,2000000,1447000
2025-12-16,5425,348000000,753084000,0,4127000,40000000,131488000
2025-12-16,5426,20000000,114000000,0,0,8000000,8163000
2025-12-16,5432,100000000,155000000,0,0,0,1000
2025-12-16,5438,58000000,40000000,0,0,0,1000
2025-12-16,5439,2386000000,3221000000,33000000,1000000,240728000,297600000
2025-12-16,5443,242000000,196000000,0,0,5146000,26357000
2025-12-16,5450,4000000,0,0,0,0,0
2025-12-16,5452,329000000,643000000,0,0,1000000,287000
2025-12-16,5455,0,2000000,0,0,0,0
2025-12-16,5457,97000000,66000000,0,7000000,9489000,6000000
2025-12-16,5460,5000000,1000000,0,0,0,0
2025-12-16,5464,1000000,0,0,0,1000000,0
2025-12-16,5465,41000000,112000000,0,0,50000,35000
2025-12-16,5468,9000000,48000000,0,0,0,0
2025-12-16,5474,9000000,47000000,0,0,4024000,6822000
2025-12-16,5475,229000000,108000000,0,0,0,0
2025-12-16,5478,18000000,79276000,0,0,1000000,990000
2025-12-16,5481,60000000,200000000,0,0,0,0
2025-12-16,5483,2393830000,1133000000,558000000,2190107000,73933000,75360000
2025-12-16,5488,1000000,0,0,0,3000000,3000000
2025-12-16,5489,7000000,3000000,0,0,1000,0
2025-12-16,5490,57000000,299000000,0,0,0,2073000
2025-12-16,5493,181000000,61000000,0,0,40000,0
2025-12-16,5498,19765086000,20726000000,0,0,1527633000,768970000
2025-12-16,5508,2000000000,603000000,0,2720000000,120233000,43578000
2025-12-16,5511,11000000,10000000,0,0,0,0
2025-12-16,5512,92000000,326000000,0,0,0,0
2025-12-16,5514,107000000,102000000,0,0,0,0
2025-12-16,5520,1000000,1000000,0,0,0,0
2025-12-16,5523,0,1000000,0,0,0,0
2025-12-16,5529,1000000,1000000,0,0,0,0
2025-12-16,5530,52000000,234000000,0,0,0,0
2025-12-16,5536,915000000,916350000,109000000,58000000,40830000,120775000
2025-12-16,5543,3000000,0,0,0,0,0
2025-12-16,5548,5000000,0,0,0,0,0
2025-12-16,5601,0,0,0,0,340000,0
2025-12-16,5603,4000000,1000000,0,0,0,5000
2025-12-16,5604,1000000,0,0,0,0,0
2025-12-16,5609,4000000,25000000,0,0,0,0
2025-12-16,5864,82882000,207000000,0,0,0,0
2025-12-16,5903,10000000,9000000,0,8000000,7000000,99000
2025-12-16,5904,161000000,160009000,0,1000000,200000,0
2025-12-16,5905,273000000,275000000,0,0,5000000,5029000
2025-12-16,6015,10000000,10000000,0,0,0,0
2025-12-16,6016,246000000,69000000,0,0,0,0
2025-12-16,6020,1000000,9000000,0,0,0,0
2025-12-16,6021,0,31000000,0,0,0,0
2025-12-16,6023,6000000,34000000,0,0,0,0
2025-12-16,6026,67000000,178000000,0,0,0,0
2025-12-16,6104,1695300000,1816000000,0,0,45266000,27526000
2025-12-16,6109,0,0,0,0,0,4000
2025-12-16,6111,47000000,108000000,0,0,134000,27310000
2025-12-16,6113,37000000,47000000,0,0,0,107000
2025-12-16,6114,5000000,6000000,0,0,0,0
2025-12-16,6118,38000000,110000000,0,0,5000000,5000000
2025-12-16,6121,223000000,487750000,232000000,7966000,29224000,13815000
2025-12-16,6122,68001000,63000000,0,0,0,2000
2025-12-16,6123,4000000,9000000,0,0,0,105000
2025-12-16,6124,0,1000000,0,0,0,0
2025-12-16,6125,468000000,619001000,0,0,9490000,36232000
2025-12-16,6126,224000000,639000000,0,0,0,236000
2025-12-16,6127,5222000000,5704000000,0,0,16471000,136231000
2025-12-16,6129,51000000,1000000,0,0,0,113000
2025-12-16,6130,85000000,77000000,0,0,0,0
2025-12-16,6134,117000000,308000000,0,0,1000000,2708000
2025-12-16,6138,196000000,140000000,0,13229000,789000,7115000
2025-12-16,6140,13000000,39000000,0,0,60000,0
2025-12-16,6143,114000000,192000000,0,0,10000000,18285000
2025-12-16,6146,108000000,142000000,0,0,0,1456000
2025-12-16,6147,881000000,1595000000,527000000,12770000,11391000,6446000
2025-12-16,6148,62000000,127000000,0,0,0,68000
2025-12-16,6150,45000000,107000000,0,0,1000000,5819000
2025-12-16,6151,3000000,56000000,0,0,0,0
2025-12-16,6154,3000000,0,0,0,0,0
2025-12-16,6156,86000000,81000000,0,0,0,0
2025-12-16,6158,0,1000000,0,0,0,0
2025-12-16,6160,79000000,14000000,0,0,0,9000
2025-12-16,6161,28000000,68000000,0,0,0,0
2025-12-16,6163,72000000,218000000,0,0,1000000,37000000
2025-12-16,6167,276000000,113000000,0,0,0,0
2025-12-16,6169,0,1000000,0,0,0,0
2025-12-16,6170,35000000,77000000,0,0,0,0
2025-12-16,6171,0,4000000,0,0,0,0
2025-12-16,6173,702005000,568000000,0,0,12000000,143673000
2025-12-16,6174,1000000,12000000,0,0,0,0
2025-12-16,6175,806000000,556000000,0,0,9000000,78582000
2025-12-16,6179,557000000,173000000,0,0,1000000,93382000
2025-12-16,6180,152000000,212000000,0,876000,3000000,2169000
2025-12-16,6182,928003000,1859486000,0,0,184408000,268559000
2025-12-16,6185,119000000,146000000,0,0,0,15000000
2025-12-16,6186,58000000,115001000,0,0,1000000,557000
2025-12-16,6187,531000000,575011000,1000000,0,12889000,26488000
2025-12-16,6188,604000000,484000000,87000000,0,8036000,44341000
2025-12-16,6190,2623000000,1815150000,0,0,195544000,120992000
2025-12-16,6194,27000000,33000000,0,0,14000,0
2025-12-16,6195,1000000,10000000,0,0,0,0
2025-12-16,6199,29000000,13000000,0,0,315000,1000000
2025-12-16,006201,0,14000000,30000000,0,22490000,77398000
2025-12-16,6203,36000000,140000000,0,0,14000000,3510000
2025-12-16,6204,115000000,62000000,0,0,34000,0
2025-12-16,6207,76000000,67000000,0,0,4000000,4523000
2025-12-16,6208,1000000,9000000,0,0,0,21000
2025-12-16,6212,0,2000000,0,0,0,0
2025-12-16,6217,541000000,610000000,0,0,1178000,10699000
2025-12-16,6218,62000000,69000000,0,0,3000,0
2025-12-16,6219,3000000,2000000,0,0,1000000,855000
2025-12-16,6220,54000000,142000000,0,0,1000000,0
2025-12-16,6221,120513000,77000000,0,0,0,0
2025-12-16,6222,2000000,2000000,0,0,0,0
2025-12-16,6223,469006000,590871000,85000000,62000000,56420000,82234000
2025-12-16,6227,19000000,78000000,0,0,2003000,7111000
2025-12-16,6229,0,7000000,0,0,0,7000
2025-12-16,6231,144000000,261000000,0,0,31696000,18784000
2025-12-16,6233,27000000,23000000,0,0,0,0
2025-12-16,6234,305000000,1046000000,0,0,11000000,3676000
2025-12-16,6237,78000000,49000000,0,0,1000,1399000
2025-12-16,6240,0,0,0,0,1000000,0
2025-12-16,6241,2000000,0,0,0,0,0
2025-12-16,6242,0,1000000,0,0,0,0
2025-12-16,6244,1285000000,1318420000,0,0,71984000,43000000
2025-12-16,6245,59000000,240000000,0,2540000,7000000,14607000
2025-12-16,6246,0,8000000,0,0,0,0
2025-12-16,6248,8000000,4000000,0,0,0,20000
2025-12-16,6259,4000000,15000000,0,0,0,0
2025-12-16,6261,147000000,92000000,0,0,26000000,0
2025-12-16,6263,0,13000000,0,0,0,0
2025-12-16,6264,5000000,0,0,0,0,0
2025-12-16,6265,847000000,2231000000,0,0,0,0
2025-12-16,6266,49000000,18002000,0,0,3000000,3446000
2025-12-16,6270,15000000,15000000,0,0,0,0
2025-12-16,6274,2727640000,5712600000,335000000,6000000,488598000,1572952000
2025-12-16,6275,202000000,119000000,0,0,0,0
2025-12-16,6276,1000000,3000000,0,0,0,0
2025-12-16,6279,55550000,158002000,0,0,2000000,3442000
2025-12-16,6284,230000000,122000000,0,0,6000000,24471000
2025-12-16,6290,1841087000,3290050000,1700000,0,45000000,182277000
2025-12-16,6291,718000000,675000000,0,0,59805000,3555000
2025-12-16,6292,7000000,1000000,0,0,0,0
2025-12-16,6294,2000000,1000000,0,0,0,0
2025-12-16,6411,62000000,100000000,0,0,4000000,5404000
2025-12-16,6417,0,6000000,0,0,0,0
2025-12-16,6418,341000000,104000000,0,0,5000000,5000000
2025-12-16,6419,114000000,46000000,0,0,0,114000
2025-12-16,6425,194000000,192000000,0,0,0,0
2025-12-16,6432,125000000,125000000,0,0,0,0
2025-12-16,6435,104000000,111000000,0,0,1000000,4741000
2025-12-16,6461,17000000,4000000,0,0,0,107000
2025-12-16,6462,193000000,206000000,0,0,17703000,20220000
2025-12-16,6465,171000000,27000000,0,0,22075000,23000000
2025-12-16,6469,73011000,206000000,0,0,5000000,8221000
2025-12-16,6470,6000000,25000000,0,0,0,120000
2025-12-16,6474,0,0,0,0,0,882000
2025-12-16,6485,125030000,112018000,0,0,3000000,3119000
2025-12-16,6486,18000000,34000000,0,0,0,0
2025-12-16,6488,920000000,847000000,6955000,425000000,121450000,119868000
2025-12-16,6492,60000000,54000000,0,0,1000000,718000
2025-12-16,6494,2000000,8000000,0,0,0,0
2025-12-16,6496,0,1000000,0,0,0,0
2025-12-16,6498,24000000,11000000,0,0,175000,0
2025-12-16,6499,46000000,217000000,0,0,4000000,3799000
2025-12-16,6508,4000000,1000000,0,0,0,0
2025-12-16,6509,108000000,248000000,0,11000000,0,0
2025-12-16,6510,406000000,644900000,0,0,28554000,89069000
2025-12-16,6516,1000000,6000000,0,0,0,0
2025-12-16,6517,46000000,58000000,0,0,1000000,540000
2025-12-16,6523,21000000,11000000,0,0,563000,1000000
2025-12-16,6530,352000000,184000000,0,0,1000000,2017000
2025-12-16,6532,13000000,18000000,0,0,0,0
2025-12-16,6535,67000000,48001000,0,0,1000000,991000
2025-12-16,6538,79000000,211000000,0,155000,1000000,3062000
2025-12-16,6542,0,1000000,0,0,0,0
2025-12-16,6546,56000000,71000000,0,0,1008000,1027000
2025-12-16,6547,211000000,233000000,0,0,26305000,61828000
2025-12-16,6548,947000000,592000000,1000000,4000000,15000000,32991000
2025-12-16,6556,1000000,0,0,0,0,0
2025-12-16,6560,22000000,47000000,0,0,0,301000
2025-12-16,6561,15000000,109000000,0,0,0,0
2025-12-16,6568,164000000,197000000,0,0,9884000,1452000
2025-12-16,6569,6000000,3000000,0,0,0,0
2025-12-16,6570,4000000,2000000,0,0,0,0
2025-12-16,6576,9000000,12000000,0,0,0,0
2025-12-16,6577,290000,14000000,0,0,0,0
2025-12-16,6578,13000000,25000000,0,0,0,0
2025-12-16,6584,702000000,411000000,0,0,13465000,46516000
2025-12-16,6588,1192000000,1059000000,0,0,0,7343000
2025-12-16,6593,3000000,0,0,0,0,1000
2025-12-16,6596,28000000,138000000,0,0,20000000,13313000
2025-12-16,6603,1241000000,1674000000,0,0,1000000,571000
2025-12-16,6609,98000000,17000000,0,0,0,8000000
2025-12-16,6612,2000000,3000000,0,0,0,0
2025-12-16,6613,43000000,36000000,0,2196000,2569000,1172000
2025-12-16,6615,0,1000000,0,0,0,0
2025-12-16,6616,0,1000000,0,0,0,0
2025-12-16,6617,30000000,88000000,0,0,0,50000
2025-12-16,6624,1000000,0,0,0,23000000,9000000
2025-12-16,6629,6000000,0,0,0,0,31000
2025-12-16,6637,1000000,0,0,0,0,0
2025-12-16,6640,67000000,22000000,0,0,2828000,8897000
2025-12-16,6642,27000000,24000000,0,0,0,0
2025-12-16,6643,75150000,242000000,0,0,17105000,23828000
2025-12-16,6649,36000000,6000000,0,0,2000,19000
2025-12-16,6651,20015000,5000000,0,0,13000,0
2025-12-16,6654,0,1000000,0,0,0,0
2025-12-16,6664,273000000,418500000,0,0,92956000,14235000
2025-12-16,6667,538000000,317000000,0,0,20372000,53295000
2025-12-16,6679,45000000,64000000,0,0,3227000,7818000
2025-12-16,6680,2000000,3000000,0,0,0,312000
2025-12-16,6683,135000000,265000000,2000000,0,17589000,27672000
2025-12-16,6684,18000000,53000000,0,0,0,0
2025-12-16,6690,9000000,2006000,0,0,0,0
2025-12-16,6692,2000000,0,0,0,5004000,5000000
2025-12-16,6693,16000000,38000000,0,0,0,0
2025-12-16,6697,1000000,3000000,0,0,0,0
2025-12-16,6703,2001000,0,0,0,0,45000
2025-12-16,6708,3000000,0,0,0,0,0
2025-12-16,6712,30000000,24005000,0,0,0,4273000
2025-12-16,6716,9000000,3000000,0,0,0,0
2025-12-16,6720,3000000,1000000,0,0,0,0
2025-12-16,6727,298000000,120000000,0,0,12000000,30000000
2025-12-16,6728,1000000,4000000,0,0,0,0
2025-12-16,6732,34000000,15000000,0,0,724000,2555000
2025-12-16,6733,20000000,62000000,0,0,0,0
2025-12-16,6735,14000000,29001000,0,0,9895000,10431000
2025-12-16,6739,83000000,142000000,0,0,5879000,10639000
2025-12-16,6741,35010000,102000000,0,0,3000000,3000000
2025-12-16,6751,8000000,2000000,0,0,0,0
2025-12-16,6752,8000000,24000000,0,0,1029000,985000
2025-12-16,6761,24000000,55000000,0,0,5000,1721000
2025-12-16,6762,0,1000000,0,0,0,0
2025-12-16,6763,39000000,150000000,0,0,0,40738000
2025-12-16,6767,0,1000000,0,0,0,0
2025-12-16,6785,24000000,17000000,0,0,1354000,1094000
2025-12-16,6788,2624121000,746000000,105000000,0,206443000,123555000
2025-12-16,6791,0,3000000,0,0,0,5000
2025-12-16,6803,7000000,13000000,0,0,0,0
2025-12-16,6804,0,0,0,0,0,1000000
2025-12-16,6811,14000000,53000000,0,0,7000000,2870000
2025-12-16,6821,0,9000000,0,0,0,0
2025-12-16,6823,57000000,225000000,0,0,0,404000
2025-12-16,6829,10000000,37000000,0,0,1000000,8132000
2025-12-16,6840,5000000,2000000,0,0,0,0
2025-12-16,6841,110000000,111000000,0,0,2104000,1000000
2025-12-16,6843,0,1000000,0,0,0,0
2025-12-16,6859,49000000,17001000,0,0,423000,0
2025-12-16,6865,0,0,0,0,0,2000000
2025-12-16,6870,25000000,5000000,0,0,0,3000000
2025-12-16,6875,13000000,27000000,0,0,0,0
2025-12-16,6877,25000000,88004000,0,0,1054000,2000000
2025-12-16,6894,0,2000000,0,0,2000000,2000000
2025-12-16,6895,24000000,23000000,0,0,1000000,1576000
2025-12-16,6903,705000000,951000000,0,0,19253000,2997000
2025-12-16,6910,12000000,0,0,0,0,0
2025-12-16,6913,63000000,33000000,0,0,1000,20952000
2025-12-16,6922,14000000,95000000,0,0,154000,6211000
2025-12-16,6925,21000000,32000000,0,0,0,51000
2025-12-16,6953,1000000,0,0,0,0,0
2025-12-16,6967,85000000,125000000,0,0,0,86000
2025-12-16,6968,6000000,2000000,0,0,0,0
2025-12-16,6971,0,2000000,0,0,0,1000000
2025-12-16,6982,1000000,17000000,0,0,19000,0
2025-12-16,6996,4000000,24000000,0,0,0,0
2025-12-16,7402,5000000,2000000,0,0,0,34000000
2025-12-16,7547,0,1000000,0,0,0,0
2025-12-16,7556,2774000,7000000,0,0,0,1000000
2025-12-16,7584,0,1000000,0,0,0,0
2025-12-16,7642,4000000,12000000,0,0,1000000,478000
2025-12-16,7703,54000000,40000000,0,0,0,5623000
2025-12-16,7704,3000000,1000000,0,0,0,0
2025-12-16,7712,54000000,93000000,0,0,0,8000000
2025-12-16,7713,0,1000000,0,0,0,0
2025-12-16,7714,10000000,148000000,0,0,0,0
2025-12-16,7715,7000000,4000000,0,0,0,0
2025-12-16,7717,79021000,56000000,0,0,6215000,27911000
2025-12-16,7723,21000000,18000000,0,0,0,0
2025-12-16,7728,2000000,1000000,0,0,32000000,5000000
2025-12-16,7734,4000000,5003000,0,0,927000,295000
2025-12-16,7738,0,12000000,0,0,0,0
2025-12-16,7744,5000000,13000000,0,0,0,0
2025-12-16,7751,5000000,2000000,0,0,16000000,0
2025-12-16,7753,0,0,0,0,0,1000000
2025-12-16,7757,5000000,2000000,0,0,0,0
2025-12-16,7767,8000000,1000000,0,0,0,0
2025-12-16,7770,0,1000000,0,0,0,0
2025-12-16,7782,4000000,0,0,0,0,0
2025-12-16,8024,1000000,0,0,0,0,0
2025-12-16,8027,1792000000,1785000000,0,0,83009000,82367000
2025-12-16,8032,12000000,30000000,0,0,1000000,83000
2025-12-16,8034,305000000,439000000,0,0,0,0
2025-12-16,8038,35000000,87000000,0,0,0,98000
2025-12-16,8040,59000000,46000000,0,0,4000000,3530000
2025-12-16,8042,1102000000,1116000000,0,0,5831000,59973000
2025-12-16,8043,3786000000,4235887000,0,0,22117000,60623000
2025-12-16,8044,64000000,100000000,0,0,5000000,5000000
2025-12-16,8047,34000000,13000000,0,0,0,10085000
2025-12-16,8048,208000000,78140000,0,0,1000000,1215000
2025-12-16,8049,0,8000000,0,0,1000000,1040000
2025-12-16,8050,33000000,131000000,0,3304000,21000000,4125000
2025-12-16,8054,679000000,895000000,0,0,35543000,133240000
2025-12-16,8059,60000000,37000000,0,0,0,123000
2025-12-16,8064,327000000,370000000,0,0,20661000,55438000
2025-12-16,8066,0,9000000,0,0,0,0
2025-12-16,8067,0,0,0,0,8000,0
2025-12-16,8068,74000000,37000000,0,0,1000000,384000
2025-12-16,8069,1475865000,2913000000,4342000,3000000,292747000,159217000
2025-12-16,8071,92000000,37000000,0,0,0,0
2025-12-16,8074,4486000000,4072000000,0,0,23182000,9412000
2025-12-16,8076,68000000,76000000,0,0,0,11000
2025-12-16,8080,0,0,0,0,1000,0
2025-12-16,8083,0,1000000,0,0,0,0
2025-12-16,8084,40000000,183000000,0,0,1000000,125010000
2025-12-16,8085,53000000,370000000,0,0,2000000,1545000
2025-12-16,8086,1334015000,1210000000,0,0,64024000,248948000
2025-12-16,8087,2000000,2000000,0,0,0,0
2025-12-16,8088,424000000,740000000,0,0,7000000,7576000
2025-12-16,8089,280250000,470000000,0,0,5812000,10001000
2025-12-16,8091,29000000,37004000,0,1915000,40000,1004000
2025-12-16,8092,0,2000000,0,0,0,0
2025-12-16,8096,927999000,519000000,0,0,22793000,598460000
2025-12-16,8097,103000000,39000000,0,0,2000000,32541000
2025-12-16,8099,31000000,8000000,0,0,2000,0
2025-12-16,8107,1000000,1000000,0,0,0,213000
2025-12-16,8109,32000000,37000000,0,0,3000,1020000
2025-12-16,8111,112000000,60000000,0,0,44000000,10000000
2025-12-16,8121,36000000,95000000,0,0,101000,1337000
2025-12-16,8147,31000000,39000000,0,0,6630000,3134000
2025-12-16,8155,454078000,254000000,10000000,0,16000000,83158000
2025-12-16,8171,28000000,41000000,0,0,0,0
2025-12-16,8176,4000000,56000000,0,0,62000,2000
2025-12-16,8182,0,6000000,0,0,0,0
2025-12-16,8183,38000000,155000000,0,0,1000000,217000
2025-12-16,8227,83000000,128000000,0,0,3001000,7661000
2025-12-16,8234,179000000,203000000,0,0,2000000,11000000
2025-12-16,8240,20000000,40000000,0,0,0,173000
2025-12-16,8255,33000000,121020000,0,0,3410000,3348000
2025-12-16,8277,37000000,70000000,0,0,0,609000
2025-12-16,8279,0,6000000,0,0,0,0
2025-12-16,8284,4000000,2000000,0,0,0,0
2025-12-16,8289,17000000,43000000,0,0,0,0
2025-12-16,8299,2995026000,3091527000,71000000,2002000000,289575000,466198000
2025-12-16,8349,24001000,3000000,0,0,0,0
2025-12-16,8358,3894501000,7457091000,48000000,180000000,375612000,1736189000
2025-12-16,8383,43000000,137000000,0,0,0,0
2025-12-16,8390,459000000,808000000,0,0,14909000,23389000
2025-12-16,8401,0,4000000,0,0,0,0
2025-12-16,8403,3000,12000000,0,0,0,0
2025-12-16,8409,0,0,0,0,0,2000
2025-12-16,8410,1000000,3000000,0,0,0,0
2025-12-16,8415,60000000,222000000,0,0,0,5000000
2025-12-16,8421,0,1000000,0,0,0,0
2025-12-16,8423,0,1000000,0,0,0,0
2025-12-16,8424,0,1000000,0,0,0,0
2025-12-16,8426,0,2000000,0,0,0,0
2025-12-16,8431,1536000000,1363000000,0,0,7000000,13617000
2025-12-16,8432,2000000,1000000,0,0,0,0
2025-12-16,8433,0,2000000,0,0,0,0
2025-12-16,8435,3000000,0,0,0,21000,0
2025-12-16,8436,140000000,129000000,0,2284000,0,533000
2025-12-16,8437,3000000,1000000,0,0,0,0
2025-12-16,8440,1000000,36000000,0,0,0,0
2025-12-16,8444,46000000,58000000,0,0,0,0
2025-12-16,8446,20000000,2000000,0,0,1000000,93000
2025-12-16,8450,0,1000000,0,0,0,0
2025-12-16,8472,4000000,1000000,0,0,0,0
2025-12-16,8489,0,5000000,0,0,0,0
2025-12-16,8905,0,8000000,0,0,0,0
2025-12-16,8906,0,3000000,0,0,4000,0
2025-12-16,8908,3000000,1000000,0,0,0,0
2025-12-16,8916,17000000,4000000,0,0,0,11000000
2025-12-16,8917,0,2000000,0,0,0,0
2025-12-16,8924,5000000,21000000,0,0,1000000,1000000
2025-12-16,8927,42734000,86000000,0,0,2000000,1000000
2025-12-16,8929,0,1000000,0,0,0,0
2025-12-16,8930,3000000,12000000,0,0,0,0
2025-12-16,8931,5000000,1000000,0,0,0,0
2025-12-16,8932,325001000,208000000,0,0,14597000,49155000
2025-12-16,8933,6000000,48000000,0,0,0,648000
2025-12-16,8935,329000000,226000000,0,0,5000000,5963000
2025-12-16,8936,287000000,863000000,0,0,33000000,5779000
2025-12-16,8937,9000000,58000000,0,0,30000000,19000000
2025-12-16,8938,17000000,39000000,0,0,0,0
2025-12-16,8942,37000000,29000000,0,0,0,0
2025-12-16,009806,0,0,0,0,25000000,11106000
2025-12-16,009807,0,0,0,0,35000000,56276000
2025-12-16,9949,10000000,14000000,0,0,0,0
2025-12-16,9951,0,62000000,0,0,0,0
2025-12-16,9962,0,1000000,0,0,0,0
2025-12-16,020025,0,0,0,0,50000000,100000000
2025-12-16,020027,0,0,0,0,1000000,3000000
2025-12-16,020033,0,0,0,0,17000000,28000000
2025-12-16,020035,0,0,0,0,10000000,0
2025-12-16,020040,0,0,0,0,0,50000000
2025-12-16,2887,85616634000,139036408000,147867000000,11836000000,3182601000,7269570000
2025-12-16,00632R,394000000,40011000000,0,0,78434628000,4688510000
2025-12-16,2303,67373157000,23447258000,3782531000,27329113000,3833537000,1383793000
2025-12-16,00712,18570000000,408000000,0,0,4248999000,2070979000
2025-12-16,2867,17863002000,4219450000,0,0,712000000,32000000
2025-12-16,2883,27054905000,16680123000,1792000000,852000000,2949565000,1364786000
2025-12-16,00680L,0,45000000,0,0,12525000000,12389000
2025-12-16,00953B,5260000000,275000000,0,0,8537187000,1680000000
2025-12-16,00664R,0,0,0,0,12357400000,961000000
2025-12-16,2892,41494515000,13169913000,0,18517000000,760484000,660000000
2025-12-16,2884,32247711000,35137027000,11995000000,98000000,630372000,987497000
2025-12-16,2880,13510610000,14424669000,5855000000,373000000,2536625000,396000000
2025-12-16,5521,23121000000,16373000000,0,0,93564000,419404000
2025-12-16,8422,9022120000,15212200000,11236000000,9000000,1204400000,498195000
2025-12-16,00673R,0,0,0,0,5311793000,21000000
2025-12-16,00713,132198000,147000000,0,0,5244238000,535582000
2025-12-16,3711,16829976000,12183667000,249342000,767000000,719934000,481372000
2025-12-16,00671R,0,0,0,0,9720000000,5516247000
2025-12-16,3037,11237852000,6340293000,154000000,775421000,242793000,752486000
2025-12-16,2890,15296832000,12071329000,1687000000,2433000000,1979393000,764659000
2025-12-16,2312,7068740000,6607000000,1143000000,0,2562751000,716542000
2025-12-16,00688L,142000000,0,0,0,3612490000,316196000
2025-12-16,8110,1053100000,761425000,0,0,3200000000,70000000
2025-12-16,5871,6210355000,4237064000,1104000000,113929000,171103000,75676000
2025-12-16,2349,8987433000,5906000000,0,0,18035000,60830000
2025-12-16,8039,8501400000,5035780000,0,0,195522000,673416000
2025-12-16,9105,4107000000,1112000000,0,0,0,47000000
2025-12-16,00945B,1210000000,0,0,0,3536412000,1801206000
2025-12-16,1504,10488245000,5826450000,0,1801228000,474187000,405432000
2025-12-16,5880,10338356000,7732902000,0,6000000,762196000,469000000
2025-12-16,00985B,2559000000,1000000,0,0,2700627000,2467000000
2025-12-16,2323,7862000000,5083000000,0,0,138000000,234000000
2025-12-16,00861,381304000,3000000,0,0,2479000000,181666000
2025-12-16,2485,25182680000,22807000000,0,0,776858000,498940000
2025-12-16,9904,6454844000,4682000000,431000000,12816000,603405000,379000000
2025-12-16,2377,4780734000,4115043000,1237534000,11000000,464605000,168170000
2025-12-16,00686R,0,10000000,0,0,2464000000,535000000
2025-12-16,1303,18081885000,13919272000,43000000,347465000,738246000,2703667000
2025-12-16,2324,14732910000,6864000000,215000000,7085039000,1138324000,296491000
2025-12-16,8150,5868100000,3170250000,0,6778000,75295000,1034907000
2025-12-16,00960,70000000,19000000,0,0,1891000000,270000000
2025-12-16,2402,4231943000,2456000000,0,0,211151000,400084000
2025-12-16,2609,6902133000,5305160000,8300000,200000000,333000000,179192000
2025-12-16,5522,3410000000,2118500000,163000000,0,137482000,38300000
2025-12-16,00941,168000000,17000000,0,0,1503263000,183008000
2025-12-16,2504,4475000000,2194000000,0,969131000,134982000,55283000
2025-12-16,00939,3000000,657100000,0,0,3645998000,1629966000
2025-12-16,00648R,0,15000000,0,0,1447000000,93000000
2025-12-16,00965,114000000,260000000,0,150000000,2531892000,903993000
2025-12-16,00676R,0,0,0,0,2017950000,691520000
2025-12-16,2603,4138694000,3114135000,3600000,107256000,539402000,220273000
2025-12-16,00915,21200000,292000000,0,0,2621453000,1212392000
2025-12-16,2889,2370000000,1243373000,0,9000000,139000000,156000000
2025-12-16,2388,2765448000,1746030000,0,0,187522000,126839000
2025-12-16,00961,21000000,318000000,0,0,1478694000,106598000
2025-12-16,2812,4655060000,3784316000,0,0,317000000,261000000
2025-12-16,00738U,133000000,132000000,0,0,3755358000,2872178000
2025-12-16,5876,5997890000,5949407000,0,18000000,1006000000,191000000
2025-12-16,8131,2166762000,1352000000,0,0,24000000,24568000
2025-12-16,3665,2191230000,1273471000,180000000,267000000,60915000,155922000
2025-12-16,00924,458320000,4000000,0,0,2383999000,2134665000
2025-12-16,2542,3796008000,1511492000,0,1624000000,101000000,101572000
2025-12-16,00651R,26000000,0,0,0,949159000,316799000
2025-12-16,2851,961000000,232000000,0,0,46000000,126000000
2025-12-16,6706,3033000000,2118765000,0,0,56646000,330927000
2025-12-16,3060,5946000000,5329000000,0,0,6000000,9777000
2025-12-16,2845,2134945000,1511240000,0,12000000,201000000,201000000
2025-12-16,1216,6961200000,11947094000,4805000000,37760000,993989000,201461000
2025-12-16,00638R,0,0,0,0,929000000,379000000
2025-12-16,00910,4530000,460072000,0,0,1177566000,191874000
2025-12-16,6919,2045973000,1567272000,0,0,81511000,49000000
2025-12-16,3010,884200000,834000000,439000000,8454000,28012000,17000000
2025-12-16,1711,799000000,317000000,0,0,11001000,6293000
2025-12-16,6139,3788100000,3151185000,102380000,21000000,163214000,399614000
2025-12-16,00982D,3635000000,55000000,0,0,1984090000,5107000000
2025-12-16,3033,586000000,124000000,0,8081000,31506000,33905000
2025-12-16,8112,3761100000,2968250000,0,14013000,230649000,558179000
2025-12-16,4977,2448954000,1286200000,0,480000000,10000000,252017000
2025-12-16,00983D,23000000,13000000,0,0,1397002000,984373000
2025-12-16,2486,2310000000,1613013000,0,0,80996000,356002000
2025-12-16,4764,1181000000,775000000,0,0,20000000,14147000
2025-12-16,1587,903952000,501788000,0,0,1000000,1000000
2025-12-16,00641R,0,0,0,0,990699000,590000000
2025-12-16,3376,1447787000,872894000,0,0,63763000,252847000
2025-12-16,00634R,0,21000000,0,0,409000000,14000000
2025-12-16,00963,174000000,0,0,0,255796000,57225000
2025-12-16,2368,3136887000,2660298000,342930000,0,251483000,706665000
2025-12-16,2495,1637000000,1264000000,0,0,9000000,19212000
2025-12-16,6541,544000000,220762000,0,0,52000000,13000000
2025-12-16,6550,561000000,199459000,0,0,25872000,28000000
2025-12-16,9907,1736000000,2981000000,1595000000,7780000,62000000,51028000
2025-12-16,7769,709038000,418866000,83639000,0,19000000,41000000
2025-12-16,6830,598059000,315641000,0,0,73338000,6712000
2025-12-16,00666R,9000000,0,0,0,326008000,5000000
2025-12-16,3450,3050055000,2555329000,0,0,108514000,279292000
2025-12-16,2836,608000000,297362000,0,0,83000000,86001000
2025-12-16,2881,22536459000,8598600000,380000000,14647081000,1526382000,890637000
2025-12-16,00643,62000000,205000000,0,0,2957345000,2514824000
2025-12-16,3025,604000000,310000000,0,0,3487000,0
2025-12-16,1560,2385000000,1893000000,43000000,3000000,88457000,324431000
2025-12-16,00693U,45000000,27000000,0,0,512000000,236908000
2025-12-16,6890,673000000,273787000,0,84000000,22000000,46433000
2025-12-16,00897,390000000,1000000,0,0,143000000,244790000
2025-12-16,2374,1130069000,729955000,0,0,32000000,145758000
2025-12-16,1611,672000000,385000000,0,0,7033000,16092000
2025-12-16,2478,524273000,226000000,0,0,4000000,24734000
2025-12-16,00936,0,27000000,0,0,2304052000,1999526000
2025-12-16,6426,2214000000,1930000000,0,0,1000000,11697000
2025-12-16,2493,533490000,226756000,0,0,13348000,47667000
2025-12-16,6415,2066104000,2032023000,198000000,0,94461000,57371000
2025-12-16,00653L,0,5000000,0,0,265730000,1060000
2025-12-16,00717,11000000,2000000,0,0,249000000,0
2025-12-16,3708,357876000,120000000,0,3000000,22700000,5043000
2025-12-16,2399,602000000,358000000,0,0,6000000,619000
2025-12-16,2103,930000000,793000000,0,0,128000000,23013000
2025-12-16,5515,459000000,235600000,0,0,29000000,18264000
2025-12-16,00895,11300000,9000000,0,0,666000000,439673000
2025-12-16,6944,720000000,588000000,115000000,0,76285000,100383000
2025-12-16,1215,636080000,2469000000,2125000000,101000000,34233000,22335000
2025-12-16,00865B,5000000,173000000,0,0,752436000,384065000
2025-12-16,2520,7272600000,1819702000,0,5420000000,226914000,62001000
2025-12-16,6196,2150000000,943950000,50000000,1026000000,51179000,84799000
2025-12-16,00708L,92012000,55000000,0,0,1400825000,1244190000
2025-12-16,1712,246000000,123000000,0,0,77276000,13000000
2025-12-16,6166,364390000,191000000,0,0,21199000,8593000
2025-12-16,6831,191000000,123000000,141000000,0,0,30000000
2025-12-16,3048,632000000,452000000,0,0,14000000,16607000
2025-12-16,2404,1581060000,1668150000,561640000,300378000,224619000,224785000
2025-12-16,8103,1005200000,874803000,0,0,50000000,11623000
2025-12-16,1702,203429000,68000000,0,3576000,44000000,9000000
2025-12-16,2301,6393007000,8199623000,1696130000,17000000,530898000,240027000
2025-12-16,8011,365000000,228000000,0,0,24000000,3000000
2025-12-16,3031,229000000,72000000,0,0,5000000,5000000
2025-12-16,4564,251003000,95660000,0,0,4000000,7000000
2025-12-16,3047,501000000,376000000,0,0,28003000,5000000
2025-12-16,5534,250000000,95200000,0,0,12000000,19297000
2025-12-16,6451,455000000,220100000,0,0,3000000,92193000
2025-12-16,2727,287880000,145718000,0,4171000,11305000,4400000
2025-12-16,00986A,0,333000000,0,0,669000000,191369000
2025-12-16,4960,283000000,157000000,0,0,17000000,0
2025-12-16,3673,758000000,395300000,0,0,49160000,271999000
2025-12-16,1808,1023009000,877660000,0,0,32000000,39000000
2025-12-16,00669R,0,0,0,0,678312000,543000000
2025-12-16,2413,7354000000,7220000000,0,0,1000000,120000
2025-12-16,00731,2000000,0,0,0,930975000,805137000
2025-12-16,2427,229000000,115409000,0,0,5000000,0
2025-12-16,02001R,0,0,0,0,114000000,0
2025-12-16,2637,3583000000,3471000000,5600000,8242000,234034000,232289000
2025-12-16,2428,246297000,134000000,17000000,0,11217000,31945000
2025-12-16,6994,175000000,87000000,0,0,20205000,1000
2025-12-16,2464,275011000,158067000,0,0,6000000,15573000
2025-12-16,6446,820428000,721298000,19000000,0,20003000,30789000
2025-12-16,2832,178000000,112500000,0,0,44000000,4000000
2025-12-16,3607,341200000,227000000,0,0,0,9000000
2025-12-16,2468,246000000,143000000,0,0,4000000,3479000
2025-12-16,3550,114000000,15731000,0,0,2000000,3698000
2025-12-16,00701,25000000,31000000,0,0,934501000,832058000
2025-12-16,3622,224000000,129000000,0,0,6000000,10000000
2025-12-16,3135,839000000,748000000,0,0,1000000,1000000
2025-12-16,1409,1189000000,1102000000,0,0,55116000,54253000
2025-12-16,2022,133000000,49000000,0,0,3000000,0
2025-12-16,2497,135000000,49000000,0,0,0,0
2025-12-16,9941,844005000,1010550000,211000000,0,58000000,19000000
2025-12-16,6189,246231000,170995000,0,3270000,15000000,4000000
2025-12-16,3583,220418000,136000000,0,0,4327000,7097000
2025-12-16,2540,378406000,277733000,0,0,36000000,56000000
2025-12-16,00639,4000000,23000000,0,0,287643000,188163000
2025-12-16,6168,156000000,79000000,0,0,3000000,4000000
2025-12-16,3338,154000000,81000000,0,0,4000000,2077000
2025-12-16,3653,584497000,729017000,72392000,27000000,220754000,50232000
2025-12-16,4557,92000000,24143000,0,0,2000000,1000000
2025-12-16,00714,78000000,0,0,0,30862000,40730000
2025-12-16,2548,203001000,132120000,0,0,15000000,21011000
2025-12-16,1806,394000000,255000000,0,56220000,7000000,25000000
2025-12-16,2465,212000000,146268000,0,0,0,1376000
2025-12-16,2104,762000000,713000000,0,0,48000000,32831000
2025-12-16,6152,563000000,505000000,0,0,9204000,6000000
2025-12-16,1104,396000000,376901000,0,0,58000000,16000000
2025-12-16,3321,108000000,48859000,0,0,1000000,0
2025-12-16,6657,123000000,64133000,0,0,1000000,0
2025-12-16,1449,189000000,133648000,0,0,4000000,1000000
2025-12-16,4961,283000000,238000000,14000000,932000,6589000,7164000
2025-12-16,6805,497355000,438361000,45000000,8000000,38207000,76843000
2025-12-16,9902,199000000,144000000,0,0,5000000,3000000
2025-12-16,2015,284000000,310000000,79000000,0,20000000,16243000
2025-12-16,2444,69000000,12000000,0,0,1002000,2000000
2025-12-16,009810,0,8000000,0,0,138000000,74874000
2025-12-16,9908,128000000,72000000,0,0,19000000,23000000
2025-12-16,1340,86000000,37000000,0,0,2000000,0
2025-12-16,1316,420000000,377040000,0,0,7000000,0
2025-12-16,3055,347000000,299000000,0,0,1318000,892000
2025-12-16,8454,427802000,374377000,0,0,10000000,15289000
2025-12-16,00636,12000000,23000000,0,0,617000000,558961000
2025-12-16,2905,381000000,341000000,0,0,34000000,28000000
2025-12-16,8028,1131100000,1002220000,0,20000000,47690000,111064000
2025-12-16,0055,2000000,2000000,0,0,94000000,50514000
2025-12-16,4532,452000000,422000000,0,5700000,33000000,14000000
2025-12-16,6277,65000000,21000000,0,0,3000000,4000000
2025-12-16,2467,1288807000,1175000000,22000000,0,26523000,120401000
2025-12-16,00901,0,14000000,0,0,590000000,534517000
2025-12-16,4949,98000000,58000000,0,0,2000000,1000000
2025-12-16,00899,0,0,0,0,45000000,4714000
2025-12-16,8467,55000000,20000000,0,0,5036000,0
2025-12-16,2431,96000000,58000000,0,0,2000000,2032000
2025-12-16,4566,209000000,169000000,0,0,3023000,5399000
2025-12-16,4919,842000000,807000000,0,0,42001000,39882000
2025-12-16,2488,61000000,22000000,0,0,1000000,3233000
2025-12-16,00640L,0,3000000,0,0,192066000,152475000
2025-12-16,910322,36000000,0,0,0,0,0
2025-12-16,4967,599253000,501000000,0,0,6000000,68940000
2025-12-16,6416,62000000,36000000,0,0,13000000,4000000
2025-12-16,6668,109000000,71000000,0,0,1000000,4000000
2025-12-16,8261,296000000,251000000,0,0,7300000,18520000
2025-12-16,6605,488000000,161000000,0,290000000,7584000,11008000
2025-12-16,912000,68000000,35000000,0,0,0,0
2025-12-16,2501,570000000,544000000,0,0,62000000,55000000
2025-12-16,00709,11000000,1002000,0,0,42000000,19003000
2025-12-16,3447,122000000,88000000,0,0,1000000,2545000
2025-12-16,1446,42000000,19000000,0,0,9000000,0
2025-12-16,9927,75856000,42151000,0,0,2000000,5562000
2025-12-16,6005,4156000000,5593000000,3087000000,1620451000,0,0
2025-12-16,3027,101001000,76000000,0,0,6000000,2000000
2025-12-16,2537,191000000,155000000,0,0,1000000,8000000
2025-12-16,3041,162001000,133800000,0,0,3000000,3098000
2025-12-16,6024,86000000,40907000,0,0,0,17000000
2025-12-16,6931,31000000,21000000,0,0,18000000,0
2025-12-16,4438,51854000,24584000,0,0,0,0
2025-12-16,00771,0,0,0,0,27006000,0
2025-12-16,2908,94000000,73000000,0,0,8000000,2000000
2025-12-16,2491,29000000,2000000,0,0,0,0
2025-12-16,1437,56000000,31000000,0,0,2000000,0
2025-12-16,2527,132000000,88000000,0,327000,9000000,27000000
2025-12-16,2365,308000000,280000000,0,0,3037000,5415000
2025-12-16,6799,93200000,68000000,0,0,1084000,1002000
2025-12-16,3705,137000000,114000000,0,0,4056000,2000000
2025-12-16,2482,144000000,117000000,0,0,6000000,9714000
2025-12-16,5706,43000000,26400000,0,0,8503000,2000000
2025-12-16,6695,86000000,65000000,0,0,2000000,0
2025-12-16,6472,282539000,257197000,0,1155000,36000000,37215000
2025-12-16,00678,1020000,1000000,0,0,256000000,233497000
2025-12-16,1558,39000000,21000000,0,194000,18443000,14000000
2025-12-16,4441,40000000,18000000,0,0,0,0
2025-12-16,00661,0,1000000,0,0,88000000,65142000
2025-12-16,1713,69000000,50000000,0,0,2274000,0
2025-12-16,2539,327000000,318913000,0,15058000,38000000,10000000
2025-12-16,1783,80000000,57000000,0,0,3000000,5000000
2025-12-16,4142,365250000,325000000,0,0,8000000,27254000
2025-12-16,6669,686195000,658790000,37594000,17000000,83031000,110128000
2025-12-16,3533,310643000,261000000,9000000,21000000,13210000,30318000
2025-12-16,4440,34000000,14000000,0,0,1000000,1000000
2025-12-16,1471,41000000,19000000,0,0,5000000,7000000
2025-12-16,00908,0,1000000,0,0,230000000,209182000
2025-12-16,2883B,76000000,0,0,0,3000000,60000000
2025-12-16,2454,4275634000,4167779000,192949000,186891000,290522000,386241000
2025-12-16,4306,185000000,191920000,0,0,25000000,0
2025-12-16,00733,8000000,96000000,0,0,324000000,218373000
2025-12-16,3229,106000000,88000000,0,0,461000,1066000
2025-12-16,00635U,49033000,8725000,0,0,1408120000,1431552000
2025-12-16,8033,263000000,169602000,0,0,7000000,84000000
2025-12-16,00668,0,2000000,0,0,239212000,221304000
2025-12-16,6719,81000000,66000000,0,0,4796000,4000000
2025-12-16,6184,42000000,28000000,0,0,1000000,0
2025-12-16,6192,34000000,18000000,0,0,2000000,3000000
2025-12-16,00916,0,4000000,0,0,62000000,43153000
2025-12-16,00917,1000000,20000000,0,0,516085000,483563000
2025-12-16,2359,260010000,227000000,0,0,9540000,29029000
2025-12-16,2739,30000000,17000000,0,0,0,0
2025-12-16,2753,87000000,57000000,0,0,1486000,18693000
2025-12-16,6670,383000000,132000000,0,249323000,16000000,5000000
2025-12-16,6614,14000000,2000000,0,0,0,0
2025-12-16,6885,91000000,77000000,0,0,0,2000000
2025-12-16,020038,0,0,0,0,12000000,0
2025-12-16,4545,64000000,53000000,0,0,1000000,0
2025-12-16,2369,3825000000,3934000000,0,0,190263000,69404000
2025-12-16,3530,107000000,121000000,0,0,28000000,2286000
2025-12-16,00702,0,0,0,0,129144000,118270000
2025-12-16,0061,5000000,0,0,0,38008000,32983000
2025-12-16,00684R,0,0,0,0,21000000,11000000
2025-12-16,1466,49000000,37000000,0,0,1000000,3000000
2025-12-16,1475,23000000,13000000,0,0,0,0
2025-12-16,2250,25000000,15293000,0,0,0,55000
2025-12-16,00710B,0,0,0,0,122477000,113150000
2025-12-16,00652,0,0,0,0,113000000,103797000
2025-12-16,1432,19000000,12000000,0,0,2000000,0
2025-12-16,6936,14000000,7000000,0,0,3000000,1000000
2025-12-16,1477,1570000000,585807000,0,1064220000,102223000,13768000
2025-12-16,2390,125000000,109700000,0,0,3000000,10000000
2025-12-16,2613,149000000,143000000,0,0,2000000,0
2025-12-16,5258,56001000,47850000,0,0,3001000,4016000
2025-12-16,00689R,1000000,0,0,0,6000000,0
2025-12-16,9919,60000000,48000000,0,0,4000000,9000000
2025-12-16,3057,44000000,40160000,0,0,3000000,0
2025-12-16,4551,110000000,62000000,0,45000000,6000000,2243000
2025-12-16,4569,18000000,14000000,0,0,2000000,0
2025-12-16,5007,26000000,31000000,0,0,11000000,0
2025-12-16,00656R,0,168000000,0,0,211000000,37000000
2025-12-16,01010T,6000000,0,0,0,0,0
2025-12-16,8201,14000000,10000000,0,0,2000000,0
2025-12-16,1517,44000000,34000000,0,0,4000000,8222000
2025-12-16,6226,149000000,146000000,0,0,3636000,1000000
2025-12-16,6742,87000000,82000000,0,0,0,0
2025-12-16,1233,0,11000000,0,0,16000000,0
2025-12-16,4737,43905000,39399000,0,0,0,0
2025-12-16,6136,15000000,11000000,0,0,4001000,4000000
2025-12-16,1540,82000000,79000000,0,0,1000000,0
2025-12-16,020028,0,0,0,0,10000000,6000000
2025-12-16,4562,107000000,101000000,0,0,1000000,3000000
2025-12-16,3679,24000000,19000000,0,0,1000000,2000000
2025-12-16,2881B,0,0,0,0,4000000,0
2025-12-16,00938,15000000,104000000,0,0,845180000,753033000
2025-12-16,020032,0,0,0,0,3000000,0
2025-12-16,020036,0,0,0,0,3000000,0
2025-12-16,9946,46000000,46000000,0,0,4000000,1000000
2025-12-16,00711B,8000000,0,0,0,101059000,106213000
2025-12-16,00775B,0,0,0,0,2062000,0
2025-12-16,00681R,0,0,0,0,3000000,1000000
2025-12-16,6835,15000000,13000000,0,0,0,0
2025-12-16,020037,0,0,0,0,2000000,0
2025-12-16,2887F,2000000,0,0,0,0,0
2025-12-16,2434,6000000,5000000,0,0,1000000,0
2025-12-16,2891C,0,0,0,0,3000000,1000000
2025-12-16,8072,53001000,52461000,0,0,1000000,0
2025-12-16,020029,0,0,0,0,2000000,1000000
2025-12-16,1470,0,0,0,0,1000000,0
2025-12-16,3094,38000000,34000000,0,0,1000000,4000000
2025-12-16,2891B,0,0,0,0,1000000,0
2025-12-16,2852,180000000,179000000,0,1139000,2000000,1000000
2025-12-16,006205,5000000,7000000,0,0,277000000,274278000
2025-12-16,006206,0,2000000,0,0,17083000,15065000
2025-12-16,6955,0,1300000,0,0,1309000,0
2025-12-16,00657K,0,0,0,0,200000,200000
2025-12-16,00660,0,0,0,0,1000000,1000000
2025-12-16,00668K,0,0,0,0,200000,200000
2025-12-16,020034,0,0,0,0,8000000,8000000
2025-12-16,2254,0,1000000,0,0,2000000,1000000
2025-12-16,2415,29000000,31000000,0,0,2000000,0
2025-12-16,3130,5000000,6000000,0,0,1000000,0
2025-12-16,7631,1000000,2000000,0,0,1000000,0
2025-12-16,1414,74000000,89000000,0,0,15000000,0
2025-12-16,6423,2000000,5060000,0,0,15000000,12000000
2025-12-16,00636K,0,0,0,0,200000,300000
2025-12-16,3557,24001000,24300000,0,0,0,0
2025-12-16,6133,4916000000,4898000000,0,0,2000000,20357000
2025-12-16,6933,41000000,41000000,0,0,2000000,2380000
2025-12-16,6928,34000000,36000000,0,0,1000000,0
2025-12-16,7730,0,1000000,0,0,1000000,1000000
2025-12-16,8487,1000000,2000000,0,0,1000000,1000000
2025-12-16,00682U,0,0,0,0,0,1000000
2025-12-16,1539,9000000,12000000,0,0,2000000,0
2025-12-16,1443,0,3000000,0,0,2000000,0
2025-12-16,9136,0,1000000,0,0,0,0
2025-12-16,6592B,0,0,0,1000000,0,0
2025-12-16,1235,4000000,10140000,0,0,5000000,0
2025-12-16,6796,7000000,9400000,0,0,1000000,0
2025-12-16,006204,0,0,0,0,48235000,49750000
2025-12-16,00783,0,0,0,0,76030000,77973000
2025-12-16,00736,0,0,0,0,102000000,104000000
2025-12-16,6655,0,4000000,0,0,2000000,0
2025-12-16,6671,0,3000000,0,0,1000000,0
2025-12-16,8482,2000000,4000000,0,0,1000000,1000000
2025-12-16,7732,1000000,3000000,0,0,0,0
2025-12-16,7786,58000000,60000000,0,0,0,0
2025-12-16,7721,16000000,18000000,0,0,0,0
2025-12-16,3040,35000000,40000000,0,0,3000000,0
2025-12-16,4581,5000000,6000000,0,0,5000000,6000000
2025-12-16,6952,2000000,6000000,0,0,2000000,0
2025-12-16,1341,1000000,3000000,0,0,0,0
2025-12-16,1315,0,3000000,0,0,1000000,0
2025-12-16,2438,2000000,6000000,0,0,2000000,0
2025-12-16,911868,0,2000000,0,0,0,0
2025-12-16,2314,0,2167000,0,0,0,0
2025-12-16,5906,0,2355000,0,0,0,0
2025-12-16,8499,197000000,201800000,0,0,27114000,24688000
2025-12-16,6534,86000000,94000000,0,0,15000000,9609000
2025-12-16,6201,0,4000000,0,0,1000000,0
2025-12-16,6924,0,1000000,0,0,9000000,11000000
2025-12-16,6916,15000000,18000000,0,0,0,0
2025-12-16,1537,20000000,21000000,0,0,2000000,4000000
2025-12-16,006203,0,0,0,0,0,3000000
2025-12-16,020020,0,0,0,0,6000000,9000000
2025-12-16,1730,0,3000000,0,0,0,0
2025-12-16,2901,3000000,7000000,0,0,1000000,0
2025-12-16,6807,0,3000000,0,0,0,0
2025-12-16,9943,15000000,22000000,0,0,4000000,0
2025-12-16,2114,2000000,6000000,0,0,1120000,1000000
2025-12-16,5292,14000000,19940000,0,0,2000000,0
2025-12-16,7705,5001000,9000000,0,0,0,0
2025-12-16,9912,0,4000000,0,0,0,0
2025-12-16,1541,0,4000000,0,0,0,0
2025-12-16,6906,14000000,19000000,0,0,2000000,1000000
2025-12-16,2904,0,5000000,0,0,1000000,0
2025-12-16,2945,0,5000000,0,0,1000000,0
2025-12-16,3150,2000000,7000000,0,0,8000000,7000000
2025-12-16,3454,57000000,60000000,0,0,2000000,3000000
2025-12-16,2069,31000000,25000000,0,0,1000000,11000000
2025-12-16,2496,0,4000000,0,0,0,0
2025-12-16,9929,0,6000000,0,0,2000000,0
2025-12-16,1735,0,7000000,0,0,3000000,150000
2025-12-16,6645,1000000,6260000,0,0,5059000,4000000
2025-12-16,5269,166637000,175658000,40000000,1000000,24000000,58369000
2025-12-16,00921,100000,70000000,0,0,315000000,249511000
2025-12-16,3588,24981000,30354000,0,0,1000000,287000
2025-12-16,3432,0,5000000,0,0,0,0
2025-12-16,3669,4000000,10000000,0,0,1000000,0
2025-12-16,4807,1000000,6000000,0,0,0,0
2025-12-16,2762,2000000,8000000,0,0,2000000,1000000
2025-12-16,1324,3000000,9000000,0,0,1000000,0
2025-12-16,6281,17000000,16000000,0,0,0,6000000
2025-12-16,6918,3000000,9000000,0,0,1000000,0
2025-12-16,6969,0,3000000,0,0,2000000,4000000
2025-12-16,020030,0,0,0,0,5000000,10000000
2025-12-16,7788,43000000,48000000,0,0,1000000,1029000
2025-12-16,6230,16000000,22000000,0,0,5000000,4136000
2025-12-16,6582,2000000,7000000,0,0,0,229000
2025-12-16,7749,85000000,90000000,0,0,1001000,1241000
2025-12-16,3308,7000000,13498000,0,0,1000000,0
2025-12-16,1438,3000000,11806000,0,0,3000000,0
2025-12-16,1236,3000000,16000000,0,0,7000000,0
2025-12-16,6592A,0,0,0,6000000,0,0
2025-12-16,6792,0,7000000,0,0,2000000,1000000
2025-12-16,6887,1000000,6000000,0,0,0,1000000
2025-12-16,4133,5000000,12000000,0,0,1000000,0
2025-12-16,4439,2000000,8000000,0,0,0,0
2025-12-16,1817,4000000,11000000,0,0,11000000,10000000
2025-12-16,4588,3000000,9000000,0,0,0,0
2025-12-16,0053,0,1000000,0,0,0,5650000
2025-12-16,2911,0,6850000,0,0,0,0
2025-12-16,3168,0,7000000,0,0,0,0
2025-12-16,1418,1000000,8000000,0,0,0,0
2025-12-16,5546,2000000,9000000,0,0,0,0
2025-12-16,2248,1000000,8000000,0,0,1000000,1000000
2025-12-16,1338,8000000,16000000,0,0,1000000,0
2025-12-16,1441,0,8000000,0,0,1000000,0
2025-12-16,1530,9000000,15000000,0,0,1000000,2000000
2025-12-16,6902,10000000,15000000,0,0,0,2000000
2025-12-16,6666,1000000,9000000,0,0,1000000,0
2025-12-16,6431,54000000,61000000,0,0,0,0
2025-12-16,00851,0,0,0,0,0,7000000
2025-12-16,9942,12000000,19000000,0,0,0,0
2025-12-16,6771,1000000,9000000,0,0,1000000,0
2025-12-16,00903,1000000,22000000,0,0,31025000,17143000
2025-12-16,2538,90000000,100140000,0,0,3000000,0
2025-12-16,1516,3000000,10183000,0,0,0,0
2025-12-16,3034,1398125000,1522204000,258000000,300380000,258664000,99428000
2025-12-16,6698,38000000,47000000,0,0,4000000,2605000
2025-12-16,6164,91000000,98000000,0,0,6128000,7000000
2025-12-16,0057,0,0,0,0,43018000,51000000
2025-12-16,2906,18000000,24000000,0,0,3000000,5000000
2025-12-16,1423,1000000,11000000,0,0,2000000,0
2025-12-16,1474,7000000,16000000,0,0,1000000,0
2025-12-16,5538,0,9000000,0,0,1000000,0
2025-12-16,1805,4000000,13249000,0,0,1000000,0
2025-12-16,1776,0,11000000,0,0,2000000,0
2025-12-16,2939,0,10000000,0,0,1000000,0
2025-12-16,3419,11000000,23000000,0,0,3000000,0
2025-12-16,1535,4000000,14000000,0,0,1000000,0
2025-12-16,9926,5000000,14000000,0,0,0,0
2025-12-16,7711,13000000,22000000,0,0,0,0
2025-12-16,8367,0,11000000,0,0,2000000,0
2025-12-16,6606,1000000,11000000,0,0,1000000,0
2025-12-16,1339,5000000,18000000,0,0,9000000,5211000
2025-12-16,6592,130001000,147000000,0,0,29000000,21502000
2025-12-16,2115,3000000,11549000,0,0,1000000,2000000
2025-12-16,3528,53000000,63000000,0,0,0,0
2025-12-16,5484,24000000,34000000,0,0,0,0
2025-12-16,1323,0,10000000,0,0,0,0
2025-12-16,5215,0,9000000,0,0,0,1000000
2025-12-16,1521,3000000,14000000,0,0,1000000,0
2025-12-16,1435,1000000,13000000,0,0,2000000,0
2025-12-16,020039,0,0,0,0,7000000,17000000
2025-12-16,6581,3000000,17000000,0,0,4000000,0
2025-12-16,4148,1000000,11300000,0,0,0,0
2025-12-16,6861,35000000,42000000,0,0,8000000,11361000
2025-12-16,1472,0,10376000,0,0,0,0
2025-12-16,4583,43572000,50000000,0,0,3000000,6971000
2025-12-16,6789,228300000,321004000,119000000,2000000,42452000,77322000
2025-12-16,6641,0,11000000,0,0,0,0
2025-12-16,8443,0,11000000,0,0,0,0
2025-12-16,1525,9000000,19000000,0,0,14000000,15000000
2025-12-16,2024,0,11000000,0,0,0,0
2025-12-16,4994,1000000,10200000,0,0,1000000,3000000
2025-12-16,6782,32000000,38707000,0,0,1000000,5499000
2025-12-16,6715,13000000,24071000,0,0,1049000,1200000
2025-12-16,9910,565880000,571066000,0,6403000,36000000,36093000
2025-12-16,6112,117000000,128000000,0,0,3080000,4073000
2025-12-16,9944,0,12000000,0,0,0,0
2025-12-16,1445,3000000,17000000,0,0,2000000,0
2025-12-16,5244,50000000,65000000,0,0,3000000,0
2025-12-16,4155,4000000,18000000,0,0,2000000,0
2025-12-16,1903,43000000,61000000,0,0,6000000,0
2025-12-16,00703,0,0,0,0,4024000,16073000
2025-12-16,6754,1000000,13000000,0,70000,0,0
2025-12-16,006207,0,1000000,0,0,134277000,145584000
2025-12-16,00875,0,8000000,0,0,14000000,18757000
2025-12-16,8463,3000000,16000000,0,0,0,0
2025-12-16,6552,10000000,24000000,0,0,1000000,0
2025-12-16,1416,8000000,22000000,0,0,1000000,0
2025-12-16,1568,2000000,21000000,0,0,6000000,0
2025-12-16,1731,2000000,16000000,0,0,1000000,0
2025-12-16,2426,122000000,137000000,0,0,14000000,12000000
2025-12-16,2423,29000000,42000000,0,0,4000000,4000000
2025-12-16,6951,0,14000000,0,0,1000000,0
2025-12-16,2702,2000000,16000000,0,0,1000000,0
2025-12-16,3021,2000000,16000000,0,0,1000000,22000
2025-12-16,2642,7000000,18342000,0,0,0,2000000
2025-12-16,6854,59000000,58763000,0,0,3259000,17000000
2025-12-16,2025,7000000,23546000,0,0,3000000,0
2025-12-16,3062,789000000,792000000,0,0,5000000,15645000
2025-12-16,00949,107000000,2000000,0,0,351708000,470397000
2025-12-16,1506,3000000,21000000,0,0,4000000,0
2025-12-16,1465,0,16000000,0,0,2000000,0
2025-12-16,7736,2000000,17000000,0,0,1000000,0
2025-12-16,9931,0,14000000,0,0,0,0
2025-12-16,3652,0,15000000,0,0,1000000,0
2025-12-16,2616,1000000,15000000,0,0,0,0
2025-12-16,2712,0,14000000,0,0,1000000,1000000
2025-12-16,2461,5000000,20000000,0,0,2000000,1000000
2025-12-16,8466,1001000,15497000,0,0,0,0
2025-12-16,4104,11400000,28027000,0,0,4000000,2105000
2025-12-16,00913,0,3000000,0,0,277000000,288917000
2025-12-16,4952,14000000,30000000,0,0,5000000,4000000
2025-12-16,2239,17000000,31000000,0,0,2000000,3000000
2025-12-16,1512,1000000,18000000,0,0,3000000,1000000
2025-12-16,1452,0,15000000,0,0,0,0
2025-12-16,4572,3080000,10102000,0,8000000,0,0
2025-12-16,1707,29000000,42000000,0,0,5000000,7374000
2025-12-16,1906,5000000,22000000,0,0,7000000,5440000
2025-12-16,00920,0,110000000,0,0,100017000,5688000
2025-12-16,2432,0,14000000,0,0,8000000,10000000
2025-12-16,2483,5000000,17000000,0,0,1000000,5000000
2025-12-16,2424,0,16000000,0,0,0,0
2025-12-16,4560,31000000,48000000,0,0,1000000,0
2025-12-16,4935,7000000,20000000,0,0,2000000,5000000
2025-12-16,4771,16000000,32000000,0,0,0,0
2025-12-16,2910,6000000,23000000,0,0,1000000,0
2025-12-16,1410,5000000,22000000,0,0,1000000,0
2025-12-16,1220,5000000,22000000,0,0,1000000,0
2025-12-16,8429,38000000,50000000,0,0,1000000,5000000
2025-12-16,8162,6000000,25000000,0,0,3000000,0
2025-12-16,8481,0,16000000,0,0,0,0
2025-12-16,6914,7000000,25000000,0,0,2000000,0
2025-12-16,6658,16921000,32479000,0,0,1000000,1446000
2025-12-16,00739,0,0,0,0,2000000,18106000
2025-12-16,1598,35000000,51182000,0,0,2000000,2000000
2025-12-16,2207,294100000,471417000,152000000,2000000,26589000,16002000
2025-12-16,3043,23000000,40000000,0,0,0,0
2025-12-16,3716,3000000,21000000,0,0,1000000,0
2025-12-16,7740,7000000,24000000,0,0,2000000,2000000
2025-12-16,1413,0,18000000,0,0,1000000,0
2025-12-16,1256,4000000,21051000,0,0,0,19000
2025-12-16,2243,0,15000000,0,0,0,2309000
2025-12-16,6585,3000000,22000000,0,0,1500000,0
2025-12-16,2636,75000000,92000000,0,0,10000000,10780000
2025-12-16,2433,1000000,20000000,0,0,4000000,3000000
2025-12-16,9918,3000000,21000000,0,0,0,0
2025-12-16,1439,5000000,23000000,0,0,0,0
2025-12-16,4999,3000000,23000000,0,0,3000000,1501000
2025-12-16,8488,1000000,20666000,0,0,1000000,0
2025-12-16,9930,26000000,43000000,0,0,8000000,10000000
2025-12-16,6183,4000000,26000000,0,0,4000000,1000000
2025-12-16,1531,7000000,28000000,0,0,3000000,1000000
2025-12-16,3494,0,18000000,0,0,0,1000000
2025-12-16,1752,1000000,24000000,0,0,4000000,0
2025-12-16,8045,18000000,38340000,0,0,1277000,0
2025-12-16,00657,0,0,0,0,3000,19417000
2025-12-16,4552,14000000,36000000,0,0,2000000,0
2025-12-16,7791,1000000,21000000,0,0,0,0
2025-12-16,1533,17000000,42000000,0,0,5000000,0
2025-12-16,1463,11000000,32000000,0,0,1000000,0
2025-12-16,9906,21001000,43270000,0,0,6000000,4023000
2025-12-16,3591,95000000,116000000,0,0,5000000,4565000
2025-12-16,8411,2000000,25000000,0,0,5000000,3000000
2025-12-16,8438,1000000,22000000,0,0,0,0
2025-12-16,1526,0,23000000,0,0,2000000,0
2025-12-16,1454,7000000,29000000,0,0,2000000,1000000
2025-12-16,2397,104000000,125000000,0,0,2000000,2000000
2025-12-16,4930,1000000,23000000,0,0,1000000,0
2025-12-16,6988,0,16000000,0,0,19000000,24376000
2025-12-16,1342,11002000,34899000,0,0,1955000,0
2025-12-16,3092,63001000,85000000,0,0,0,0
2025-12-16,3054,8000000,30000000,0,0,0,0
2025-12-16,2107,41000000,65000000,0,0,2000000,0
2025-12-16,2509,13000000,29000000,0,0,1000000,7000000
2025-12-16,2611,37000000,71000000,0,0,12000000,0
2025-12-16,1337,10000000,34000000,0,0,2000000,0
2025-12-16,5907,5000000,28000000,0,0,1000000,0
2025-12-16,8374,67000000,89000000,0,0,5002000,5073000
2025-12-16,2020,77000000,98200000,0,0,7000000,8000000
2025-12-16,8210,245513000,385650000,149000000,22000000,25716000,35178000
2025-12-16,6862,11000000,31000000,0,0,0,2719000
2025-12-16,6965,6000000,34000000,0,0,5000000,0
2025-12-16,9937,20000000,41000000,0,0,21000000,23000000
2025-12-16,1456,1000000,21000000,0,0,0,3000000
2025-12-16,1468,4000000,29000000,0,0,5000000,3000000
2025-12-16,1219,10000000,34020000,0,0,11000000,10000000
2025-12-16,1417,5000000,38000000,0,0,10000000,1000000
2025-12-16,1583,10000000,34000000,0,0,1000000,1000000
2025-12-16,9103,1000000,25000000,0,0,0,0
2025-12-16,910861,0,24000000,0,0,0,0
2025-12-16,6674,10000000,34000000,0,0,0,0
2025-12-16,3164,1000000,26000000,0,0,1000000,0
2025-12-16,2923,18000000,75000000,0,0,34000000,1000000
2025-12-16,4576,77000000,103000000,0,0,7000000,5107000
2025-12-16,1231,83321000,109520000,0,0,10000000,8000000
2025-12-16,6197,163000000,181300000,0,0,11000000,17234000
2025-12-16,1457,7000000,33550000,0,0,2000000,0
2025-12-16,2607,726000000,461807000,0,292000000,16000000,13000000
2025-12-16,1453,3940000,28794000,0,0,1000000,1000000
2025-12-16,8442,4000000,30000000,0,0,1000000,0
2025-12-16,1725,7000000,34000000,0,0,2000000,0
2025-12-16,1726,2000000,31000000,0,0,4000000,0
2025-12-16,2722,2000000,25177000,0,0,3000000,5000000
2025-12-16,6438,140694000,183654000,0,0,22242000,4568000
2025-12-16,6598,3000000,29616000,0,0,1000000,0
2025-12-16,6214,413000000,431000000,0,6824000,16000000,16858000
2025-12-16,6790,11000000,40000000,0,0,8000000,5000000
2025-12-16,2008,10000000,39000000,0,0,3000000,0
2025-12-16,2032,32000000,59000000,0,0,1000000,0
2025-12-16,4190,1000000,28000000,0,0,1000000,0
2025-12-16,1762,5000000,31000000,0,0,2000000,2009000
2025-12-16,6128,9000000,33000000,0,0,2000000,4182000
2025-12-16,5607,91006000,126392000,0,0,9106000,0
2025-12-16,3501,10000000,34000000,0,0,2000000,4462000
2025-12-16,6239,8529047000,2349004000,37000000,6166553000,254411000,331861000
2025-12-16,1203,1000000,31000000,0,0,3000000,0
2025-12-16,2748,2000000,28000000,0,0,2000000,3000000
2025-12-16,3266,4000000,38000000,0,0,7000000,0
2025-12-16,6216,2000000,28000000,0,0,1000000,2108000
2025-12-16,6117,90000000,120000000,0,0,4000000,1629000
2025-12-16,6504,10000000,40000000,0,0,3000000,1000000
2025-12-16,1459,22000000,45000000,0,0,3000000,8000000
2025-12-16,1626,5000000,29000000,0,0,2000000,6000000
2025-12-16,6863,73000000,100000000,0,0,3081000,4502000
2025-12-16,1232,12000000,45000000,0,0,10000000,5422000
2025-12-16,8341,32000000,57000000,0,0,8000000,11540000
2025-12-16,2816,4000000,36000000,0,0,3286000,0
2025-12-16,00852L,0,0,0,0,322000000,350943000
2025-12-16,6957,12000000,41000000,0,0,0,0
2025-12-16,1419,138000000,154000000,0,0,12000000,25000000
2025-12-16,6115,15000000,45000000,0,0,6000000,5041000
2025-12-16,2302,68000000,101000000,0,0,4000000,50000
2025-12-16,6464,7000000,41090000,0,0,6000000,1000000
2025-12-16,5525,14000000,51517000,0,0,8000000,0
2025-12-16,2505,42000000,70000000,0,0,17000000,19000000
2025-12-16,2373,2000000,36000000,0,0,4000000,0
2025-12-16,6794,3000000,34000000,0,0,1000000,0
2025-12-16,6558,277096000,310000000,0,0,4000000,1957000
2025-12-16,1532,181000000,205000000,0,6541000,26000000,26404000
2025-12-16,1527,44000000,91000000,0,0,16000000,0
2025-12-16,2459,6000000,38000000,0,0,4000000,3000000
2025-12-16,2460,77000000,105000000,0,0,3000000,6000000
2025-12-16,2477,9000000,40000000,0,0,3000000,3000000
2025-12-16,3416,33563000,57000000,0,0,2000000,10098000
2025-12-16,3052,130000000,162660000,0,0,1000000,0
2025-12-16,4108,2000000,39000000,0,0,5000000,0
2025-12-16,1723,110000000,130000000,0,0,10000000,22000000
2025-12-16,1451,1000000,34000000,0,0,1000000,0
2025-12-16,8940,1000000,33000000,0,0,0,0
2025-12-16,9905,0,35000000,0,0,3000000,0
2025-12-16,4106,0,27000000,0,0,2000000,7198000
2025-12-16,4585,25000000,59051000,0,0,1324000,0
2025-12-16,2236,81000000,114794000,0,0,1000000,0
2025-12-16,009809,126000000,12000000,0,0,1434000000,1581000000
2025-12-16,3504,51000000,81000000,0,0,2000000,5247000
2025-12-16,2472,742000000,705000000,23000000,0,42000000,135424000
2025-12-16,5283,12400000,47000000,0,0,1000000,0
2025-12-16,3257,83000000,118000000,0,0,3000000,2000000
2025-12-16,2420,16000000,54000000,0,0,7000000,3000000
2025-12-16,2450,4000000,35000000,0,0,6000000,9000000
2025-12-16,6591,80000000,114189000,0,0,0,203000
2025-12-16,3346,34210000,67958000,0,0,0,1000000
2025-12-16,6405,6000000,47000000,0,0,6000000,50000
2025-12-16,6224,24000000,51051000,0,0,1000000,9000000
2025-12-16,00898,21000000,28000000,0,0,62247000,90367000
2025-12-16,1109,0,33000000,0,0,7000000,9509000
2025-12-16,5533,0,38000000,0,0,2000000,0
2025-12-16,2028,11000000,49000000,0,0,2000000,0
2025-12-16,7722,8000000,40964000,0,0,1000000,4194000
2025-12-16,2440,63000000,101000000,0,0,5802000,4000000
2025-12-16,2442,74005000,113245000,0,0,4000000,1000000
2025-12-16,2462,30000000,67000000,0,0,1000000,250000
2025-12-16,4526,534000000,570000000,0,0,5071000,5390000
2025-12-16,2617,235000000,274000000,0,0,13000000,10450000
2025-12-16,00737,2000000,494000000,0,0,464000000,8522000
2025-12-16,2033,0,37000000,0,0,0,0
2025-12-16,3051,63000000,104000000,0,0,4000000,0
2025-12-16,1590,506694000,540579000,1000000,0,17241000,21802000
2025-12-16,2524,19001000,65000000,0,0,13000000,5000000
2025-12-16,2414,6000000,44000000,0,0,0,0
2025-12-16,1733,86000000,125000000,0,0,4000000,3000000
2025-12-16,6142,84000000,117000000,0,0,0,5000000
2025-12-16,3296,9000000,48000000,0,0,1000000,230000
2025-12-16,2059,175471000,238737000,37259000,0,22930000,35277000
2025-12-16,2012,2000000,41650000,0,0,2000000,1000000
2025-12-16,3356,50000000,88910000,0,0,0,0
2025-12-16,2013,9000000,36000000,0,0,3000000,15020000
2025-12-16,6579,39001000,77542000,0,0,9000000,9571000
2025-12-16,6958,4000000,46120000,0,0,6000000,3000000
2025-12-16,00930,7000000,121000000,0,0,612000000,538243000
2025-12-16,1615,11000000,55389000,0,0,4000000,0
2025-12-16,00911,500000,1000000,0,0,102000000,141913000
2025-12-16,1614,1000000,47000000,0,0,5000000,0
2025-12-16,9940,110000000,180000000,0,0,51000000,22000000
2025-12-16,6743,38000000,80000000,0,0,1000000,0
2025-12-16,9935,35000000,83644000,0,0,7000000,0
2025-12-16,6838,51000000,94000000,0,0,1000000,0
2025-12-16,2471,4000000,48000000,0,0,2000000,0
2025-12-16,5306,12000000,58000000,0,0,4000000,0
2025-12-16,4755,28000000,71000000,0,0,4000000,4000000
2025-12-16,2227,5000000,52000000,0,0,4000000,0
2025-12-16,1234,15000000,66000000,0,0,9000000,1000000
2025-12-16,00944,0,5000000,0,0,628000000,666770000
2025-12-16,5519,69000000,111000000,0,0,7000000,9000000
2025-12-16,2305,175000000,244000000,0,0,24000000,0
2025-12-16,8476,81000000,126360000,0,0,9279000,9000000
2025-12-16,4739,300000000,335000000,0,5000000,3450000,8860000
2025-12-16,8222,95000000,139000000,0,0,0,2000000
2025-12-16,2466,485000000,536000000,0,0,4111000,0
2025-12-16,5285,21000000,66000000,0,0,1000000,3000000
2025-12-16,5288,3000000,51000000,0,0,1000000,1000000
2025-12-16,3717,74000000,117000000,0,0,0,5000000
2025-12-16,2701,0,50000000,0,0,2000000,0
2025-12-16,6909,9000000,56000000,0,0,0,1000000
2025-12-16,3046,91000000,138000000,0,0,2000000,3000000
2025-12-16,6776,14000000,62745000,0,0,0,0
2025-12-16,6689,52000000,92000000,0,9102000,3000000,2797000
2025-12-16,5531,91000000,162000000,0,0,23000000,1000000
2025-12-16,4137,29571000,78030000,0,0,4000000,5150000
2025-12-16,9934,48001000,94000000,0,0,2000000,6000000
2025-12-16,1325,103000000,154000000,0,0,1000000,0
2025-12-16,2453,76000000,132000000,0,0,8000000,2000000
2025-12-16,2430,8000000,56081000,0,0,2000000,4000000
2025-12-16,4770,148000000,202000000,0,0,7866000,4134000
2025-12-16,6573,48000000,99000000,0,0,6000000,6000000
2025-12-16,2546,21143000,76120000,0,0,3000000,0
2025-12-16,1760,7000000,61000000,0,0,2000000,0
2025-12-16,1709,33000000,87000000,0,0,3000000,1000000
2025-12-16,1473,20000000,74000000,0,0,2000000,0
2025-12-16,9925,38000000,92000000,0,0,14000000,12000000
2025-12-16,6756,15000000,72000000,0,0,5000000,478000
2025-12-16,6141,27000000,76000000,0,0,1000000,5000000
2025-12-16,1217,79000000,128000000,0,0,10000000,14000000
2025-12-16,2231,99500000,169600000,0,0,33758000,17019000
2025-12-16,1604,10000000,63000000,0,0,13000000,14000000
2025-12-16,02001L,0,0,0,0,5000000,59000000
2025-12-16,2705,8000000,68000000,0,0,6000000,0
2025-12-16,2007,10000000,66000000,0,0,7000000,5000000
2025-12-16,2480,72000000,123000000,0,1252000,16000000,19448000
2025-12-16,3311,44000000,97129000,0,0,5000000,7835000
2025-12-16,1737,24000000,87000000,0,0,7000000,0
2025-12-16,2706,3000000,63000000,0,0,4000000,0
2025-12-16,1108,3000000,60000000,0,0,2000000,1000000
2025-12-16,4414,187000000,229000000,0,0,14000000,28000000
2025-12-16,2514,10000000,62000000,0,0,8000000,12000000
2025-12-16,1810,120000000,169000000,0,0,7000000,14965000
2025-12-16,7610,44000000,100000000,0,0,2487000,4000000
2025-12-16,8478,45000000,100654000,0,0,2000000,4036000
2025-12-16,2850,132000000,222000000,30000000,0,16000000,14504000
2025-12-16,6515,317246000,409650000,37000000,0,10660000,14580000
2025-12-16,1436,62398000,139642000,0,0,18000000,234000
2025-12-16,6937,106000000,163000000,0,0,7003000,9542000
2025-12-16,3518,74000000,132963000,0,0,3000000,4000000
2025-12-16,00730,6000000,0,0,0,105700000,171981000
2025-12-16,5471,37000000,96000000,0,0,5000000,6503000
2025-12-16,8473,37000000,99960000,0,0,2000000,0
2025-12-16,4426,6000000,68000000,0,0,1000000,0
2025-12-16,2536,4000000,70000000,0,0,5000000,0
2025-12-16,1321,2000000,62000000,0,0,4000000,6000000
2025-12-16,3032,283000000,268000000,0,0,5000000,83658000
2025-12-16,6949,45000000,111000000,0,0,4000000,2268000
2025-12-16,1617,27000000,105000000,0,0,18000000,4763000
2025-12-16,6873,220068000,280310000,0,3607000,14126000,15117000
2025-12-16,2425,56000000,119000000,0,0,4000000,6000000
2025-12-16,2516,21000000,88000000,0,0,2000000,0
2025-12-16,4736,61000000,147000000,0,0,21000000,0
2025-12-16,8462,15000000,77000000,0,0,3000000,6220000
2025-12-16,4555,47000000,113000000,0,0,2000000,1728000
2025-12-16,1440,487000000,607000000,0,0,109000000,55054000
2025-12-16,3008,187033000,290140000,46405000,5331000,20526000,24710000
2025-12-16,1455,20000000,83000000,0,0,12000000,15840000
2025-12-16,2247,7000000,74000000,0,0,0,0
2025-12-16,2506,6000000,66001000,0,0,2000000,9000000
2025-12-16,3044,2240204000,1773360000,348000000,946000000,154585000,90708000
2025-12-16,6202,128000000,195000000,0,0,5200000,5889000
2025-12-16,3645,229295000,291000000,0,0,3000000,9209000
2025-12-16,3443,1967975000,1738678000,38328000,37000000,102279000,400878000
2025-12-16,3437,55000000,126000000,0,0,3000000,0
2025-12-16,1110,3000000,73000000,0,0,8000000,6000000
2025-12-16,7765,6000000,76000000,0,0,2000000,0
2025-12-16,1309,254000000,320000000,0,0,8000000,10006000
2025-12-16,3209,50000000,125000000,0,6724000,15000000,2217000
2025-12-16,2707,11000000,82000000,0,0,6000000,4000000
2025-12-16,00962,1000000,11000000,0,0,310000000,369871000
2025-12-16,4976,61000000,131000000,0,0,4000000,4000000
2025-12-16,6155,421000000,490000000,0,0,5000000,6001000
2025-12-16,3016,227000000,298000000,0,0,16426000,15584000
2025-12-16,2062,23000000,94000000,0,0,5000000,5000000
2025-12-16,3545,300000000,372000000,0,0,13565000,13335000
2025-12-16,3312,134705000,204491000,0,0,4000000,6000000
2025-12-16,2545,114348000,182427000,0,0,18000000,21752000
2025-12-16,01009T,0,0,0,0,0,72000000
2025-12-16,00907,9000000,107000000,0,0,782206000,757044000
2025-12-16,1467,15000000,91000000,0,0,3000000,0
2025-12-16,4912,29000000,102300000,0,0,0,0
2025-12-16,8081,305000000,524600000,149000000,1866000,2097000,3008000
2025-12-16,2392,586000000,629000000,0,0,46850000,78484000
2025-12-16,6834,25000000,99000000,0,0,2000000,2705000
2025-12-16,6235,231000000,303956000,0,0,13150000,16661000
2025-12-16,3592,1172200000,231000000,0,1022839000,10049000,4880000
2025-12-16,2849,18000000,127000000,0,0,43000000,11000000
2025-12-16,4164,247000000,322000000,0,0,14000000,16000000
2025-12-16,2429,133933000,211000000,0,0,3000000,3625000
2025-12-16,3003,41000000,117000000,0,0,5000000,6863000
2025-12-16,1732,17000000,97000000,0,0,2000000,0
2025-12-16,2316,1250000000,1226044000,23000000,0,31189000,156211000
2025-12-16,6449,116000000,210000000,0,0,35000000,19721000
2025-12-16,3617,177000000,252174000,0,0,6000000,9818000
2025-12-16,2375,296000000,361000000,0,0,4757000,19208000
2025-12-16,5222,47365000,117130000,0,0,6000000,16003000
2025-12-16,4119,6000000,77000000,0,0,2000000,11320000
2025-12-16,3038,193000000,242000000,0,484000,3000000,35000000
2025-12-16,6108,7000000,94000000,0,0,12000000,7000000
2025-12-16,6206,139000000,213000000,3000000,1305000,24009000,33967000
2025-12-16,2484,21000000,105000000,0,0,5000000,4231000
2025-12-16,00956,1000000,23000000,0,0,126001000,188429000
2025-12-16,8215,126000000,242000000,0,0,41000000,10000000
2025-12-16,2109,7000000,94000000,0,0,2000000,1000000
2025-12-16,1515,67000000,154000000,0,0,5000000,5001000
2025-12-16,2534,150000000,240000000,0,0,20000000,17561000
2025-12-16,2006,2549000000,2677000000,28000000,34063000,279127000,233000000
2025-12-16,4720,13000000,109000000,0,507000,8000000,1000000
2025-12-16,3002,436000000,530000000,0,0,5000000,601000
2025-12-16,6525,31000000,128000000,0,0,11000000,4000000
2025-12-16,2029,36000000,107000000,0,0,6000000,25490000
2025-12-16,8249,119250000,210400000,0,0,3071000,3001000
2025-12-16,9924,21200000,110201000,0,447000,4000000,6000000
2025-12-16,4942,20000000,112000000,0,0,3000000,3027000
2025-12-16,4766,220032000,206000000,0,108000000,21424000,19945000
2025-12-16,1103,60000000,166000000,0,0,34000000,21000000
2025-12-16,2030,6000000,93000000,0,0,5000000,12000000
2025-12-16,00735,0,2000000,0,0,157000000,249000000
2025-12-16,2360,3335085000,1894207000,8000000,1476554000,62657000,129644000
2025-12-16,3596,302790000,389244000,0,5000000,12000000,15405000
2025-12-16,7750,27000000,119000000,0,0,1000000,4015000
2025-12-16,6177,303742000,274447000,0,123000000,21379000,23112000
2025-12-16,2530,107000000,264000000,0,0,60182000,0
2025-12-16,00876,289000,14000000,0,0,1000000,84532000
2025-12-16,3406,863627000,1328000000,400000000,24000000,19527000,32204000
2025-12-16,9911,85000000,189886000,0,1000000,14000000,9583000
2025-12-16,3022,195000000,293000000,0,0,14000000,17844000
2025-12-16,2929,35000000,137000000,0,0,0,0
2025-12-16,1618,195000000,297000000,0,0,11000000,11655000
2025-12-16,3138,131000000,233097000,0,0,12017000,13000000
2025-12-16,6412,398000000,521000000,0,1418000,42000000,21473000
2025-12-16,4989,1321100000,1426000000,0,0,3000000,1999000
2025-12-16,0051,1027000,0,0,0,0,105591000
2025-12-16,009802,0,33000000,0,0,1072000000,1145891000
2025-12-16,00728,0,42000000,0,0,65000000,130335000
2025-12-16,00770,12040000,73000000,0,0,278000000,324441000
2025-12-16,1786,48000000,150000000,0,0,2248000,7758000
2025-12-16,1218,60000000,145000000,0,0,15000000,38000000
2025-12-16,1809,74000000,177000000,0,0,3000000,10000000
2025-12-16,6442,33100000,150000000,17668000,0,28200000,39400000
2025-12-16,9802,94000000,191615000,0,0,6615000,19506000
2025-12-16,1201,6000000,112000000,0,0,10000000,15166000
2025-12-16,3532,182000000,257000000,0,2739000,28426000,63401000
2025-12-16,2357,2374514000,7309060000,4945624000,273893000,234571000,84624000
2025-12-16,2535,36000000,149000000,0,0,10000000,10000000
2025-12-16,2608,13000000,130000000,0,0,15000000,12351000
2025-12-16,1734,4000000,119987000,0,0,1000000,0
2025-12-16,9955,206000000,323000000,0,0,2000000,0
2025-12-16,3563,170064000,401801000,134000000,0,10530000,31290000
2025-12-16,2233,81005000,188000000,0,0,7000000,18554000
2025-12-16,00654R,0,0,0,0,7000000,128200000
2025-12-16,2612,646000000,586000000,0,0,7896000,189415000
2025-12-16,00972,0,4000000,0,0,285000000,403509000
2025-12-16,2704,10000000,146000000,0,0,13000000,0
2025-12-16,2547,176000000,315648000,0,0,22000000,5892000
2025-12-16,1597,24000000,150000000,0,0,2391000,507000
2025-12-16,3059,506000000,567995000,0,0,12907000,75329000
2025-12-16,4540,73000000,194000000,0,0,5000000,8947000
2025-12-16,1616,364000000,480000000,0,0,2000000,10953000
2025-12-16,1225,7000000,135358000,0,0,3000000,0
2025-12-16,6283,31000000,153000000,0,0,0,4000000
2025-12-16,7799,58000000,210000000,0,0,26000000,17000
2025-12-16,8114,172000000,286100000,0,0,7000000,19122000
2025-12-16,6215,135266000,261000000,0,0,6000000,6688000
2025-12-16,4571,12000000,138000000,0,0,1000000,2552000
2025-12-16,3015,57000000,177226000,0,8591000,10588000,10020000
2025-12-16,3028,290200000,442000000,0,0,27000000,4000000
2025-12-16,009808,0,1000000,0,0,1822000000,1950141000
2025-12-16,1447,77001000,213000000,0,0,6000000,0
2025-12-16,00943,0,37000000,0,0,458000000,551982000
2025-12-16,2417,45000000,178000000,0,0,3000000,1289000
2025-12-16,2543,337001000,502789000,0,0,94170000,60031000
2025-12-16,1720,54000000,188000000,0,0,7000000,9000000
2025-12-16,2476,467000000,603353000,0,0,31429000,31403000
2025-12-16,2421,1799870000,1897000000,26000000,0,41000000,106207000
2025-12-16,6409,294792000,426826000,268000,1000000,18000000,22394000
2025-12-16,1460,9000000,96000000,0,0,4000000,55000000
2025-12-16,6869,323250000,462000000,0,0,6000000,6083000
2025-12-16,6526,46000000,253023000,71000000,1000000,12049000,14087000
2025-12-16,1524,197000000,337000000,0,0,4000000,3389000
2025-12-16,1227,98000000,239000000,0,0,29000000,28377000
2025-12-16,6923,63000000,207000000,0,0,5250000,1689000
2025-12-16,8016,185000000,525000000,210000000,2595000,2000000,9945000
2025-12-16,6672,104046000,247000000,0,0,2000000,1000
2025-12-16,1528,838000000,981000000,0,0,1000000,1000000
2025-12-16,2436,260000000,397000000,0,0,8606000,14768000
2025-12-16,00954,2030000,66000000,0,0,174000000,254196000
2025-12-16,2342,226000000,373000000,0,0,4000000,1805000
2025-12-16,6414,214126000,707000000,363000000,0,7000000,22122000
2025-12-16,1444,143000000,273000000,0,0,14000000,29300000
2025-12-16,3004,230000000,101001000,0,0,0,277098000
2025-12-16,2364,43000000,191250000,0,0,0,1784000
2025-12-16,2017,21000000,165000000,0,0,7000000,15436000
2025-12-16,00932,2000000,200043000,0,0,264000000,220532000
2025-12-16,6491,48000000,197000000,0,0,13181000,18784000
2025-12-16,5608,573000000,732000000,0,0,6001000,2122000
2025-12-16,00981T,0,11000000,0,0,537000000,682263000
2025-12-16,2348,56647000,208763000,0,0,8000000,12174000
2025-12-16,4968,184000000,313000000,0,0,11000000,38476000
2025-12-16,6625,20000000,179011000,0,0,15000000,14116000
2025-12-16,7780,18000000,177000000,0,0,0,0
2025-12-16,8213,76000000,240000000,0,0,12000000,7000000
2025-12-16,8404,73000000,237855000,0,0,20000000,14665000
2025-12-16,1708,87000000,257000000,0,0,18012000,8619000
2025-12-16,4956,882000000,1043000000,0,0,5078000,5838000
2025-12-16,00683L,0,0,0,0,0,162530000
2025-12-16,2038,54000000,216380000,0,0,3000000,5000000
2025-12-16,00893,31465000,66000000,0,0,510000000,640084000
2025-12-16,4938,4588829000,7793874000,2545831000,36271000,647350000,116606000
2025-12-16,6456,611000000,780000000,0,0,17000000,13259000
2025-12-16,6533,92483000,242004000,0,0,18000000,33929000
2025-12-16,3013,937000000,1010000000,0,0,30000000,122514000
2025-12-16,00882,104000000,1026000000,0,0,3348000000,2593443000
2025-12-16,6271,687000000,763000000,0,43000000,25820000,74678000
2025-12-16,5203,46040000,208000000,0,0,4130000,11166000
2025-12-16,6120,687000000,904901000,0,0,67000000,19000000
2025-12-16,3036,5761002000,10151420000,4400000000,464000000,351734000,67251000
2025-12-16,2723,279000000,444000000,0,0,10000000,15000000
2025-12-16,4536,42000000,212000000,0,0,8000000,10925000
2025-12-16,3149,268000000,439761000,0,0,2000000,3180000
2025-12-16,1736,181100000,294350000,0,59000000,23061000,28323000
2025-12-16,3017,1615704000,1664131000,171945000,171000000,119792000,255679000
2025-12-16,2102,50000000,239000000,0,0,7000000,2000000
2025-12-16,8464,750455000,943151000,0,2874000,20000000,9863000
2025-12-16,8163,121058000,277000000,0,9163000,15000000,35622000
2025-12-16,1307,90000000,289000000,0,0,9000000,2000000
2025-12-16,00700,5000000,181000000,0,0,240000000,257320000
2025-12-16,6806,375190000,566724000,0,0,9000000,12000000
2025-12-16,2258,114000000,293000000,0,0,64000000,80530000
2025-12-16,3703,164000000,374000000,0,0,45000000,31000000
2025-12-16,1476,306759000,575690000,71000000,1874000,21000000,17451000
2025-12-16,3026,447010000,606000000,2700000,0,12100000,54266000
2025-12-16,2401,580000000,784000000,0,0,32298000,27116000
2025-12-16,8104,865076000,1055232000,0,0,1000,11000000
2025-12-16,5434,389601000,311000000,9000000,291000000,21089000,18974000
2025-12-16,1464,19000000,225672000,0,0,3000000,0
2025-12-16,3535,766200000,972000000,0,0,9000000,9352000
2025-12-16,4904,5697315000,5971759000,0,57000000,244314000,119152000
2025-12-16,2376,998982000,1374120000,28000000,6000000,257250000,111895000
2025-12-16,8996,102000000,307000000,0,56000000,111000000,58699000
2025-12-16,2108,68000000,275000000,0,0,15000000,19000000
2025-12-16,2211,1009000000,3474000000,2260000000,3343000,14000000,17132000
2025-12-16,6269,471000000,634000000,0,0,27210000,78529000
2025-12-16,2731,90000000,312000000,12000000,0,17000000,22907000
2025-12-16,2031,152000000,371000000,0,0,12000000,11518000
2025-12-16,1536,290000000,485073000,0,0,48000000,71581000
2025-12-16,5234,175246000,369000000,8000000,1000000,17160000,49103000
2025-12-16,009812,19010000,495000000,0,0,1189000000,932673000
2025-12-16,3712,229000000,440000000,0,3880000,2075000,7310000
2025-12-16,6205,167000000,383000000,0,0,0,6516000
2025-12-16,00912,0,90000000,0,0,130000000,262647000
2025-12-16,00690,0,118000000,0,0,797000000,903786000
2025-12-16,2362,139000000,369000000,0,0,18000000,15592000
2025-12-16,1522,199000000,386000000,0,4628000,17000000,53626000
2025-12-16,2351,142000000,376000000,0,0,23026000,19205000
2025-12-16,3029,85700000,315000000,0,0,25000000,28469000
2025-12-16,2528,188601000,439200000,0,0,16000000,0
2025-12-16,3694,208570000,449000000,0,0,10000000,6897000
2025-12-16,5225,39000000,271000000,0,0,4000000,10333000
2025-12-16,2489,797000000,998003000,0,0,24000000,62003000
2025-12-16,2387,86000000,346000000,0,3828000,30000000,11188000
2025-12-16,4722,675794000,922000000,0,0,27000000,27456000
2025-12-16,00645,100000,6000,0,0,8000000,255433000
2025-12-16,8105,71000000,319000000,0,0,13000000,13000000
2025-12-16,1603,17000000,265000000,0,0,0,1000000
2025-12-16,1563,75000000,330000000,0,0,5000000,0
2025-12-16,6768,141000000,218000000,0,151183000,5966000,28314000
2025-12-16,3042,343000000,594000000,0,0,15000000,21731000
2025-12-16,2597,80000000,328920000,0,0,11000000,20428000
2025-12-16,2363,420100000,660200000,0,0,22492000,41875000
2025-12-16,2474,1444000000,1295232000,29000000,611829000,202000000,28786000
2025-12-16,00926,15000000,51600000,0,0,287000000,512669000
2025-12-16,1789,153000000,415000000,0,0,30000000,32000000
2025-12-16,2101,230806000,481364000,0,0,39000000,53248000
2025-12-16,2385,1102300000,1278790000,34400000,270686000,270000000,131066000
2025-12-16,3515,277390000,539365000,1000000,1000000,15016000,27177000
2025-12-16,6165,40018000,318000000,0,0,1000000,0
2025-12-16,00946,46000000,745000000,0,0,2567518000,2147890000
2025-12-16,2355,410000000,688000000,0,4066000,18976000,17005000
2025-12-16,1907,350000000,604000000,0,0,55000000,86000000
2025-12-16,3024,46000000,331000000,0,0,0,1000000
2025-12-16,2379,499620000,1617614000,808000000,79214000,122111000,19131000
2025-12-16,3686,62000000,350000000,0,0,1000000,0
2025-12-16,2820,116000000,427000000,0,0,90000000,66000000
2025-12-16,1319,220000000,804500000,157592000,1526000,167325000,32490000
2025-12-16,3005,903889000,1332000000,20000000,2000000,157090000,41240000
2025-12-16,2201,647000000,974640000,0,0,86000000,53299000
2025-12-16,009804,113000000,30000000,0,0,414095000,797377000
2025-12-16,3090,2282000000,2536000000,0,4418000,89053000,131456000
2025-12-16,00763U,0,0,0,0,616783000,917966000
2025-12-16,6753,1101100000,1369000000,35000000,0,20546000,89193000
2025-12-16,2340,775000000,1020000000,0,0,41663000,98278000
2025-12-16,1721,50000000,357000000,0,0,6000000,4922000
2025-12-16,1773,92101000,317400000,0,80400000,16000000,17560000
2025-12-16,1503,311284000,551000000,0,5735000,33000000,95640000
2025-12-16,6901,30000000,361000000,0,0,23000000,2000000
2025-12-16,00646,3186000,396000000,0,0,1450000000,1367393000
2025-12-16,00762,3100000,3000000,0,0,30000000,343091000
2025-12-16,2241,37000000,351000000,0,0,1000000,2000000
2025-12-16,9958,164036000,455000000,0,3000000,16923000,40476000
2025-12-16,4746,116000000,428000000,0,0,1000000,7088000
2025-12-16,1612,177000000,498000000,0,0,12092000,16648000
2025-12-16,5388,342000000,674000000,0,0,22000000,18738000
2025-12-16,9939,271000000,653346000,28000000,400000,47000000,26157000
2025-12-16,2601,69000000,407001000,0,0,6000000,3000000
2025-12-16,2204,367000000,694000000,0,3989000,18520000,22788000
2025-12-16,00905,36000000,118000000,0,0,573048000,828933000
2025-12-16,2458,370000000,1406090000,845000000,162812000,91000000,75425000
2025-12-16,1714,131000000,489000000,0,0,18000000,1000000
2025-12-16,2913,99000000,435000000,0,0,26000000,32000000
2025-12-16,2010,230000000,581000000,0,0,26000000,18000000
2025-12-16,3014,186000000,600000000,178000000,103242000,22195000,27304000
2025-12-16,2393,8055000000,2555000000,188000000,6422104000,418000000,32000000
2025-12-16,2645,426000000,745050000,18000000,0,69000000,122103000
2025-12-16,5243,219000000,588000000,0,0,30228000,23416000
2025-12-16,6781,205981000,537334000,18000000,0,46845000,100350000
2025-12-16,9917,104000000,324000000,0,177000000,45000000,16000000
2025-12-16,009801,151512000,32000000,0,0,805000000,1296555000
2025-12-16,2614,174000000,541880000,0,0,3000000,10000000
2025-12-16,2838,826000000,1257952000,0,0,237000000,183000000
2025-12-16,3035,1519823000,2059695000,0,0,308216000,155377000
2025-12-16,1909,247000000,599000000,0,0,52625000,88000000
2025-12-16,6691,487152000,829740000,0,11000000,27648000,63509000
2025-12-16,3049,470001000,863000000,0,0,4311000,7503000
2025-12-16,3605,327000000,735000000,0,0,29039000,18800000
2025-12-16,2208,588000000,988094000,0,0,33000000,35000000
2025-12-16,1529,165000000,568630000,0,0,2000000,2018000
2025-12-16,00892,64000000,27000000,0,0,982169000,1424536000
2025-12-16,00902,31000000,117000000,0,0,311000000,631241000
2025-12-16,2106,214000000,627000000,0,0,35000000,29187000
2025-12-16,9921,300026000,689500000,0,20000000,54000000,51964000
2025-12-16,3056,154950000,555143000,0,0,17000000,27895000
2025-12-16,2606,2741000000,4634170000,2863000000,305548000,383267000,1462036000
2025-12-16,3543,429000000,846000000,0,0,1000000,0
2025-12-16,3058,123000000,553049000,0,0,6000000,1000000
2025-12-16,3380,581000000,952000000,0,0,32546000,90271000
2025-12-16,3413,101267000,575105000,58000000,1000000,30001000,47341000
2025-12-16,3701,927500000,1372000000,0,0,9000000,8287000
2025-12-16,2511,107000000,548000000,0,0,61000000,68000000
2025-12-16,1434,459000000,939000000,0,0,71000000,51295000
2025-12-16,9945,1667000000,2307400000,260000000,8000000,149368000,233499000
2025-12-16,2498,2914020000,2812000000,0,0,81620000,656244000
2025-12-16,1513,905236000,1315100000,0,45147000,94000000,113875000
2025-12-16,4916,2825047000,2877000000,0,0,11034000,434001000
2025-12-16,3023,313000000,865000000,77205000,49000000,53228000,13811000
2025-12-16,00655L,25000000,198000000,0,0,1717000000,2031077000
2025-12-16,6243,456000000,938000000,0,0,2000000,7185000
2025-12-16,2405,292000000,789000000,0,0,5000000,2000000
2025-12-16,2338,128001000,590000000,0,0,43069000,76341000
2025-12-16,8926,348000000,859000000,0,0,46000000,48949000
2025-12-16,2206,119000000,562000000,0,69527000,32000000,34190000
2025-12-16,5284,320000000,734490000,0,0,18503000,124626000
2025-12-16,00647L,0,18000000,0,0,241000000,757008000
2025-12-16,1582,83000000,616000000,0,0,13000000,14295000
2025-12-16,2451,3068005000,2159800000,83600000,1348145000,52029000,243354000
2025-12-16,4763,1317350000,4508248000,2668000000,52724000,127028000,103535000
2025-12-16,2228,366108000,859409000,0,0,6000000,69995000
2025-12-16,1589,89000000,653118000,0,0,11000000,12781000
2025-12-16,1795,787248000,1484850000,40000000,0,187577000,96866000
2025-12-16,1308,193000000,767000000,0,0,20000000,21906000
2025-12-16,6962,293015000,874000000,0,0,11834000,7597000
2025-12-16,1904,244000000,804000000,0,44975000,65000000,43378000
2025-12-16,009811,525000000,0,0,0,1593000000,2702787000
2025-12-16,1710,149000000,745000000,0,0,32000000,28276000
2025-12-16,8271,660005000,1197000000,0,0,2434000,62330000
2025-12-16,6531,830469000,1066746000,42000000,336000000,68000000,137698000
2025-12-16,3006,1110501000,1423500000,0,0,127372000,431545000
2025-12-16,2912,625373000,1184684000,0,61980000,74000000,74086000
2025-12-16,2383,1453610000,2207308000,104009000,32901000,238214000,177980000
2025-12-16,2049,590359000,1197011000,0,0,42732000,59411000
2025-12-16,6589,270000000,898000000,0,0,13000000,13091000
2025-12-16,2605,3156000000,3066000000,0,0,63420000,787095000
2025-12-16,1305,182000000,805000000,0,0,13000000,24505000
2025-12-16,1519,2497724000,3253845000,209000000,4334000,172321000,257775000
2025-12-16,1229,145251000,794706000,0,0,79000000,70443000
2025-12-16,3714,378000000,1020000000,0,0,38000000,38000000
2025-12-16,3167,1621220000,2279160000,0,0,38115000,46705000
2025-12-16,2347,3527000000,3366353000,63000000,896759000,339270000,338966000
2025-12-16,00850,4260000,139000000,30000000,0,92000000,675145000
2025-12-16,1310,53000000,729000000,0,0,17000000,29344000
2025-12-16,3030,2442500000,1414000000,0,1441000000,64464000,343144000
2025-12-16,9914,758000000,1405000000,0,0,39000000,83801000
2025-12-16,1514,968979000,1544206000,0,0,14000000,135451000
2025-12-16,2630,131000000,819000000,0,0,5010000,16281000
2025-12-16,3661,257686000,766928000,16000000,162000000,155582000,200324000
2025-12-16,00674R,0,0,0,0,402241000,1104006000
2025-12-16,6757,1797000000,1104231000,0,1385000000,26054000,40926000
2025-12-16,00927,30500000,401000000,0,0,1619180000,1965807000
2025-12-16,3011,450000000,1179000000,0,0,7552000,1000000
2025-12-16,2834,5815416000,6445167000,0,1000000,387000000,488000000
2025-12-16,00952,2000000,21000000,0,0,668000000,1384215000
2025-12-16,1313,460000000,1218000000,0,0,42000000,37000000
2025-12-16,6176,2953000000,2771149000,23000000,1070074000,186000000,91958000
2025-12-16,3019,666123000,1382930000,0,0,103000000,181576000
2025-12-16,6278,248522000,974000000,0,42079000,43000000,71184000
2025-12-16,2332,935144000,1771000000,0,0,58631000,19804000
2025-12-16,2034,228870000,863815000,0,0,23000000,200002000
2025-12-16,1608,2077864000,2728010000,0,0,24956000,238716000
2025-12-16,2352,2696179000,3605080000,62000000,85000000,88142000,48595000
2025-12-16,3189,2968103000,3417896000,166000000,3000000,13006000,631890000
2025-12-16,4934,210000000,1119120000,0,0,6024000,3000000
2025-12-16,1727,239000000,1147000000,0,0,5000000,5230000
2025-12-16,00947,7000000,177000000,0,0,295000000,1041181000
2025-12-16,2855,600000000,1513500000,0,6000000,0,0
2025-12-16,00904,58000000,106000000,0,0,480000000,1355015000
2025-12-16,2915,243000000,1119000000,0,3000000,37000000,96000000
2025-12-16,1312,663000000,1351483000,0,0,35391000,294801000
2025-12-16,1304,1116000000,1997000000,0,0,51000000,119628000
2025-12-16,2014,2276000000,2688000000,0,0,270000000,808047000
2025-12-16,2395,1307154000,2250431000,23000000,45642000,60000000,47494000
2025-12-16,9938,174000000,1112000000,0,0,20000000,41133000
2025-12-16,00685L,18170000,22000000,0,0,688506000,1668094000
2025-12-16,009813,500000,24000000,0,0,2936000000,3920000000
2025-12-16,6285,1129010000,2178900000,1000000,69619000,144000000,39017000
2025-12-16,009805,62000000,94000000,0,0,2009000000,3005735000
2025-12-16,6116,1038000000,1973000000,0,0,104000000,227435000
2025-12-16,2903,2094000000,5304000000,2079000000,6000000,113000000,39000000
2025-12-16,2455,687612000,1490000000,0,31000000,25000000,255159000
2025-12-16,9933,550342000,1613982000,0,19000000,42000000,37472000
2025-12-16,6477,822000000,1899000000,0,0,10000000,28435000
2025-12-16,4958,2909119000,3693000000,665000000,1110000000,281353000,153773000
2025-12-16,00692,19000,206000000,0,0,1374000000,2269733000
2025-12-16,2331,4418000000,5044000000,0,0,283870000,761189000
2025-12-16,00964,0,29000000,0,0,865000000,1948993000
2025-12-16,00951,12000000,597000000,0,0,9000000,551931000
2025-12-16,009800,22655000,94000000,0,0,530000000,1597851000
2025-12-16,2887I,943000,1149000000,0,0,0,0
2025-12-16,00934,0,425000000,0,0,850764000,1581718000
2025-12-16,3576,1297000000,2438000000,0,0,66260000,83000000
2025-12-16,2885,22620037000,21553734000,579000000,3899000000,2510251000,1432655000
2025-12-16,00670L,22550000,0,0,0,42000000,1283799000
2025-12-16,6153,248181000,1452529000,0,0,54000000,79325000
2025-12-16,00923,41000000,195000000,0,1000000000,1108054000,1193940000
2025-12-16,3704,597000000,1844000000,0,0,22000000,16710000
2025-12-16,00752,58054000,203000000,0,0,366000000,1488033000
2025-12-16,1905,124000000,1395000000,0,0,38000000,37791000
2025-12-16,2023,270000000,1552860000,0,0,70000000,59001000
2025-12-16,00971,0,48000000,0,0,308000000,1550700000
2025-12-16,2646,862000000,2117000000,0,0,89000000,144000000
2025-12-16,2009,1087000000,2122000000,0,0,26260000,343979000
2025-12-16,00633L,550000000,1487000000,0,0,3913300000,4382097000
2025-12-16,4915,1573800000,1479000000,0,1507276000,48000000,55537000
2025-12-16,2492,884169000,2056000000,1000000,0,33603000,298769000
2025-12-16,1718,285001000,1722000000,0,0,61000000,63000000
2025-12-16,2634,810289000,2063000000,0,0,60200000,249293000
2025-12-16,6209,2832826000,4226000000,0,0,47000000,103022000
2025-12-16,2897,1128000000,2597000000,0,9000000,141000000,125000000
2025-12-16,2329,2956431000,4024500000,0,0,67366000,465034000
2025-12-16,3050,1294000000,2826000000,0,0,3000000,11619000
2025-12-16,6213,1187135000,2588000000,0,0,42300000,209938000
2025-12-16,1210,754000000,2622000000,348000000,29000000,63000000,114631000
2025-12-16,00885,1701350000,3078000000,0,0,583214000,836238000
2025-12-16,8021,6678000000,8296200000,0,0,50000000,83755000
2025-12-16,2412,2335610000,3991391000,0,38000000,276299000,239791000
2025-12-16,2345,1808317000,5129001000,1654063000,11980000,189246000,200535000
2025-12-16,3305,8423166000,10549500000,0,0,544814000,152261000
2025-12-16,1442,5962000000,3895297000,0,3890000000,76154000,18865000
2025-12-16,00983A,52000000,1188000000,0,0,1049000000,1702603000
2025-12-16,2419,1229000000,3082000000,0,0,18245000,21338000
2025-12-16,1722,691000000,1349000000,0,1238000000,36000000,31477000
2025-12-16,2328,656959000,2481000000,0,0,103000000,177403000
2025-12-16,00662,32152000,138000000,0,0,114000000,1992522000
2025-12-16,00935,235100000,623000000,0,0,1385000000,2998773000
2025-12-16,6505,1914500000,3724451000,0,24552000,275303000,462455000
2025-12-16,8046,2885441000,4528265000,60000000,151837000,148000000,459760000
2025-12-16,6257,3169000000,2055100000,51000000,2848000000,172570000,537244000
2025-12-16,2439,2139010000,2101666000,3100000,2105287000,82000000,85767000
2025-12-16,3045,3296713000,5682352000,321000000,29000000,191211000,182830000
2025-12-16,6443,1337000000,3706000000,0,0,530625000,316000000
2025-12-16,2481,2065860000,4873000000,1662000000,392000000,242112000,1014873000
2025-12-16,8070,371025000,2735000000,0,10756000,40000000,40723000
2025-12-16,2441,5764000000,10440000000,2086000000,2000000,619843000,419231000
2025-12-16,1402,2782000000,5220009000,0,23000000,239000000,218240000
2025-12-16,2615,2007555000,4978561000,0,107000000,892695000,261184000
2025-12-16,2633,1193485000,3621417000,0,20000000,95000000,96580000
2025-12-16,00675L,61436000,176000000,0,0,697230000,3034543000
2025-12-16,00830,350400000,1132000000,0,0,552000000,2269776000
2025-12-16,1717,802136000,3064000000,0,0,65136000,309169000
2025-12-16,00989A,4100000,1003000000,0,0,333000000,1842965000
2025-12-16,00894,21100000,297000000,0,0,508000000,2922172000
2025-12-16,2354,1936234000,4533000000,51000000,112707000,135000000,305500000
2025-12-16,4906,1602000000,4604000000,0,13038000,237907000,160114000
2025-12-16,1609,579531000,3441893000,0,35646000,97000000,150629000
2025-12-16,2618,14445500000,19542986000,813000000,307744000,2301646000,720119000
2025-12-16,2105,3260829000,6651350000,9688000,218680000,701000000,131121000
2025-12-16,2308,4513406000,7464259000,115000000,199737000,388095000,473957000
2025-12-16,2449,5057987000,6000479000,1502734000,2475000000,884159000,2203648000
2025-12-16,3715,5822752000,8854256000,60000000,0,358389000,646171000
2025-12-16,2515,4324993000,7585000000,0,0,98000000,200373000
2025-12-16,00900,17151000,554000000,0,0,2270280000,5203474000
2025-12-16,2367,7359312000,10853883000,0,0,529002000,565687000
2025-12-16,2353,5333003000,10066000000,147000000,12624000,1590000000,634018000
2025-12-16,3702,3127532000,13167269000,6389000000,5863000,547003000,620448000
2025-12-16,2406,10815000000,14585000000,0,0,18748000,18388000
2025-12-16,6191,1964283000,5433327000,104000000,0,138002000,586034000
2025-12-16,00631L,109831000,543000000,0,0,661480000,4192869000
2025-12-16,00706L,0,60000000,0,0,944000000,4851158000
2025-12-16,1802,17630993000,18294660000,0,0,737532000,4071489000
2025-12-16,3706,2970048000,6725047000,45000000,250000000,788327000,860352000
2025-12-16,2457,2821000000,6276000000,0,0,292205000,880859000
2025-12-16,2610,13303373000,18129500000,662000000,413000000,1593507000,1232669000
2025-12-16,00891,503593000,1529000000,0,0,2379000000,5769344000
2025-12-16,00757,2270000,910000000,0,0,314000000,3967426000
2025-12-16,1301,3770218000,8688300000,0,0,1016657000,848400000
2025-12-16,00896,146000000,99000000,0,0,2062398000,7254070000
2025-12-16,2356,1556029000,7545000000,137000000,0,791538000,271764000
2025-12-16,2027,3786000000,16283787000,6780000000,0,603530000,369482000
2025-12-16,006208,167216000,1632100000,0,0,1350880000,5405692000
2025-12-16,2801,6217288000,13820676000,2590000000,0,478000000,1143789000
2025-12-16,00650L,112000000,857000000,0,0,1233009000,6193549000
2025-12-16,2327,5139786000,10276933000,111876000,481785000,571000000,1309563000
2025-12-16,4927,5339000000,11598957000,0,0,24000000,33667000
2025-12-16,00984A,130000000,1240000000,0,0,3095000000,8531193000
2025-12-16,5469,3337116000,9827881000,0,0,120735000,199612000
2025-12-16,1102,6033800000,11324697000,3073000000,4970960000,815000000,216470000
2025-12-16,00940,41105000,7573200000,0,0,5022385000,4108007000
2025-12-16,00881,28164000,4983000000,0,0,3200044000,5119164000
2025-12-16,009803,5000000,118000000,0,0,2741920000,9885284000
2025-12-16,1326,7955269000,14946055000,0,16000000,501703000,980666000
2025-12-16,2408,1877634000,7945637000,196191000,343000000,305000000,1606507000
2025-12-16,2313,20671000000,31505279000,3461000000,0,3452500000,4137780000
2025-12-16,00909,61437000,5782000000,0,0,1308000000,3920824000
2025-12-16,1314,2027000000,10082000000,0,0,132000000,521015000
2025-12-16,00985A,310280000,513000000,0,0,3017000000,11273742000
2025-12-16,2330,12301721000,24966800000,2575000000,82931000,2378495000,1132304000
2025-12-16,2882,49798621000,26414071000,140000000,33662256000,2240348000,1032065000
2025-12-16,2891,56062859000,26606545000,1150000000,41928279000,3848139000,1820278000
2025-12-16,00922,32370000,3528000000,0,0,6550821000,12916525000
2025-12-16,00929,3981736000,11316000000,0,0,4604512000,7351785000
2025-12-16,6282,13227032000,21950120000,0,13000000,698605000,2355143000
2025-12-16,00663L,139000000,215000000,0,0,1204730000,11811293000
2025-12-16,00980A,191219000,1388000000,0,0,3852000000,13823689000
2025-12-16,2409,13608291000,24934000000,308809000,76707000,529000000,748651000
2025-12-16,2886,18572302000,33377798000,965000000,64000000,2031309000,512605000
2025-12-16,3231,5405284000,17197786000,485554000,941000000,1087753000,1497997000
2025-12-16,00637L,2435000000,12569000000,0,0,11495346000,14620406000
2025-12-16,2382,6154782000,20655102000,548298000,29139000,1150500000,770226000
2025-12-16,00753L,1283000000,2800000000,0,0,2704000000,15155614000
2025-12-16,00642U,197185000,669000000,0,0,702000000,17138470000
2025-12-16,2371,29788229000,36271335000,9500000,8909631000,1047000000,2901897000
2025-12-16,2317,15695948000,34914010000,1491000000,1192261000,2200611000,1731361000
2025-12-16,2002,4260700000,23211124000,0,85000000,789000000,865052000
2025-12-16,1101,7469000000,26118770000,0,65000000,395000000,1217583000
2025-12-16,2337,17011880000,33627000000,1306000000,0,200319000,4560825000
2025-12-16,00878,182190000,24699000000,0,0,9654813000,6170690000
2025-12-16,2344,71827996000,88153643000,419558000,756000000,5413660000,11266565000
2025-12-16,00665L,363000000,4768000000,0,0,2599000000,21040478000
2025-12-16,3481,16004009000,38326999000,428991000,19000000,325000000,1422865000
2025-12-16,00988A,156000000,8089000000,0,0,1392000000,19148000000
2025-12-16,6770,22888751000,56759036000,164000000,227000000,2404024000,4959627000
2025-12-16,1605,7188001000,43482361000,0,85833000,574000000,3954372000
2025-12-16,00918,379100000,674000000,0,0,3214847000,48277382000
2025-12-16,00715L,150000000,5113000000,0,0,2750000000,45937292000
2025-12-16,00982A,581764000,6523000000,0,0,6513458000,52996748000
2025-12-16,0052,916820000,4317544000,0,0,14936470000,70212504000
2025-12-16,0056,3955672000,14366000000,0,0,302999000,49250569000
2025-12-16,00919,7275477000,30965000000,0,0,16339260000,64022055000
2025-12-16,0050,1693261000,75048853000,0,3523000000,31085738000,45342745000
2025-12-16,00981A,9494801000,9509070000,0,0,9758000000,139876364000
2025-12-16,00679B,17258000000,1364000000,0,0,14914323000,11982446000
2025-12-16,00687B,7523000000,2168000000,0,0,13781067000,6395899000
2025-12-16,00687C,0,0,0,0,50400000,50400000
2025-12-16,00694B,331000000,0,0,0,193924000,504244000
2025-12-16,00695B,58000000,0,0,0,269107000,281113000
2025-12-16,00696B,3037000000,1000000,0,0,2699909000,5478509000
2025-12-16,00697B,16000000,13000000,0,0,135651000,96306000
2025-12-16,00719B,223000000,44000000,0,0,327541000,25950000
2025-12-16,00720B,1063000000,258000000,0,0,2517111000,0
2025-12-16,00722B,183000000,124000000,0,0,2250410000,2183240000
2025-12-16,00723B,0,40000000,0,0,162000000,100000000
2025-12-16,00724B,278000000,11000000,0,0,3526406000,3595250000
2025-12-16,00725B,341000000,938000000,0,0,2353876000,598553000
2025-12-16,00726B,11000000,5000000,0,0,131062000,115442000
2025-12-16,00727B,0,0,0,0,109661000,107199000
2025-12-16,00734B,0,38000000,0,0,524000000,448000000
2025-12-16,00740B,1820000000,0,0,0,1691250000,3365284000
2025-12-16,00741B,0,2000000,0,0,201155000,204000000
2025-12-16,00746B,795000000,1000000,0,0,178000000,963000000
2025-12-16,00749B,4000000,1000000,0,0,103000000,103000000
2025-12-16,00750B,0,1000000,0,0,101000000,100000000
2025-12-16,00751B,480000000,10000000,0,0,612693000,70039000
2025-12-16,00754B,1000000,2000000,0,0,100000000,100000000
2025-12-16,00755B,9000000,31000000,0,0,130004000,100002000
2025-12-16,00756B,12000000,5000000,0,0,138000000,101000000
2025-12-16,00758B,0,0,0,0,100000000,100000000
2025-12-16,00759B,0,0,0,0,101000000,100002000
2025-12-16,00760B,4000000,2000000,0,0,103960000,101528000
2025-12-16,00761B,11000000,141000000,0,0,257469000,103000000
2025-12-16,00764B,990000000,0,0,0,1786034000,2481264000
2025-12-16,00768B,682000000,0,0,0,1343631000,867608000
2025-12-16,00772B,2070330000,31000000,0,0,808697000,1092882000
2025-12-16,00773B,222300000,1000000,0,0,295334000,124384000
2025-12-16,00777B,0,1000000,0,0,100000000,100000000
2025-12-16,00778B,1000000,0,0,0,100000000,100000000
2025-12-16,00779B,3000000,2000000,0,0,300000000,300000000
2025-12-16,00780B,8000000,1000000,0,0,101200000,101000000
2025-12-16,00781B,0,12000000,0,0,136000000,100571000
2025-12-16,00782B,0,7000000,0,0,164000000,100000000
2025-12-16,00785B,25000000,1000000,0,0,101000000,127000000
2025-12-16,00786B,24000000,226000000,0,0,100000000,301000000
2025-12-16,00787B,4000000,0,0,0,21000000,0
2025-12-16,00788B,2000000,5000000,0,0,71000000,0
2025-12-16,00789B,3000000,3000000,0,0,101000000,100000000
2025-12-16,00791B,0,0,0,0,100000000,100000000
2025-12-16,00792B,3000000,36000000,0,0,120149000,100094000
2025-12-16,00793B,0,0,0,0,112001000,101064000
2025-12-16,00795B,2170000000,125000000,0,0,3056519000,2185522000
2025-12-16,00799B,0,0,0,0,168000000,106390000
2025-12-16,00834B,0,0,0,0,100000000,100000000
2025-12-16,00836B,1000000,0,0,0,202000000,200403000
2025-12-16,00840B,0,0,0,0,100000000,100000000
2025-12-16,00841B,0,0,0,0,100000000,100000000
2025-12-16,00842B,0,2000000,0,0,105000000,100000000
2025-12-16,00844B,6000000,0,0,0,0,0
2025-12-16,00845B,0,0,0,0,101000000,101000000
2025-12-16,00846B,0,4000000,0,0,104047000,101000000
2025-12-16,00847B,0,3000000,0,0,305000000,300064000
2025-12-16,00848B,0,0,0,0,302000000,301000000
2025-12-16,00849B,0,0,0,0,303410000,304986000
2025-12-16,00853B,29000000,1000000,0,0,1506072000,1502337000
2025-12-16,00856B,18000000,0,0,0,8000000,12100000
2025-12-16,00857B,567000000,13000000,0,0,897006000,462000000
2025-12-16,00858,0,22000000,0,0,88083000,218951000
2025-12-16,00859B,0,216000000,0,0,2522239000,2569174000
2025-12-16,00860B,0,0,0,0,107928000,102245000
2025-12-16,00862B,74000000,0,0,0,328796000,343062000
2025-12-16,00863B,10000000,16000000,0,0,361000000,351000000
2025-12-16,00864B,1128000000,0,0,0,679000000,546000000
2025-12-16,00870B,10000000,2000000,0,0,2000000,0
2025-12-16,00877,695000000,323000000,0,0,1667678000,1306007000
2025-12-16,00883B,0,3000000,0,0,333252000,302626000
2025-12-16,00884B,0,3000000,0,0,308030000,305788000
2025-12-16,00886,0,0,0,0,1000000,1925000
2025-12-16,00887,2123000000,969000000,0,0,4820355000,2568771000
2025-12-16,00888,0,250000000,0,0,215000000,519921000
2025-12-16,00890B,4000000,27000000,0,0,324000000,300000000
2025-12-16,00928,2000000,114000000,0,0,354265000,279334000
2025-12-16,00931B,964080000,0,0,0,1570895000,791000000
2025-12-16,00933B,4110000000,102000000,0,0,3849235000,1966940000
2025-12-16,00937B,7544000000,2519000000,0,0,11921000000,8166276000
2025-12-16,00942B,2028000000,0,0,0,521001000,416745000
2025-12-16,00948B,2522000000,2225000000,0,0,3796000000,1553400000
2025-12-16,00950B,3304000000,0,0,0,880223000,1685844000
2025-12-16,00955,206500000,1581000000,0,0,800000000,5284989000
2025-12-16,00957B,0,0,0,0,319000000,200063000
2025-12-16,00958B,0,9000000,0,0,936000000,276000000
2025-12-16,00959B,93000000,814000000,0,0,1423837000,59302000
2025-12-16,00966B,0,6000000,0,0,612009000,426243000
2025-12-16,00967B,14000000,0,0,0,706364000,50000000
2025-12-16,00968B,52000000,9000000,0,0,247000000,11968000
2025-12-16,00969B,59000000,17000000,0,0,1102350000,185836000
2025-12-16,00970B,28000000,25000000,0,0,1661118000,549000000
2025-12-16,00980B,0,0,0,0,779000000,88453000
2025-12-16,00980D,13000000,0,0,0,1409000000,557289000
2025-12-16,00980T,0,55000000,0,0,913000000,608470000
2025-12-16,00981B,16000000,504000000,0,0,1166000000,6574934000
2025-12-16,00981D,64000000,9000000,0,0,575000000,4666507000
2025-12-16,00982B,0,1000000,0,0,725065000,734073000
2025-12-16,00983B,0,0,0,0,2023061000,2017000000
2025-12-16,00984B,71000000,0,0,0,2114140000,2125000000
2025-12-16,00986B,20000000,0,0,0,322000000,273000000
2025-12-16,1240,0,3000000,0,0,92000,0
2025-12-16,1264,3000000,0,0,0,0,0
2025-12-16,1268,1000000,1000000,0,0,0,0
2025-12-16,1294,0,2000000,0,0,0,0
2025-12-16,1295,67000000,32000000,0,0,9000,6000000
2025-12-16,1336,0,4000000,0,0,0,0
2025-12-16,1565,18000000,158000000,0,0,2000000,3374000
2025-12-16,1569,92000000,171000000,0,0,1400000,843000
2025-12-16,1570,28000000,26000000,0,0,0,0
2025-12-16,1584,148631000,112000000,0,0,0,815000
2025-12-16,1586,25000000,135000000,0,0,0,0
2025-12-16,1591,27000000,35000000,0,0,5000000,5037000
2025-12-16,1593,1000000,0,0,0,0,0
2025-12-16,1595,21000000,19000000,0,0,1000000,107000
2025-12-16,1599,1000000,0,0,0,0,0
2025-12-16,1777,4000000,6000000,0,0,0,0
2025-12-16,1781,0,1000000,0,0,0,11000
2025-12-16,1784,126002000,104000000,0,0,31925000,64234000
2025-12-16,1785,3367000000,2700000000,7000000,0,253829000,794000000
2025-12-16,1799,30000000,31000000,0,0,0,108000
2025-12-16,1813,0,7000000,0,0,0,0
2025-12-16,1815,5791040000,7206000000,27000000,0,342771000,247990000
2025-12-16,2061,16000000,65000000,0,0,0,0
2025-12-16,2065,8000000,7000000,0,0,0,7000
2025-12-16,2066,8000000,5000000,0,0,0,0
2025-12-16,2067,0,14000000,0,0,0,0
2025-12-16,2070,20000000,3000000,0,0,0,0
2025-12-16,2221,0,6000000,0,0,0,0
2025-12-16,2230,104000000,129000000,0,0,100000,83805000
2025-12-16,2596,5000000,57000000,0,0,0,0
2025-12-16,2640,400000,0,0,0,0,0
2025-12-16,2641,408000000,1275000000,0,0,19000000,49494000
2025-12-16,2643,2000000,0,0,0,0,0
2025-12-16,2718,3000000,10000000,0,0,0,0
2025-12-16,2726,4000000,9000000,0,0,0,1000000
2025-12-16,2729,2000000,0,0,0,0,0
2025-12-16,2732,1000000,5000000,0,0,0,0
2025-12-16,2734,4000000,0,0,0,0,0
2025-12-16,2736,7000000,14000000,0,0,0,0
2025-12-16,2740,0,3000000,0,0,0,0
2025-12-16,2743,21050000,40000000,0,0,2000000,2769000
2025-12-16,2745,41000000,63000000,0,0,7000000,5622000
2025-12-16,2754,2000000,1000000,0,0,0,0
2025-12-16,2755,14000000,29000000,0,0,13000000,0
2025-12-16,2756,4000000,1000000,0,0,0,0
2025-12-16,2916,0,2000000,0,0,0,0
2025-12-16,2926,1000000,0,0,0,0,0
2025-12-16,3066,10000000,0,0,0,0,0
2025-12-16,3071,25000000,53000000,0,0,0,0
2025-12-16,3073,76000000,50000000,0,0,0,0
2025-12-16,3078,581000000,751000000,0,0,24000000,54747000
2025-12-16,3081,2067000000,2349000000,72000000,243000000,662358000,865576000
2025-12-16,3083,28000000,2000000,0,0,1000,0
2025-12-16,3086,16000000,45000000,0,0,0,1125000
2025-12-16,3088,24000000,141688000,0,0,10804000,14000000
2025-12-16,3093,4000000,15000000,0,0,0,0
2025-12-16,3095,0,0,0,0,14000,0
2025-12-16,3105,8103466000,12273022000,14000000,32083000,768282000,1346908000
2025-12-16,3114,0,3000000,0,0,0,0
2025-12-16,3118,1000000,5000000,0,0,0,0
2025-12-16,3122,6000000,17000000,0,0,0,5000
2025-12-16,3128,30000000,150000000,0,0,354000,1153000
2025-12-16,3131,91000000,131150000,4000000,0,21470000,68278000
2025-12-16,3141,198000000,139000000,0,0,1306000,13526000
2025-12-16,3147,23240000,32000000,0,0,0,3672000
2025-12-16,3152,452000000,444000000,0,0,21089000,46755000
2025-12-16,3158,0,2000000,0,0,0,0
2025-12-16,3162,287000000,403000000,0,0,0,0
2025-12-16,3163,260020000,1072608000,0,0,172000000,232298000
2025-12-16,3169,18000000,48000000,0,0,864000,581000
2025-12-16,3171,16000000,7000000,0,0,0,0
2025-12-16,3176,128000000,125000000,0,0,0,0
2025-12-16,3178,1000000,0,0,0,0,0
2025-12-16,3188,103000000,61000000,0,0,1000000,7328000
2025-12-16,3205,17000000,48000000,0,0,0,0
2025-12-16,3206,0,6000000,0,0,0,0
2025-12-16,3207,65000000,216000000,0,0,37117000,6087000
2025-12-16,3211,1714005000,1578000000,144000000,603000000,60511000,153600000
2025-12-16,3213,74025000,149000000,0,2012000,1000000,6263000
2025-12-16,3217,72150000,444000000,0,0,47000000,29278000
2025-12-16,3218,20000000,24000000,0,0,2000000,1766000
2025-12-16,3219,102000000,119000000,0,0,2000000,2183000
2025-12-16,3221,49000000,104000000,0,0,0,0
2025-12-16,3224,1000000,1000000,0,0,0,0
2025-12-16,3227,712000000,756000000,148000000,0,60000000,69266000
2025-12-16,3228,53000000,78000000,0,0,4081000,3524000
2025-12-16,3230,35000000,96000000,0,0,1000,8001000
2025-12-16,3232,0,1000000,0,0,0,0
2025-12-16,3234,317000000,129000000,0,0,2000000,1374000
2025-12-16,3236,498000000,764000000,0,0,0,435000
2025-12-16,3252,0,0,0,0,9000,0
2025-12-16,3259,0,2000000,0,0,0,0
2025-12-16,3260,2681010000,3603450000,301576000,450000000,47338000,1592454000
2025-12-16,3264,1892700000,3051000000,41900000,1772000,84277000,554192000
2025-12-16,3265,241100000,561000000,0,0,15148000,104958000
2025-12-16,3268,3000000,1000000,0,0,0,0
2025-12-16,3272,0,4000000,0,0,0,0
2025-12-16,3276,27000000,7000000,0,0,0,0
2025-12-16,3284,2000000,54000000,0,0,0,1000
2025-12-16,3285,2000000,1000000,0,0,0,0
2025-12-16,3287,16000000,20000000,0,0,1000000,541000
2025-12-16,3289,123275000,155000000,0,0,4172000,4627000
2025-12-16,3290,150000000,86000000,0,0,25100000,5563000
2025-12-16,3293,187845000,884100000,1000000,0,202000000,226250000
2025-12-16,3294,198000000,228000000,0,0,2000000,8945000
2025-12-16,3297,173000000,39000000,0,0,1000000,1255000
2025-12-16,3303,7000000,47000000,0,0,0,268000
2025-12-16,3306,92000000,46000000,0,0,0,0
2025-12-16,3310,13000000,27000000,0,0,0,5000000
2025-12-16,3313,75000000,100000000,0,0,2000000,2232000
2025-12-16,3317,91000000,128000000,0,0,1000000,2729000
2025-12-16,3322,472000000,835000000,0,0,0,2815000
2025-12-16,3323,1013050000,561000000,0,0,3454000,4645000
2025-12-16,3324,639556000,617300000,2000000,18000000,27691000,189371000
2025-12-16,3325,20000000,0,0,0,0,0
2025-12-16,3332,3000000,47000000,0,0,0,0
2025-12-16,3339,30000000,116000000,0,0,0,1000000
2025-12-16,3349,73000000,4000000,0,0,0,0
2025-12-16,3354,35000000,40000000,0,0,5000000,5000000
2025-12-16,3357,252000000,156000000,0,1983000,2071000,49325000
2025-12-16,3360,28000000,4000000,0,0,0,1000
2025-12-16,3362,126000000,284000000,0,0,6200000,8541000
2025-12-16,3363,37000000,87385000,0,0,2000000,21087000
2025-12-16,3372,110000000,242000000,0,0,2000000,2416000
2025-12-16,3373,3000000,16000000,0,0,0,0
2025-12-16,3374,437000000,734130000,0,0,68000000,69350000
2025-12-16,3379,83000000,86000000,0,0,0,0
2025-12-16,3388,0,4000000,0,0,0,0
2025-12-16,3390,27000000,36000000,0,0,0,0
2025-12-16,3402,195000000,126000000,0,2155000,8000000,42052000
2025-12-16,3430,104000000,186000000,0,0,1000000,384000
2025-12-16,3434,38000000,50000000,0,0,0,0
2025-12-16,3438,30000000,58000000,0,0,0,0
2025-12-16,3441,147000000,87000000,0,0,2000000,0
2025-12-16,3444,40000000,42000000,0,0,0,0
2025-12-16,3455,97000000,140000000,0,0,3000000,6785000
2025-12-16,3466,107500000,217000000,0,0,0,91000
2025-12-16,3467,15000000,9000000,0,0,0,0
2025-12-16,3479,74000000,157000000,0,1973000,6000000,10648000
2025-12-16,3483,76000000,143000000,0,0,1884000,519000
2025-12-16,3484,4000000,103000000,0,0,0,278000
2025-12-16,3489,0,11000000,0,0,0,0
2025-12-16,3490,295000000,440000000,0,0,8000000,4028000
2025-12-16,3491,1543000000,1472837000,0,0,34300000,167901000
2025-12-16,3492,4000000,26000000,0,0,0,2000
2025-12-16,3498,75000000,220000000,0,0,84511000,7363000
2025-12-16,3499,5000000,9000000,0,0,2000000,2551000
2025-12-16,3508,1000000,3000000,0,0,0,9000
2025-12-16,3511,14000000,46000000,0,0,1000000,472000
2025-12-16,3516,0,1000000,0,0,0,0
2025-12-16,3520,55000000,62000000,0,0,0,0
2025-12-16,3521,10000000,28000000,0,0,0,0
2025-12-16,3522,4000000,4000000,0,0,176000,0
2025-12-16,3526,56000000,42000000,0,904000,2410000,10952000
2025-12-16,3527,87000000,85000000,0,0,0,271000
2025-12-16,3529,187182000,574880000,0,41389000,74069000,139924000
2025-12-16,3537,79000000,188000000,0,0,0,1000
2025-12-16,3540,22000000,31000000,0,0,0,326000
2025-12-16,3546,42000000,66001000,0,0,2100000,12611000
2025-12-16,3548,120000000,75000000,0,0,1199000,1741000
2025-12-16,3551,1004001000,406000000,0,0,4936000,158916000
2025-12-16,3552,24000000,94000000,0,0,2000000,1973000
2025-12-16,3555,682000000,847000000,0,0,20000,8002000
2025-12-16,3556,1000000,1000000,0,0,0,0
2025-12-16,3558,31000000,62000000,0,0,2694000,8046000
2025-12-16,3564,30000000,35000000,0,0,10000,1000
2025-12-16,3567,0,1000000,0,0,0,0
2025-12-16,3570,0,1000000,0,0,0,0
2025-12-16,3577,16000000,39000000,0,0,230000,8141000
2025-12-16,3580,9000000,74000000,0,0,1021000,966000
2025-12-16,3581,165000000,156000000,0,0,1000000,852000
2025-12-16,3587,85000000,99000000,0,0,25000000,19722000
2025-12-16,3594,7000000,30000000,0,0,1000000,1303000
2025-12-16,3597,0,2000000,0,0,0,0
2025-12-16,3609,12000000,42000000,0,0,0,3000000
2025-12-16,3611,15000000,14000000,0,0,0,0
2025-12-16,3615,76000000,159000000,0,0,0,0
2025-12-16,3623,1000000,3000000,0,0,503000,1000000
2025-12-16,3624,608000000,574000000,0,0,1777000,73012000
2025-12-16,3625,138000000,120000000,0,0,0,0
2025-12-16,3628,208000000,122000000,0,0,8000000,7983000
2025-12-16,3630,208000000,152000000,0,0,1325000,1355000
2025-12-16,3631,0,4000000,0,0,0,0
2025-12-16,3646,0,4000000,0,0,0,0
2025-12-16,3663,146000000,411000000,0,0,16808000,18841000
2025-12-16,3664,0,2000000,0,0,0,0
2025-12-16,3666,2000000,13000000,0,0,0,0
2025-12-16,3672,9000000,4000000,0,0,0,0
2025-12-16,3675,23000000,30000000,0,0,8000000,7985000
2025-12-16,3680,247000000,1316000000,0,0,83000000,253514000
2025-12-16,3684,8000000,6000000,0,0,0,0
2025-12-16,3685,11000000,0,0,0,0,0
2025-12-16,3687,47000000,23000000,0,0,0,3000000
2025-12-16,3689,174000000,520000000,0,0,3000000,35639000
2025-12-16,3691,280000000,381000000,0,0,25000000,18063000
2025-12-16,3693,100000000,113000000,0,15000000,1000000,17480000
2025-12-16,3707,465005000,770000000,0,0,7006000,22154000
2025-12-16,3709,785000000,574000000,0,0,9622000,113426000
2025-12-16,3710,101000000,106475000,0,0,0,0
2025-12-16,3713,5000000,18000000,0,0,0,0
2025-12-16,4102,0,8000000,0,0,0,0
2025-12-16,4105,175000000,276000000,0,2000000,105000000,0
2025-12-16,4107,25000000,2000000,0,0,0,4000
2025-12-16,4109,8000000,4000000,0,0,0,1000
2025-12-16,4111,3100000,40000000,0,0,0,0
2025-12-16,4113,38000000,15007000,0,0,0,0
2025-12-16,4114,156000000,255007000,0,0,1000000,6535000
2025-12-16,4116,0,1000000,0,0,0,0
2025-12-16,4120,21000000,5000000,0,0,0,0
2025-12-16,4121,7000000,20000000,0,0,0,0
2025-12-16,4123,409933000,230709000,0,0,4000000,30656000
2025-12-16,4126,1000000,12000000,0,0,97000,0
2025-12-16,4127,0,1000000,0,0,0,0
2025-12-16,4128,215005000,291000000,0,0,6000000,1000
2025-12-16,4129,53000000,19000000,0,0,0,10965000
2025-12-16,4130,113000000,46000000,0,0,0,0
2025-12-16,4131,1000000,8000000,0,0,0,0
2025-12-16,4138,18000000,0,0,0,0,0
2025-12-16,4139,2000000,2000000,0,0,0,0
2025-12-16,4147,29000000,262000000,0,0,3000000,3430000
2025-12-16,4153,0,1000000,0,0,0,0
2025-12-16,4157,5007003000,5791000000,0,0,225115000,18168000
2025-12-16,4160,2001000,7000000,0,0,0,0
2025-12-16,4161,0,1000000,0,0,0,0
2025-12-16,4162,114000000,62000000,0,0,0,3197000
2025-12-16,4163,3000000,1000000,0,0,0,0
2025-12-16,4166,20000000,0,0,0,0,0
2025-12-16,4167,46000000,221000000,0,0,5000000,6596000
2025-12-16,4168,159000000,310000000,0,0,1309000,932000
2025-12-16,4171,7000000,10000000,0,0,0,219000
2025-12-16,4173,5000000,17000000,0,0,0,0
2025-12-16,4174,128068000,228052000,0,0,1000000,583000
2025-12-16,4175,1000000,4000000,0,0,0,0
2025-12-16,4188,0,1000000,0,0,0,0
2025-12-16,4207,59000000,59000000,0,0,0,0
2025-12-16,4303,183100000,166000000,0,0,16000000,62607000
2025-12-16,4305,0,2000000,0,0,0,0
2025-12-16,4401,2000000,3000000,0,0,0,0
2025-12-16,4413,2000000,0,0,0,0,0
2025-12-16,4416,18000000,15000000,0,0,0,5052000
2025-12-16,4417,5000000,70000000,0,0,1000000,519000
2025-12-16,4420,8000000,1000000,0,0,0,0
2025-12-16,4433,16000000,1000000,0,0,636000,1000000
2025-12-16,4442,0,3000000,0,0,0,0
2025-12-16,4502,1000000,0,0,0,0,0
2025-12-16,4503,62000000,83000000,0,0,100000,1711000
2025-12-16,4506,41000000,43000000,0,0,0,0
2025-12-16,4510,285400000,145000000,0,0,1134000,2684000
2025-12-16,4513,36001000,21000000,0,0,2000000,2387000
2025-12-16,4523,28000000,72000000,0,0,0,4506000
2025-12-16,4527,1000000,4000000,0,0,0,0
2025-12-16,4528,0,2000000,0,0,0,0
2025-12-16,4530,0,1000000,0,0,18000,0
2025-12-16,4533,143000000,217000000,0,0,0,1001000
2025-12-16,4534,11000000,26000000,0,0,1000000,887000
2025-12-16,4538,0,1000000,0,0,0,0
2025-12-16,4541,98000000,242000000,0,0,4000000,12897000
2025-12-16,4542,35000000,0,0,0,134000000,1000000
2025-12-16,4543,34000000,28000000,0,0,0,0
2025-12-16,4549,20000000,58020000,0,30000000,2177000,6089000
2025-12-16,4554,0,1000000,0,0,0,0
2025-12-16,4556,1000000,0,0,0,0,0
2025-12-16,4558,0,11000000,0,0,0,0
2025-12-16,4561,17000000,32000000,0,0,10000,0
2025-12-16,4563,15000000,15000000,0,0,1000000,299000
2025-12-16,4568,2000000,0,0,0,0,0
2025-12-16,4577,415000000,1299000000,0,0,8000000,8651000
2025-12-16,4580,8000000,29000000,0,0,0,0
2025-12-16,4702,4000000,6000000,0,0,0,0
2025-12-16,4707,37000000,12000000,0,0,0,0
2025-12-16,4711,0,0,0,0,0,135000
2025-12-16,4714,159000000,289000000,0,0,0,59000
2025-12-16,4716,20000000,51000000,0,0,0,0
2025-12-16,4721,82000000,135000000,0,0,4000,20254000
2025-12-16,4726,11000000,34000000,0,0,2000000,1788000
2025-12-16,4728,3000000,0,0,0,0,0
2025-12-16,4729,112000000,85000000,0,0,0,0
2025-12-16,4735,1000000,2000000,0,0,0,0
2025-12-16,4741,2000000,3000000,0,0,356000,0
2025-12-16,4743,558012000,845088000,0,0,12000000,3399000
2025-12-16,4744,6000000,136000000,0,0,0,0
2025-12-16,4745,20000000,16000000,0,0,0,0
2025-12-16,4747,1000000,2000000,0,0,0,0
2025-12-16,4749,125005000,304000000,25000000,0,46130000,143258000
2025-12-16,4760,112000000,84000000,0,0,5000000,10346000
2025-12-16,4768,1945185000,1231000000,0,0,17878000,32191000
2025-12-16,4772,236125000,473000000,0,0,30135000,99161000
2025-12-16,4903,2027000000,1114000000,0,0,5000000,5526000
2025-12-16,4907,5000000,4000000,0,0,0,0
2025-12-16,4908,49000000,125000000,0,0,2000000,7098000
2025-12-16,4909,893000000,1184000000,0,0,54163000,30400000
2025-12-16,4911,1000000,2000000,0,0,0,0
2025-12-16,4923,0,1000000,0,0,0,0
2025-12-16,4931,80000000,140000000,0,66000000,26000000,23809000
2025-12-16,4933,25000000,42000000,0,0,0,1000000
2025-12-16,4939,1579000000,2068000000,0,0,0,0
2025-12-16,4946,0,12000000,0,0,0,0
2025-12-16,4950,2000000,1000000,0,0,0,0
2025-12-16,4951,5000000,37000000,0,0,0,41000
2025-12-16,4953,123000000,134000000,0,2003000,5132000,2541000
2025-12-16,4966,245595000,436519000,124000000,66000000,11000000,22044000
2025-12-16,4971,5297204000,5909000000,15000000,0,244112000,347881000
2025-12-16,4972,0,1000000,0,0,0,0
2025-12-16,4973,122000000,239000000,0,0,0,0
2025-12-16,4974,23000000,64000000,0,0,1169000,9693000
2025-12-16,4979,6073270000,3712997000,0,2438000000,285101000,509389000
2025-12-16,4987,0,3000000,0,0,0,0
2025-12-16,4991,744000000,166005000,0,0,193000000,345000000
2025-12-16,4995,0,2000000,0,0,0,0
2025-12-16,5009,312000000,1305000000,0,0,48000000,115156000
2025-12-16,5014,7000000,3000000,0,0,1000000,500000
2025-12-16,5015,0,2000000,0,0,0,0
2025-12-16,5016,0,6000000,0,0,0,0
2025-12-16,5201,74000000,167000000,0,0,0,0
2025-12-16,5202,31000000,63000000,0,0,0,0
2025-12-16,5206,4000000,4000000,0,0,0,0
2025-12-16,5209,7000000,1000000,0,0,0,0
2025-12-16,5210,6000000,9000000,0,0,1000000,47000
2025-12-16,5213,187014000,35000000,0,0,0,0
2025-12-16,5220,0,1000000,0,0,0,0
2025-12-16,5223,0,2000000,0,0,0,0
2025-12-16,5227,20000000,15001000,0,0,0,613000
2025-12-16,5228,1000000,0,0,0,0,0
2025-12-16,5230,1000000,47000000,0,0,0,6000
2025-12-16,5236,6000000,72004000,0,0,2000000,7142000
2025-12-16,5245,1000000,2000000,0,0,0,0
2025-12-16,5251,53000000,44000000,0,0,5000000,5152000
2025-12-16,5263,33000000,50000000,0,0,20000000,0
2025-12-16,5272,4000000,3000000,0,0,0,7000
2025-12-16,5274,372007000,500688000,108483000,24000000,17193000,13401000
2025-12-16,5278,65000000,135000000,0,0,2000000,1481000
2025-12-16,5287,19000000,16864000,0,0,0,0
2025-12-16,5289,641010000,948002000,1000000,6000000,54873000,110174000
2025-12-16,5291,4000000,1000000,0,0,0,0
2025-12-16,5299,1000000,6000000,0,0,0,0
2025-12-16,5301,0,5000000,0,0,0,0
2025-12-16,5302,8000000,8000000,0,0,0,0
2025-12-16,5309,8014130000,12176010000,0,5000000,299912000,677043000
2025-12-16,5312,7000000,5000000,0,0,0,0
2025-12-16,5314,1631315000,1213050000,0,0,60518000,59764000
2025-12-16,5315,390000000,149000000,0,0,0,0
2025-12-16,5321,2000000,15000000,0,0,0,0
2025-12-16,5328,659000000,747000000,0,0,3000000,2455000
2025-12-16,5340,1277000000,579000000,0,0,4000000,60519000
2025-12-16,5347,3363080000,3588000000,489430000,6165000,231170000,226918000
2025-12-16,5351,923000000,2145000000,0,0,17000000,17655000
2025-12-16,5353,0,1000000,0,0,0,0
2025-12-16,5355,0,32000000,0,0,0,0
2025-12-16,5356,0,9000000,0,0,0,0
2025-12-16,5364,2000000,12000000,0,0,0,0
2025-12-16,5371,875150000,1741730000,0,3457000,87050000,712182000
2025-12-16,5381,1188000000,2214000000,0,0,14188000,730000
2025-12-16,5386,94075000,233001000,0,0,0,0
2025-12-16,5392,516000000,300000000,0,0,7000,238097000
2025-12-16,5398,17000000,68000000,0,0,0,0
2025-12-16,5403,3000000,1000000,0,0,0,0
2025-12-16,5410,18000000,127000000,0,0,2000000,1447000
2025-12-16,5425,348000000,753084000,0,4127000,40000000,131488000
2025-12-16,5426,20000000,114000000,0,0,8000000,8163000
2025-12-16,5432,100000000,155000000,0,0,0,1000
2025-12-16,5438,58000000,40000000,0,0,0,1000
2025-12-16,5439,2386000000,3221000000,33000000,1000000,240728000,297600000
2025-12-16,5443,242000000,196000000,0,0,5146000,26357000
2025-12-16,5450,4000000,0,0,0,0,0
2025-12-16,5452,329000000,643000000,0,0,1000000,287000
2025-12-16,5455,0,2000000,0,0,0,0
2025-12-16,5457,97000000,66000000,0,7000000,9489000,6000000
2025-12-16,5460,5000000,1000000,0,0,0,0
2025-12-16,5464,1000000,0,0,0,1000000,0
2025-12-16,5465,41000000,112000000,0,0,50000,35000
2025-12-16,5468,9000000,48000000,0,0,0,0
2025-12-16,5474,9000000,47000000,0,0,4024000,6822000
2025-12-16,5475,229000000,108000000,0,0,0,0
2025-12-16,5478,18000000,79276000,0,0,1000000,990000
2025-12-16,5481,60000000,200000000,0,0,0,0
2025-12-16,5483,2393830000,1133000000,558000000,2190107000,73933000,75360000
2025-12-16,5488,1000000,0,0,0,3000000,3000000
2025-12-16,5489,7000000,3000000,0,0,1000,0
2025-12-16,5490,57000000,299000000,0,0,0,2073000
2025-12-16,5493,181000000,61000000,0,0,40000,0
2025-12-16,5498,19765086000,20726000000,0,0,1527633000,768970000
2025-12-16,5508,2000000000,603000000,0,2720000000,120233000,43578000
2025-12-16,5511,11000000,10000000,0,0,0,0
2025-12-16,5512,92000000,326000000,0,0,0,0
2025-12-16,5514,107000000,102000000,0,0,0,0
2025-12-16,5520,1000000,1000000,0,0,0,0
2025-12-16,5523,0,1000000,0,0,0,0
2025-12-16,5529,1000000,1000000,0,0,0,0
2025-12-16,5530,52000000,234000000,0,0,0,0
2025-12-16,5536,915000000,916350000,109000000,58000000,40830000,120775000
2025-12-16,5543,3000000,0,0,0,0,0
2025-12-16,5548,5000000,0,0,0,0,0
2025-12-16,5601,0,0,0,0,340000,0
2025-12-16,5603,4000000,1000000,0,0,0,5000
2025-12-16,5604,1000000,0,0,0,0,0
2025-12-16,5609,4000000,25000000,0,0,0,0
2025-12-16,5864,82882000,207000000,0,0,0,0
2025-12-16,5903,10000000,9000000,0,8000000,7000000,99000
2025-12-16,5904,161000000,160009000,0,1000000,200000,0
2025-12-16,5905,273000000,275000000,0,0,5000000,5029000
2025-12-16,6015,10000000,10000000,0,0,0,0
2025-12-16,6016,246000000,69000000,0,0,0,0
2025-12-16,6020,1000000,9000000,0,0,0,0
2025-12-16,6021,0,31000000,0,0,0,0
2025-12-16,6023,6000000,34000000,0,0,0,0
2025-12-16,6026,67000000,178000000,0,0,0,0
2025-12-16,6104,1695300000,1816000000,0,0,45266000,27526000
2025-12-16,6109,0,0,0,0,0,4000
2025-12-16,6111,47000000,108000000,0,0,134000,27310000
2025-12-16,6113,37000000,47000000,0,0,0,107000
2025-12-16,6114,5000000,6000000,0,0,0,0
2025-12-16,6118,38000000,110000000,0,0,5000000,5000000
2025-12-16,6121,223000000,487750000,232000000,7966000,29224000,13815000
2025-12-16,6122,68001000,63000000,0,0,0,2000
2025-12-16,6123,4000000,9000000,0,0,0,105000
2025-12-16,6124,0,1000000,0,0,0,0
2025-12-16,6125,468000000,619001000,0,0,9490000,36232000
2025-12-16,6126,224000000,639000000,0,0,0,236000
2025-12-16,6127,5222000000,5704000000,0,0,16471000,136231000
2025-12-16,6129,51000000,1000000,0,0,0,113000
2025-12-16,6130,85000000,77000000,0,0,0,0
2025-12-16,6134,117000000,308000000,0,0,1000000,2708000
2025-12-16,6138,196000000,140000000,0,13229000,789000,7115000
2025-12-16,6140,13000000,39000000,0,0,60000,0
2025-12-16,6143,114000000,192000000,0,0,10000000,18285000
2025-12-16,6146,108000000,142000000,0,0,0,1456000
2025-12-16,6147,881000000,1595000000,527000000,12770000,11391000,6446000
2025-12-16,6148,62000000,127000000,0,0,0,68000
2025-12-16,6150,45000000,107000000,0,0,1000000,5819000
2025-12-16,6151,3000000,56000000,0,0,0,0
2025-12-16,6154,3000000,0,0,0,0,0
2025-12-16,6156,86000000,81000000,0,0,0,0
2025-12-16,6158,0,1000000,0,0,0,0
2025-12-16,6160,79000000,14000000,0,0,0,9000
2025-12-16,6161,28000000,68000000,0,0,0,0
2025-12-16,6163,72000000,218000000,0,0,1000000,37000000
2025-12-16,6167,276000000,113000000,0,0,0,0
2025-12-16,6169,0,1000000,0,0,0,0
2025-12-16,6170,35000000,77000000,0,0,0,0
2025-12-16,6171,0,4000000,0,0,0,0
2025-12-16,6173,702005000,568000000,0,0,12000000,143673000
2025-12-16,6174,1000000,12000000,0,0,0,0
2025-12-16,6175,806000000,556000000,0,0,9000000,78582000
2025-12-16,6179,557000000,173000000,0,0,1000000,93382000
2025-12-16,6180,152000000,212000000,0,876000,3000000,2169000
2025-12-16,6182,928003000,1859486000,0,0,184408000,268559000
2025-12-16,6185,119000000,146000000,0,0,0,15000000
2025-12-16,6186,58000000,115001000,0,0,1000000,557000
2025-12-16,6187,531000000,575011000,1000000,0,12889000,26488000
2025-12-16,6188,604000000,484000000,87000000,0,8036000,44341000
2025-12-16,6190,2623000000,1815150000,0,0,195544000,120992000
2025-12-16,6194,27000000,33000000,0,0,14000,0
2025-12-16,6195,1000000,10000000,0,0,0,0
2025-12-16,6199,29000000,13000000,0,0,315000,1000000
2025-12-16,006201,0,14000000,30000000,0,22490000,77398000
2025-12-16,6203,36000000,140000000,0,0,14000000,3510000
2025-12-16,6204,115000000,62000000,0,0,34000,0
2025-12-16,6207,76000000,67000000,0,0,4000000,4523000
2025-12-16,6208,1000000,9000000,0,0,0,21000
2025-12-16,6212,0,2000000,0,0,0,0
2025-12-16,6217,541000000,610000000,0,0,1178000,10699000
2025-12-16,6218,62000000,69000000,0,0,3000,0
2025-12-16,6219,3000000,2000000,0,0,1000000,855000
2025-12-16,6220,54000000,142000000,0,0,1000000,0
2025-12-16,6221,120513000,77000000,0,0,0,0
2025-12-16,6222,2000000,2000000,0,0,0,0
2025-12-16,6223,469006000,590871000,85000000,62000000,56420000,82234000
2025-12-16,6227,19000000,78000000,0,0,2003000,7111000
2025-12-16,6229,0,7000000,0,0,0,7000
2025-12-16,6231,144000000,261000000,0,0,31696000,18784000
2025-12-16,6233,27000000,23000000,0,0,0,0
2025-12-16,6234,305000000,1046000000,0,0,11000000,3676000
2025-12-16,6237,78000000,49000000,0,0,1000,1399000
2025-12-16,6240,0,0,0,0,1000000,0
2025-12-16,6241,2000000,0,0,0,0,0
2025-12-16,6242,0,1000000,0,0,0,0
2025-12-16,6244,1285000000,1318420000,0,0,71984000,43000000
2025-12-16,6245,59000000,240000000,0,2540000,7000000,14607000
2025-12-16,6246,0,8000000,0,0,0,0
2025-12-16,6248,8000000,4000000,0,0,0,20000
2025-12-16,6259,4000000,15000000,0,0,0,0
2025-12-16,6261,147000000,92000000,0,0,26000000,0
2025-12-16,6263,0,13000000,0,0,0,0
2025-12-16,6264,5000000,0,0,0,0,0
2025-12-16,6265,847000000,2231000000,0,0,0,0
2025-12-16,6266,49000000,18002000,0,0,3000000,3446000
2025-12-16,6270,15000000,15000000,0,0,0,0
2025-12-16,6274,2727640000,5712600000,335000000,6000000,488598000,1572952000
2025-12-16,6275,202000000,119000000,0,0,0,0
2025-12-16,6276,1000000,3000000,0,0,0,0
2025-12-16,6279,55550000,158002000,0,0,2000000,3442000
2025-12-16,6284,230000000,122000000,0,0,6000000,24471000
2025-12-16,6290,1841087000,3290050000,1700000,0,45000000,182277000
2025-12-16,6291,718000000,675000000,0,0,59805000,3555000
2025-12-16,6292,7000000,1000000,0,0,0,0
2025-12-16,6294,2000000,1000000,0,0,0,0
2025-12-16,6411,62000000,100000000,0,0,4000000,5404000
2025-12-16,6417,0,6000000,0,0,0,0
2025-12-16,6418,341000000,104000000,0,0,5000000,5000000
2025-12-16,6419,114000000,46000000,0,0,0,114000
2025-12-16,6425,194000000,192000000,0,0,0,0
2025-12-16,6432,125000000,125000000,0,0,0,0
2025-12-16,6435,104000000,111000000,0,0,1000000,4741000
2025-12-16,6461,17000000,4000000,0,0,0,107000
2025-12-16,6462,193000000,206000000,0,0,17703000,20220000
2025-12-16,6465,171000000,27000000,0,0,22075000,23000000
2025-12-16,6469,73011000,206000000,0,0,5000000,8221000
2025-12-16,6470,6000000,25000000,0,0,0,120000
2025-12-16,6474,0,0,0,0,0,882000
2025-12-16,6485,125030000,112018000,0,0,3000000,3119000
2025-12-16,6486,18000000,34000000,0,0,0,0
2025-12-16,6488,920000000,847000000,6955000,425000000,121450000,119868000
2025-12-16,6492,60000000,54000000,0,0,1000000,718000
2025-12-16,6494,2000000,8000000,0,0,0,0
2025-12-16,6496,0,1000000,0,0,0,0
2025-12-16,6498,24000000,11000000,0,0,175000,0
2025-12-16,6499,46000000,217000000,0,0,4000000,3799000
2025-12-16,6508,4000000,1000000,0,0,0,0
2025-12-16,6509,108000000,248000000,0,11000000,0,0
2025-12-16,6510,406000000,644900000,0,0,28554000,89069000
2025-12-16,6516,1000000,6000000,0,0,0,0
2025-12-16,6517,46000000,58000000,0,0,1000000,540000
2025-12-16,6523,21000000,11000000,0,0,563000,1000000
2025-12-16,6530,352000000,184000000,0,0,1000000,2017000
2025-12-16,6532,13000000,18000000,0,0,0,0
2025-12-16,6535,67000000,48001000,0,0,1000000,991000
2025-12-16,6538,79000000,211000000,0,155000,1000000,3062000
2025-12-16,6542,0,1000000,0,0,0,0
2025-12-16,6546,56000000,71000000,0,0,1008000,1027000
2025-12-16,6547,211000000,233000000,0,0,26305000,61828000
2025-12-16,6548,947000000,592000000,1000000,4000000,15000000,32991000
2025-12-16,6556,1000000,0,0,0,0,0
2025-12-16,6560,22000000,47000000,0,0,0,301000
2025-12-16,6561,15000000,109000000,0,0,0,0
2025-12-16,6568,164000000,197000000,0,0,9884000,1452000
2025-12-16,6569,6000000,3000000,0,0,0,0
2025-12-16,6570,4000000,2000000,0,0,0,0
2025-12-16,6576,9000000,12000000,0,0,0,0
2025-12-16,6577,290000,14000000,0,0,0,0
2025-12-16,6578,13000000,25000000,0,0,0,0
2025-12-16,6584,702000000,411000000,0,0,13465000,46516000
2025-12-16,6588,1192000000,1059000000,0,0,0,7343000
2025-12-16,6593,3000000,0,0,0,0,1000
2025-12-16,6596,28000000,138000000,0,0,20000000,13313000
2025-12-16,6603,1241000000,1674000000,0,0,1000000,571000
2025-12-16,6609,98000000,17000000,0,0,0,8000000
2025-12-16,6612,2000000,3000000,0,0,0,0
2025-12-16,6613,43000000,36000000,0,2196000,2569000,1172000
2025-12-16,6615,0,1000000,0,0,0,0
2025-12-16,6616,0,1000000,0,0,0,0
2025-12-16,6617,30000000,88000000,0,0,0,50000
2025-12-16,6624,1000000,0,0,0,23000000,9000000
2025-12-16,6629,6000000,0,0,0,0,31000
2025-12-16,6637,1000000,0,0,0,0,0
2025-12-16,6640,67000000,22000000,0,0,2828000,8897000
2025-12-16,6642,27000000,24000000,0,0,0,0
2025-12-16,6643,75150000,242000000,0,0,17105000,23828000
2025-12-16,6649,36000000,6000000,0,0,2000,19000
2025-12-16,6651,20015000,5000000,0,0,13000,0
2025-12-16,6654,0,1000000,0,0,0,0
2025-12-16,6664,273000000,418500000,0,0,92956000,14235000
2025-12-16,6667,538000000,317000000,0,0,20372000,53295000
2025-12-16,6679,45000000,64000000,0,0,3227000,7818000
2025-12-16,6680,2000000,3000000,0,0,0,312000
2025-12-16,6683,135000000,265000000,2000000,0,17589000,27672000
2025-12-16,6684,18000000,53000000,0,0,0,0
2025-12-16,6690,9000000,2006000,0,0,0,0
2025-12-16,6692,2000000,0,0,0,5004000,5000000
2025-12-16,6693,16000000,38000000,0,0,0,0
2025-12-16,6697,1000000,3000000,0,0,0,0
2025-12-16,6703,2001000,0,0,0,0,45000
2025-12-16,6708,3000000,0,0,0,0,0
2025-12-16,6712,30000000,24005000,0,0,0,4273000
2025-12-16,6716,9000000,3000000,0,0,0,0
2025-12-16,6720,3000000,1000000,0,0,0,0
2025-12-16,6727,298000000,120000000,0,0,12000000,30000000
2025-12-16,6728,1000000,4000000,0,0,0,0
2025-12-16,6732,34000000,15000000,0,0,724000,2555000
2025-12-16,6733,20000000,62000000,0,0,0,0
2025-12-16,6735,14000000,29001000,0,0,9895000,10431000
2025-12-16,6739,83000000,142000000,0,0,5879000,10639000
2025-12-16,6741,35010000,102000000,0,0,3000000,3000000
2025-12-16,6751,8000000,2000000,0,0,0,0
2025-12-16,6752,8000000,24000000,0,0,1029000,985000
2025-12-16,6761,24000000,55000000,0,0,5000,1721000
2025-12-16,6762,0,1000000,0,0,0,0
2025-12-16,6763,39000000,150000000,0,0,0,40738000
2025-12-16,6767,0,1000000,0,0,0,0
2025-12-16,6785,24000000,17000000,0,0,1354000,1094000
2025-12-16,6788,2624121000,746000000,105000000,0,206443000,123555000
2025-12-16,6791,0,3000000,0,0,0,5000
2025-12-16,6803,7000000,13000000,0,0,0,0
2025-12-16,6804,0,0,0,0,0,1000000
2025-12-16,6811,14000000,53000000,0,0,7000000,2870000
2025-12-16,6821,0,9000000,0,0,0,0
2025-12-16,6823,57000000,225000000,0,0,0,404000
2025-12-16,6829,10000000,37000000,0,0,1000000,8132000
2025-12-16,6840,5000000,2000000,0,0,0,0
2025-12-16,6841,110000000,111000000,0,0,2104000,1000000
2025-12-16,6843,0,1000000,0,0,0,0
2025-12-16,6859,49000000,17001000,0,0,423000,0
2025-12-16,6865,0,0,0,0,0,2000000
2025-12-16,6870,25000000,5000000,0,0,0,3000000
2025-12-16,6875,13000000,27000000,0,0,0,0
2025-12-16,6877,25000000,88004000,0,0,1054000,2000000
2025-12-16,6894,0,2000000,0,0,2000000,2000000
2025-12-16,6895,24000000,23000000,0,0,1000000,1576000
2025-12-16,6903,705000000,951000000,0,0,19253000,2997000
2025-12-16,6910,12000000,0,0,0,0,0
2025-12-16,6913,63000000,33000000,0,0,1000,20952000
2025-12-16,6922,14000000,95000000,0,0,154000,6211000
2025-12-16,6925,21000000,32000000,0,0,0,51000
2025-12-16,6953,1000000,0,0,0,0,0
2025-12-16,6967,85000000,125000000,0,0,0,86000
2025-12-16,6968,6000000,2000000,0,0,0,0
2025-12-16,6971,0,2000000,0,0,0,1000000
2025-12-16,6982,1000000,17000000,0,0,19000,0
2025-12-16,6996,4000000,24000000,0,0,0,0
2025-12-16,7402,5000000,2000000,0,0,0,34000000
2025-12-16,7547,0,1000000,0,0,0,0
2025-12-16,7556,2774000,7000000,0,0,0,1000000
2025-12-16,7584,0,1000000,0,0,0,0
2025-12-16,7642,4000000,12000000,0,0,1000000,478000
2025-12-16,7703,54000000,40000000,0,0,0,5623000
2025-12-16,7704,3000000,1000000,0,0,0,0
2025-12-16,7712,54000000,93000000,0,0,0,8000000
2025-12-16,7713,0,1000000,0,0,0,0
2025-12-16,7714,10000000,148000000,0,0,0,0
2025-12-16,7715,7000000,4000000,0,0,0,0
2025-12-16,7717,79021000,56000000,0,0,6215000,27911000
2025-12-16,7723,21000000,18000000,0,0,0,0
2025-12-16,7728,2000000,1000000,0,0,32000000,5000000
2025-12-16,7734,4000000,5003000,0,0,927000,295000
2025-12-16,7738,0,12000000,0,0,0,0
2025-12-16,7744,5000000,13000000,0,0,0,0
2025-12-16,7751,5000000,2000000,0,0,16000000,0
2025-12-16,7753,0,0,0,0,0,1000000
2025-12-16,7757,5000000,2000000,0,0,0,0
2025-12-16,7767,8000000,1000000,0,0,0,0
2025-12-16,7770,0,1000000,0,0,0,0
2025-12-16,7782,4000000,0,0,0,0,0
2025-12-16,8024,1000000,0,0,0,0,0
2025-12-16,8027,1792000000,1785000000,0,0,83009000,82367000
2025-12-16,8032,12000000,30000000,0,0,1000000,83000
2025-12-16,8034,305000000,439000000,0,0,0,0
2025-12-16,8038,35000000,87000000,0,0,0,98000
2025-12-16,8040,59000000,46000000,0,0,4000000,3530000
2025-12-16,8042,1102000000,1116000000,0,0,5831000,59973000
2025-12-16,8043,3786000000,4235887000,0,0,22117000,60623000
2025-12-16,8044,64000000,100000000,0,0,5000000,5000000
2025-12-16,8047,34000000,13000000,0,0,0,10085000
2025-12-16,8048,208000000,78140000,0,0,1000000,1215000
2025-12-16,8049,0,8000000,0,0,1000000,1040000
2025-12-16,8050,33000000,131000000,0,3304000,21000000,4125000
2025-12-16,8054,679000000,895000000,0,0,35543000,133240000
2025-12-16,8059,60000000,37000000,0,0,0,123000
2025-12-16,8064,327000000,370000000,0,0,20661000,55438000
2025-12-16,8066,0,9000000,0,0,0,0
2025-12-16,8067,0,0,0,0,8000,0
2025-12-16,8068,74000000,37000000,0,0,1000000,384000
2025-12-16,8069,1475865000,2913000000,4342000,3000000,292747000,159217000
2025-12-16,8071,92000000,37000000,0,0,0,0
2025-12-16,8074,4486000000,4072000000,0,0,23182000,9412000
2025-12-16,8076,68000000,76000000,0,0,0,11000
2025-12-16,8080,0,0,0,0,1000,0
2025-12-16,8083,0,1000000,0,0,0,0
2025-12-16,8084,40000000,183000000,0,0,1000000,125010000
2025-12-16,8085,53000000,370000000,0,0,2000000,1545000
2025-12-16,8086,1334015000,1210000000,0,0,64024000,248948000
2025-12-16,8087,2000000,2000000,0,0,0,0
2025-12-16,8088,424000000,740000000,0,0,7000000,7576000
2025-12-16,8089,280250000,470000000,0,0,5812000,10001000
2025-12-16,8091,29000000,37004000,0,1915000,40000,1004000
2025-12-16,8092,0,2000000,0,0,0,0
2025-12-16,8096,927999000,519000000,0,0,22793000,598460000
2025-12-16,8097,103000000,39000000,0,0,2000000,32541000
2025-12-16,8099,31000000,8000000,0,0,2000,0
2025-12-16,8107,1000000,1000000,0,0,0,213000
2025-12-16,8109,32000000,37000000,0,0,3000,1020000
2025-12-16,8111,112000000,60000000,0,0,44000000,10000000
2025-12-16,8121,36000000,95000000,0,0,101000,1337000
2025-12-16,8147,31000000,39000000,0,0,6630000,3134000
2025-12-16,8155,454078000,254000000,10000000,0,16000000,83158000
2025-12-16,8171,28000000,41000000,0,0,0,0
2025-12-16,8176,4000000,56000000,0,0,62000,2000
2025-12-16,8182,0,6000000,0,0,0,0
2025-12-16,8183,38000000,155000000,0,0,1000000,217000
2025-12-16,8227,83000000,128000000,0,0,3001000,7661000
2025-12-16,8234,179000000,203000000,0,0,2000000,11000000
2025-12-16,8240,20000000,40000000,0,0,0,173000
2025-12-16,8255,33000000,121020000,0,0,3410000,3348000
2025-12-16,8277,37000000,70000000,0,0,0,609000
2025-12-16,8279,0,6000000,0,0,0,0
2025-12-16,8284,4000000,2000000,0,0,0,0
2025-12-16,8289,17000000,43000000,0,0,0,0
2025-12-16,8299,2995026000,3091527000,71000000,2002000000,289575000,466198000
2025-12-16,8349,24001000,3000000,0,0,0,0
2025-12-16,8358,3894501000,7457091000,48000000,180000000,375612000,1736189000
2025-12-16,8383,43000000,137000000,0,0,0,0
2025-12-16,8390,459000000,808000000,0,0,14909000,23389000
2025-12-16,8401,0,4000000,0,0,0,0
2025-12-16,8403,3000,12000000,0,0,0,0
2025-12-16,8409,0,0,0,0,0,2000
2025-12-16,8410,1000000,3000000,0,0,0,0
2025-12-16,8415,60000000,222000000,0,0,0,5000000
2025-12-16,8421,0,1000000,0,0,0,0
2025-12-16,8423,0,1000000,0,0,0,0
2025-12-16,8424,0,1000000,0,0,0,0
2025-12-16,8426,0,2000000,0,0,0,0
2025-12-16,8431,1536000000,1363000000,0,0,7000000,13617000
2025-12-16,8432,2000000,1000000,0,0,0,0
2025-12-16,8433,0,2000000,0,0,0,0
2025-12-16,8435,3000000,0,0,0,21000,0
2025-12-16,8436,140000000,129000000,0,2284000,0,533000
2025-12-16,8437,3000000,1000000,0,0,0,0
2025-12-16,8440,1000000,36000000,0,0,0,0
2025-12-16,8444,46000000,58000000,0,0,0,0
2025-12-16,8446,20000000,2000000,0,0,1000000,93000
2025-12-16,8450,0,1000000,0,0,0,0
2025-12-16,8472,4000000,1000000,0,0,0,0
2025-12-16,8489,0,5000000,0,0,0,0
2025-12-16,8905,0,8000000,0,0,0,0
2025-12-16,8906,0,3000000,0,0,4000,0
2025-12-16,8908,3000000,1000000,0,0,0,0
2025-12-16,8916,17000000,4000000,0,0,0,11000000
2025-12-16,8917,0,2000000,0,0,0,0
2025-12-16,8924,5000000,21000000,0,0,1000000,1000000
2025-12-16,8927,42734000,86000000,0,0,2000000,1000000
2025-12-16,8929,0,1000000,0,0,0,0
2025-12-16,8930,3000000,12000000,0,0,0,0
2025-12-16,8931,5000000,1000000,0,0,0,0
2025-12-16,8932,325001000,208000000,0,0,14597000,49155000
2025-12-16,8933,6000000,48000000,0,0,0,648000
2025-12-16,8935,329000000,226000000,0,0,5000000,5963000
2025-12-16,8936,287000000,863000000,0,0,33000000,5779000
2025-12-16,8937,9000000,58000000,0,0,30000000,19000000
2025-12-16,8938,17000000,39000000,0,0,0,0
2025-12-16,8942,37000000,29000000,0,0,0,0
2025-12-16,009806,0,0,0,0,25000000,11106000
2025-12-16,009807,0,0,0,0,35000000,56276000
2025-12-16,9949,10000000,14000000,0,0,0,0
2025-12-16,9951,0,62000000,0,0,0,0
2025-12-16,9962,0,1000000,0,0,0,0
2025-12-16,020025,0,0,0,0,50000000,100000000
2025-12-16,020027,0,0,0,0,1000000,3000000
2025-12-16,020033,0,0,0,0,17000000,28000000
2025-12-16,020035,0,0,0,0,10000000,0
2025-12-16,020040,0,0,0,0,0,50000000
2025-12-16,2887,85616634000,139036408000,147867000000,11836000000,3182601000,7269570000
2025-12-16,00632R,394000000,40011000000,0,0,78434628000,4688510000
2025-12-16,2303,67373157000,23447258000,3782531000,27329113000,3833537000,1383793000
2025-12-16,00712,18570000000,408000000,0,0,4248999000,2070979000
2025-12-16,2867,17863002000,4219450000,0,0,712000000,32000000
2025-12-16,2883,27054905000,16680123000,1792000000,852000000,2949565000,1364786000
2025-12-16,00680L,0,45000000,0,0,12525000000,12389000
2025-12-16,00953B,5260000000,275000000,0,0,8537187000,1680000000
2025-12-16,00664R,0,0,0,0,12357400000,961000000
2025-12-16,2892,41494515000,13169913000,0,18517000000,760484000,660000000
2025-12-16,2884,32247711000,35137027000,11995000000,98000000,630372000,987497000
2025-12-16,2880,13510610000,14424669000,5855000000,373000000,2536625000,396000000
2025-12-16,5521,23121000000,16373000000,0,0,93564000,419404000
2025-12-16,8422,9022120000,15212200000,11236000000,9000000,1204400000,498195000
2025-12-16,00673R,0,0,0,0,5311793000,21000000
2025-12-16,00713,132198000,147000000,0,0,5244238000,535582000
2025-12-16,3711,16829976000,12183667000,249342000,767000000,719934000,481372000
2025-12-16,00671R,0,0,0,0,9720000000,5516247000
2025-12-16,3037,11237852000,6340293000,154000000,775421000,242793000,752486000
2025-12-16,2890,15296832000,12071329000,1687000000,2433000000,1979393000,764659000
2025-12-16,2312,7068740000,6607000000,1143000000,0,2562751000,716542000
2025-12-16,00688L,142000000,0,0,0,3612490000,316196000
2025-12-16,8110,1053100000,761425000,0,0,3200000000,70000000
2025-12-16,5871,6210355000,4237064000,1104000000,113929000,171103000,75676000
2025-12-16,2349,8987433000,5906000000,0,0,18035000,60830000
2025-12-16,8039,8501400000,5035780000,0,0,195522000,673416000
2025-12-16,9105,4107000000,1112000000,0,0,0,47000000
2025-12-16,00945B,1210000000,0,0,0,3536412000,1801206000
2025-12-16,1504,10488245000,5826450000,0,1801228000,474187000,405432000
2025-12-16,5880,10338356000,7732902000,0,6000000,762196000,469000000
2025-12-16,00985B,2559000000,1000000,0,0,2700627000,2467000000
2025-12-16,2323,7862000000,5083000000,0,0,138000000,234000000
2025-12-16,00861,381304000,3000000,0,0,2479000000,181666000
2025-12-16,2485,25182680000,22807000000,0,0,776858000,498940000
2025-12-16,9904,6454844000,4682000000,431000000,12816000,603405000,379000000
2025-12-16,2377,4780734000,4115043000,1237534000,11000000,464605000,168170000
2025-12-16,00686R,0,10000000,0,0,2464000000,535000000
2025-12-16,1303,18081885000,13919272000,43000000,347465000,738246000,2703667000
2025-12-16,2324,14732910000,6864000000,215000000,7085039000,1138324000,296491000
2025-12-16,8150,5868100000,3170250000,0,6778000,75295000,1034907000
2025-12-16,00960,70000000,19000000,0,0,1891000000,270000000
2025-12-16,2402,4231943000,2456000000,0,0,211151000,400084000
2025-12-16,2609,6902133000,5305160000,8300000,200000000,333000000,179192000
2025-12-16,5522,3410000000,2118500000,163000000,0,137482000,38300000
2025-12-16,00941,168000000,17000000,0,0,1503263000,183008000
2025-12-16,2504,4475000000,2194000000,0,969131000,134982000,55283000
2025-12-16,00939,3000000,657100000,0,0,3645998000,1629966000
2025-12-16,00648R,0,15000000,0,0,1447000000,93000000
2025-12-16,00965,114000000,260000000,0,150000000,2531892000,903993000
2025-12-16,00676R,0,0,0,0,2017950000,691520000
2025-12-16,2603,4138694000,3114135000,3600000,107256000,539402000,220273000
2025-12-16,00915,21200000,292000000,0,0,2621453000,1212392000
2025-12-16,2889,2370000000,1243373000,0,9000000,139000000,156000000
2025-12-16,2388,2765448000,1746030000,0,0,187522000,126839000
2025-12-16,00961,21000000,318000000,0,0,1478694000,106598000
2025-12-16,2812,4655060000,3784316000,0,0,317000000,261000000
2025-12-16,00738U,133000000,132000000,0,0,3755358000,2872178000
2025-12-16,5876,5997890000,5949407000,0,18000000,1006000000,191000000
2025-12-16,8131,2166762000,1352000000,0,0,24000000,24568000
2025-12-16,3665,2191230000,1273471000,180000000,267000000,60915000,155922000
2025-12-16,00924,458320000,4000000,0,0,2383999000,2134665000
2025-12-16,2542,3796008000,1511492000,0,1624000000,101000000,101572000
2025-12-16,00651R,26000000,0,0,0,949159000,316799000
2025-12-16,2851,961000000,232000000,0,0,46000000,126000000
2025-12-16,6706,3033000000,2118765000,0,0,56646000,330927000
2025-12-16,3060,5946000000,5329000000,0,0,6000000,9777000
2025-12-16,2845,2134945000,1511240000,0,12000000,201000000,201000000
2025-12-16,1216,6961200000,11947094000,4805000000,37760000,993989000,201461000
2025-12-16,00638R,0,0,0,0,929000000,379000000
2025-12-16,00910,4530000,460072000,0,0,1177566000,191874000
2025-12-16,6919,2045973000,1567272000,0,0,81511000,49000000
2025-12-16,3010,884200000,834000000,439000000,8454000,28012000,17000000
2025-12-16,1711,799000000,317000000,0,0,11001000,6293000
2025-12-16,6139,3788100000,3151185000,102380000,21000000,163214000,399614000
2025-12-16,00982D,3635000000,55000000,0,0,1984090000,5107000000
2025-12-16,3033,586000000,124000000,0,8081000,31506000,33905000
2025-12-16,8112,3761100000,2968250000,0,14013000,230649000,558179000
2025-12-16,4977,2448954000,1286200000,0,480000000,10000000,252017000
2025-12-16,00983D,23000000,13000000,0,0,1397002000,984373000
2025-12-16,2486,2310000000,1613013000,0,0,80996000,356002000
2025-12-16,4764,1181000000,775000000,0,0,20000000,14147000
2025-12-16,1587,903952000,501788000,0,0,1000000,1000000
2025-12-16,00641R,0,0,0,0,990699000,590000000
2025-12-16,3376,1447787000,872894000,0,0,63763000,252847000
2025-12-16,00634R,0,21000000,0,0,409000000,14000000
2025-12-16,00963,174000000,0,0,0,255796000,57225000
2025-12-16,2368,3136887000,2660298000,342930000,0,251483000,706665000
2025-12-16,2495,1637000000,1264000000,0,0,9000000,19212000
2025-12-16,6541,544000000,220762000,0,0,52000000,13000000
2025-12-16,6550,561000000,199459000,0,0,25872000,28000000
2025-12-16,9907,1736000000,2981000000,1595000000,7780000,62000000,51028000
2025-12-16,7769,709038000,418866000,83639000,0,19000000,41000000
2025-12-16,6830,598059000,315641000,0,0,73338000,6712000
2025-12-16,00666R,9000000,0,0,0,326008000,5000000
2025-12-16,3450,3050055000,2555329000,0,0,108514000,279292000
2025-12-16,2836,608000000,297362000,0,0,83000000,86001000
2025-12-16,2881,22536459000,8598600000,380000000,14647081000,1526382000,890637000
2025-12-16,00643,62000000,205000000,0,0,2957345000,2514824000
2025-12-16,3025,604000000,310000000,0,0,3487000,0
2025-12-16,1560,2385000000,1893000000,43000000,3000000,88457000,324431000
2025-12-16,00693U,45000000,27000000,0,0,512000000,236908000
2025-12-16,6890,673000000,273787000,0,84000000,22000000,46433000
2025-12-16,00897,390000000,1000000,0,0,143000000,244790000
2025-12-16,2374,1130069000,729955000,0,0,32000000,145758000
2025-12-16,1611,672000000,385000000,0,0,7033000,16092000
2025-12-16,2478,524273000,226000000,0,0,4000000,24734000
2025-12-16,00936,0,27000000,0,0,2304052000,1999526000
2025-12-16,6426,2214000000,1930000000,0,0,1000000,11697000
2025-12-16,2493,533490000,226756000,0,0,13348000,47667000
2025-12-16,6415,2066104000,2032023000,198000000,0,94461000,57371000
2025-12-16,00653L,0,5000000,0,0,265730000,1060000
2025-12-16,00717,11000000,2000000,0,0,249000000,0
2025-12-16,3708,357876000,120000000,0,3000000,22700000,5043000
2025-12-16,2399,602000000,358000000,0,0,6000000,619000
2025-12-16,2103,930000000,793000000,0,0,128000000,23013000
2025-12-16,5515,459000000,235600000,0,0,29000000,18264000
2025-12-16,00895,11300000,9000000,0,0,666000000,439673000
2025-12-16,6944,720000000,588000000,115000000,0,76285000,100383000
2025-12-16,1215,636080000,2469000000,2125000000,101000000,34233000,22335000
2025-12-16,00865B,5000000,173000000,0,0,752436000,384065000
2025-12-16,2520,7272600000,1819702000,0,5420000000,226914000,62001000
2025-12-16,6196,2150000000,943950000,50000000,1026000000,51179000,84799000
2025-12-16,00708L,92012000,55000000,0,0,1400825000,1244190000
2025-12-16,1712,246000000,123000000,0,0,77276000,13000000
2025-12-16,6166,364390000,191000000,0,0,21199000,8593000
2025-12-16,6831,191000000,123000000,141000000,0,0,30000000
2025-12-16,3048,632000000,452000000,0,0,14000000,16607000
2025-12-16,2404,1581060000,1668150000,561640000,300378000,224619000,224785000
2025-12-16,8103,1005200000,874803000,0,0,50000000,11623000
2025-12-16,1702,203429000,68000000,0,3576000,44000000,9000000
2025-12-16,2301,6393007000,8199623000,1696130000,17000000,530898000,240027000
2025-12-16,8011,365000000,228000000,0,0,24000000,3000000
2025-12-16,3031,229000000,72000000,0,0,5000000,5000000
2025-12-16,4564,251003000,95660000,0,0,4000000,7000000
2025-12-16,3047,501000000,376000000,0,0,28003000,5000000
2025-12-16,5534,250000000,95200000,0,0,12000000,19297000
2025-12-16,6451,455000000,220100000,0,0,3000000,92193000
2025-12-16,2727,287880000,145718000,0,4171000,11305000,4400000
2025-12-16,00986A,0,333000000,0,0,669000000,191369000
2025-12-16,4960,283000000,157000000,0,0,17000000,0
2025-12-16,3673,758000000,395300000,0,0,49160000,271999000
2025-12-16,1808,1023009000,877660000,0,0,32000000,39000000
2025-12-16,00669R,0,0,0,0,678312000,543000000
2025-12-16,2413,7354000000,7220000000,0,0,1000000,120000
2025-12-16,00731,2000000,0,0,0,930975000,805137000
2025-12-16,2427,229000000,115409000,0,0,5000000,0
2025-12-16,02001R,0,0,0,0,114000000,0
2025-12-16,2637,3583000000,3471000000,5600000,8242000,234034000,232289000
2025-12-16,2428,246297000,134000000,17000000,0,11217000,31945000
2025-12-16,6994,175000000,87000000,0,0,20205000,1000
2025-12-16,2464,275011000,158067000,0,0,6000000,15573000
2025-12-16,6446,820428000,721298000,19000000,0,20003000,30789000
2025-12-16,2832,178000000,112500000,0,0,44000000,4000000
2025-12-16,3607,341200000,227000000,0,0,0,9000000
2025-12-16,2468,246000000,143000000,0,0,4000000,3479000
2025-12-16,3550,114000000,15731000,0,0,2000000,3698000
2025-12-16,00701,25000000,31000000,0,0,934501000,832058000
2025-12-16,3622,224000000,129000000,0,0,6000000,10000000
2025-12-16,3135,839000000,748000000,0,0,1000000,1000000
2025-12-16,1409,1189000000,1102000000,0,0,55116000,54253000
2025-12-16,2022,133000000,49000000,0,0,3000000,0
2025-12-16,2497,135000000,49000000,0,0,0,0
2025-12-16,9941,844005000,1010550000,211000000,0,58000000,19000000
2025-12-16,6189,246231000,170995000,0,3270000,15000000,4000000
2025-12-16,3583,220418000,136000000,0,0,4327000,7097000
2025-12-16,2540,378406000,277733000,0,0,36000000,56000000
2025-12-16,00639,4000000,23000000,0,0,287643000,188163000
2025-12-16,6168,156000000,79000000,0,0,3000000,4000000
2025-12-16,3338,154000000,81000000,0,0,4000000,2077000
2025-12-16,3653,584497000,729017000,72392000,27000000,220754000,50232000
2025-12-16,4557,92000000,24143000,0,0,2000000,1000000
2025-12-16,00714,78000000,0,0,0,30862000,40730000
2025-12-16,2548,203001000,132120000,0,0,15000000,21011000
2025-12-16,1806,394000000,255000000,0,56220000,7000000,25000000
2025-12-16,2465,212000000,146268000,0,0,0,1376000
2025-12-16,2104,762000000,713000000,0,0,48000000,32831000
2025-12-16,6152,563000000,505000000,0,0,9204000,6000000
2025-12-16,1104,396000000,376901000,0,0,58000000,16000000
2025-12-16,3321,108000000,48859000,0,0,1000000,0
2025-12-16,6657,123000000,64133000,0,0,1000000,0
2025-12-16,1449,189000000,133648000,0,0,4000000,1000000
2025-12-16,4961,283000000,238000000,14000000,932000,6589000,7164000
2025-12-16,6805,497355000,438361000,45000000,8000000,38207000,76843000
2025-12-16,9902,199000000,144000000,0,0,5000000,3000000
2025-12-16,2015,284000000,310000000,79000000,0,20000000,16243000
2025-12-16,2444,69000000,12000000,0,0,1002000,2000000
2025-12-16,009810,0,8000000,0,0,138000000,74874000
2025-12-16,9908,128000000,72000000,0,0,19000000,23000000
2025-12-16,1340,86000000,37000000,0,0,2000000,0
2025-12-16,1316,420000000,377040000,0,0,7000000,0
2025-12-16,3055,347000000,299000000,0,0,1318000,892000
2025-12-16,8454,427802000,374377000,0,0,10000000,15289000
2025-12-16,00636,12000000,23000000,0,0,617000000,558961000
2025-12-16,2905,381000000,341000000,0,0,34000000,28000000
2025-12-16,8028,1131100000,1002220000,0,20000000,47690000,111064000
2025-12-16,0055,2000000,2000000,0,0,94000000,50514000
2025-12-16,4532,452000000,422000000,0,5700000,33000000,14000000
2025-12-16,6277,65000000,21000000,0,0,3000000,4000000
2025-12-16,2467,1288807000,1175000000,22000000,0,26523000,120401000
2025-12-16,00901,0,14000000,0,0,590000000,534517000
2025-12-16,4949,98000000,58000000,0,0,2000000,1000000
2025-12-16,00899,0,0,0,0,45000000,4714000
2025-12-16,8467,55000000,20000000,0,0,5036000,0
2025-12-16,2431,96000000,58000000,0,0,2000000,2032000
2025-12-16,4566,209000000,169000000,0,0,3023000,5399000
2025-12-16,4919,842000000,807000000,0,0,42001000,39882000
2025-12-16,2488,61000000,22000000,0,0,1000000,3233000
2025-12-16,00640L,0,3000000,0,0,192066000,152475000
2025-12-16,910322,36000000,0,0,0,0,0
2025-12-16,4967,599253000,501000000,0,0,6000000,68940000
2025-12-16,6416,62000000,36000000,0,0,13000000,4000000
2025-12-16,6668,109000000,71000000,0,0,1000000,4000000
2025-12-16,8261,296000000,251000000,0,0,7300000,18520000
2025-12-16,6605,488000000,161000000,0,290000000,7584000,11008000
2025-12-16,912000,68000000,35000000,0,0,0,0
2025-12-16,2501,570000000,544000000,0,0,62000000,55000000
2025-12-16,00709,11000000,1002000,0,0,42000000,19003000
2025-12-16,3447,122000000,88000000,0,0,1000000,2545000
2025-12-16,1446,42000000,19000000,0,0,9000000,0
2025-12-16,9927,75856000,42151000,0,0,2000000,5562000
2025-12-16,6005,4156000000,5593000000,3087000000,1620451000,0,0
2025-12-16,3027,101001000,76000000,0,0,6000000,2000000
2025-12-16,2537,191000000,155000000,0,0,1000000,8000000
2025-12-16,3041,162001000,133800000,0,0,3000000,3098000
2025-12-16,6024,86000000,40907000,0,0,0,17000000
2025-12-16,6931,31000000,21000000,0,0,18000000,0
2025-12-16,4438,51854000,24584000,0,0,0,0
2025-12-16,00771,0,0,0,0,27006000,0
2025-12-16,2908,94000000,73000000,0,0,8000000,2000000
2025-12-16,2491,29000000,2000000,0,0,0,0
2025-12-16,1437,56000000,31000000,0,0,2000000,0
2025-12-16,2527,132000000,88000000,0,327000,9000000,27000000
2025-12-16,2365,308000000,280000000,0,0,3037000,5415000
2025-12-16,6799,93200000,68000000,0,0,1084000,1002000
2025-12-16,3705,137000000,114000000,0,0,4056000,2000000
2025-12-16,2482,144000000,117000000,0,0,6000000,9714000
2025-12-16,5706,43000000,26400000,0,0,8503000,2000000
2025-12-16,6695,86000000,65000000,0,0,2000000,0
2025-12-16,6472,282539000,257197000,0,1155000,36000000,37215000
2025-12-16,00678,1020000,1000000,0,0,256000000,233497000
2025-12-16,1558,39000000,21000000,0,194000,18443000,14000000
2025-12-16,4441,40000000,18000000,0,0,0,0
2025-12-16,00661,0,1000000,0,0,88000000,65142000
2025-12-16,1713,69000000,50000000,0,0,2274000,0
2025-12-16,2539,327000000,318913000,0,15058000,38000000,10000000
2025-12-16,1783,80000000,57000000,0,0,3000000,5000000
2025-12-16,4142,365250000,325000000,0,0,8000000,27254000
2025-12-16,6669,686195000,658790000,37594000,17000000,83031000,110128000
2025-12-16,3533,310643000,261000000,9000000,21000000,13210000,30318000
2025-12-16,4440,34000000,14000000,0,0,1000000,1000000
2025-12-16,1471,41000000,19000000,0,0,5000000,7000000
2025-12-16,00908,0,1000000,0,0,230000000,209182000
2025-12-16,2883B,76000000,0,0,0,3000000,60000000
2025-12-16,2454,4275634000,4167779000,192949000,186891000,290522000,386241000
2025-12-16,4306,185000000,191920000,0,0,25000000,0
2025-12-16,00733,8000000,96000000,0,0,324000000,218373000
2025-12-16,3229,106000000,88000000,0,0,461000,1066000
2025-12-16,00635U,49033000,8725000,0,0,1408120000,1431552000
2025-12-16,8033,263000000,169602000,0,0,7000000,84000000
2025-12-16,00668,0,2000000,0,0,239212000,221304000
2025-12-16,6719,81000000,66000000,0,0,4796000,4000000
2025-12-16,6184,42000000,28000000,0,0,1000000,0
2025-12-16,6192,34000000,18000000,0,0,2000000,3000000
2025-12-16,00916,0,4000000,0,0,62000000,43153000
2025-12-16,00917,1000000,20000000,0,0,516085000,483563000
2025-12-16,2359,260010000,227000000,0,0,9540000,29029000
2025-12-16,2739,30000000,17000000,0,0,0,0
2025-12-16,2753,87000000,57000000,0,0,1486000,18693000
2025-12-16,6670,383000000,132000000,0,249323000,16000000,5000000
2025-12-16,6614,14000000,2000000,0,0,0,0
2025-12-16,6885,91000000,77000000,0,0,0,2000000
2025-12-16,020038,0,0,0,0,12000000,0
2025-12-16,4545,64000000,53000000,0,0,1000000,0
2025-12-16,2369,3825000000,3934000000,0,0,190263000,69404000
2025-12-16,3530,107000000,121000000,0,0,28000000,2286000
2025-12-16,00702,0,0,0,0,129144000,118270000
2025-12-16,0061,5000000,0,0,0,38008000,32983000
2025-12-16,00684R,0,0,0,0,21000000,11000000
2025-12-16,1466,49000000,37000000,0,0,1000000,3000000
2025-12-16,1475,23000000,13000000,0,0,0,0
2025-12-16,2250,25000000,15293000,0,0,0,55000
2025-12-16,00710B,0,0,0,0,122477000,113150000
2025-12-16,00652,0,0,0,0,113000000,103797000
2025-12-16,1432,19000000,12000000,0,0,2000000,0
2025-12-16,6936,14000000,7000000,0,0,3000000,1000000
2025-12-16,1477,1570000000,585807000,0,1064220000,102223000,13768000
2025-12-16,2390,125000000,109700000,0,0,3000000,10000000
2025-12-16,2613,149000000,143000000,0,0,2000000,0
2025-12-16,5258,56001000,47850000,0,0,3001000,4016000
2025-12-16,00689R,1000000,0,0,0,6000000,0
2025-12-16,9919,60000000,48000000,0,0,4000000,9000000
2025-12-16,3057,44000000,40160000,0,0,3000000,0
2025-12-16,4551,110000000,62000000,0,45000000,6000000,2243000
2025-12-16,4569,18000000,14000000,0,0,2000000,0
2025-12-16,5007,26000000,31000000,0,0,11000000,0
2025-12-16,00656R,0,168000000,0,0,211000000,37000000
2025-12-16,01010T,6000000,0,0,0,0,0
2025-12-16,8201,14000000,10000000,0,0,2000000,0
2025-12-16,1517,44000000,34000000,0,0,4000000,8222000
2025-12-16,6226,149000000,146000000,0,0,3636000,1000000
2025-12-16,6742,87000000,82000000,0,0,0,0
2025-12-16,1233,0,11000000,0,0,16000000,0
2025-12-16,4737,43905000,39399000,0,0,0,0
2025-12-16,6136,15000000,11000000,0,0,4001000,4000000
2025-12-16,1540,82000000,79000000,0,0,1000000,0
2025-12-16,020028,0,0,0,0,10000000,6000000
2025-12-16,4562,107000000,101000000,0,0,1000000,3000000
2025-12-16,3679,24000000,19000000,0,0,1000000,2000000
2025-12-16,2881B,0,0,0,0,4000000,0
2025-12-16,00938,15000000,104000000,0,0,845180000,753033000
2025-12-16,020032,0,0,0,0,3000000,0
2025-12-16,020036,0,0,0,0,3000000,0
2025-12-16,9946,46000000,46000000,0,0,4000000,1000000
2025-12-16,00711B,8000000,0,0,0,101059000,106213000
2025-12-16,00775B,0,0,0,0,2062000,0
2025-12-16,00681R,0,0,0,0,3000000,1000000
2025-12-16,6835,15000000,13000000,0,0,0,0
2025-12-16,2887F,2000000,0,0,0,0,0
2025-12-16,2434,6000000,5000000,0,0,1000000,0
2025-12-16,020037,0,0,0,0,2000000,0
2025-12-16,2891C,0,0,0,0,3000000,1000000
2025-12-16,8072,53001000,52461000,0,0,1000000,0
2025-12-16,020029,0,0,0,0,2000000,1000000
2025-12-16,1470,0,0,0,0,1000000,0
2025-12-16,3094,38000000,34000000,0,0,1000000,4000000
2025-12-16,2891B,0,0,0,0,1000000,0
2025-12-16,2852,180000000,179000000,0,1139000,2000000,1000000
2025-12-16,006205,5000000,7000000,0,0,277000000,274278000
2025-12-16,006206,0,2000000,0,0,17083000,15065000
2025-12-16,6955,0,1300000,0,0,1309000,0
2025-12-16,00657K,0,0,0,0,200000,200000
2025-12-16,00660,0,0,0,0,1000000,1000000
2025-12-16,00668K,0,0,0,0,200000,200000
2025-12-16,020034,0,0,0,0,8000000,8000000
2025-12-16,2254,0,1000000,0,0,2000000,1000000
2025-12-16,2415,29000000,31000000,0,0,2000000,0
2025-12-16,3130,5000000,6000000,0,0,1000000,0
2025-12-16,7631,1000000,2000000,0,0,1000000,0
2025-12-16,1414,74000000,89000000,0,0,15000000,0
2025-12-16,6423,2000000,5060000,0,0,15000000,12000000
2025-12-16,00636K,0,0,0,0,200000,300000
2025-12-16,3557,24001000,24300000,0,0,0,0
2025-12-16,6133,4916000000,4898000000,0,0,2000000,20357000
2025-12-16,6933,41000000,41000000,0,0,2000000,2380000
2025-12-16,6928,34000000,36000000,0,0,1000000,0
2025-12-16,7730,0,1000000,0,0,1000000,1000000
2025-12-16,8487,1000000,2000000,0,0,1000000,1000000
2025-12-16,00682U,0,0,0,0,0,1000000
2025-12-16,1539,9000000,12000000,0,0,2000000,0
2025-12-16,9136,0,1000000,0,0,0,0
2025-12-16,1443,0,3000000,0,0,2000000,0
2025-12-16,6592B,0,0,0,1000000,0,0
2025-12-16,1235,4000000,10140000,0,0,5000000,0
2025-12-16,6796,7000000,9400000,0,0,1000000,0
2025-12-16,006204,0,0,0,0,48235000,49750000
2025-12-16,00783,0,0,0,0,76030000,77973000
2025-12-16,00736,0,0,0,0,102000000,104000000
2025-12-16,6655,0,4000000,0,0,2000000,0
2025-12-16,6671,0,3000000,0,0,1000000,0
2025-12-16,8482,2000000,4000000,0,0,1000000,1000000
2025-12-16,7732,1000000,3000000,0,0,0,0
2025-12-16,7786,58000000,60000000,0,0,0,0
2025-12-16,7721,16000000,18000000,0,0,0,0
2025-12-16,3040,35000000,40000000,0,0,3000000,0
2025-12-16,4581,5000000,6000000,0,0,5000000,6000000
2025-12-16,6952,2000000,6000000,0,0,2000000,0
2025-12-16,2438,2000000,6000000,0,0,2000000,0
2025-12-16,1315,0,3000000,0,0,1000000,0
2025-12-16,1341,1000000,3000000,0,0,0,0
2025-12-16,911868,0,2000000,0,0,0,0
2025-12-16,2314,0,2167000,0,0,0,0
2025-12-16,5906,0,2355000,0,0,0,0
2025-12-16,8499,197000000,201800000,0,0,27114000,24688000
2025-12-16,6534,86000000,94000000,0,0,15000000,9609000
2025-12-16,6201,0,4000000,0,0,1000000,0
2025-12-16,6924,0,1000000,0,0,9000000,11000000
2025-12-16,6916,15000000,18000000,0,0,0,0
2025-12-16,1537,20000000,21000000,0,0,2000000,4000000
2025-12-16,006203,0,0,0,0,0,3000000
2025-12-16,020020,0,0,0,0,6000000,9000000
2025-12-16,1730,0,3000000,0,0,0,0
2025-12-16,2901,3000000,7000000,0,0,1000000,0
2025-12-16,6807,0,3000000,0,0,0,0
2025-12-16,9943,15000000,22000000,0,0,4000000,0
2025-12-16,2114,2000000,6000000,0,0,1120000,1000000
2025-12-16,5292,14000000,19940000,0,0,2000000,0
2025-12-16,7705,5001000,9000000,0,0,0,0
2025-12-16,9912,0,4000000,0,0,0,0
2025-12-16,1541,0,4000000,0,0,0,0
2025-12-16,6906,14000000,19000000,0,0,2000000,1000000
2025-12-16,2904,0,5000000,0,0,1000000,0
2025-12-16,2945,0,5000000,0,0,1000000,0
2025-12-16,3150,2000000,7000000,0,0,8000000,7000000
2025-12-16,3454,57000000,60000000,0,0,2000000,3000000
2025-12-16,2069,31000000,25000000,0,0,1000000,11000000
2025-12-16,2496,0,4000000,0,0,0,0
2025-12-16,9929,0,6000000,0,0,2000000,0
2025-12-16,1735,0,7000000,0,0,3000000,150000
2025-12-16,6645,1000000,6260000,0,0,5059000,4000000
2025-12-16,5269,166637000,175658000,40000000,1000000,24000000,58369000
2025-12-16,00921,100000,70000000,0,0,315000000,249511000
2025-12-16,3588,24981000,30354000,0,0,1000000,287000
2025-12-16,3432,0,5000000,0,0,0,0
2025-12-16,3669,4000000,10000000,0,0,1000000,0
2025-12-16,4807,1000000,6000000,0,0,0,0
2025-12-16,2762,2000000,8000000,0,0,2000000,1000000
2025-12-16,1324,3000000,9000000,0,0,1000000,0
2025-12-16,6281,17000000,16000000,0,0,0,6000000
2025-12-16,6918,3000000,9000000,0,0,1000000,0
2025-12-16,6969,0,3000000,0,0,2000000,4000000
2025-12-16,020030,0,0,0,0,5000000,10000000
2025-12-16,7788,43000000,48000000,0,0,1000000,1029000
2025-12-16,6230,16000000,22000000,0,0,5000000,4136000
2025-12-16,6582,2000000,7000000,0,0,0,229000
2025-12-16,7749,85000000,90000000,0,0,1001000,1241000
2025-12-16,3308,7000000,13498000,0,0,1000000,0
2025-12-16,1438,3000000,11806000,0,0,3000000,0
2025-12-16,1236,3000000,16000000,0,0,7000000,0
2025-12-16,6592A,0,0,0,6000000,0,0
2025-12-16,6792,0,7000000,0,0,2000000,1000000
2025-12-16,6887,1000000,6000000,0,0,0,1000000
2025-12-16,4133,5000000,12000000,0,0,1000000,0
2025-12-16,4439,2000000,8000000,0,0,0,0
2025-12-16,1817,4000000,11000000,0,0,11000000,10000000
2025-12-16,4588,3000000,9000000,0,0,0,0
2025-12-16,0053,0,1000000,0,0,0,5650000
2025-12-16,2911,0,6850000,0,0,0,0
2025-12-16,3168,0,7000000,0,0,0,0
2025-12-16,1418,1000000,8000000,0,0,0,0
2025-12-16,5546,2000000,9000000,0,0,0,0
2025-12-16,2248,1000000,8000000,0,0,1000000,1000000
2025-12-16,1338,8000000,16000000,0,0,1000000,0
2025-12-16,1441,0,8000000,0,0,1000000,0
2025-12-16,1530,9000000,15000000,0,0,1000000,2000000
2025-12-16,6902,10000000,15000000,0,0,0,2000000
2025-12-16,6666,1000000,9000000,0,0,1000000,0
2025-12-16,6431,54000000,61000000,0,0,0,0
2025-12-16,00851,0,0,0,0,0,7000000
2025-12-16,9942,12000000,19000000,0,0,0,0
2025-12-16,6771,1000000,9000000,0,0,1000000,0
2025-12-16,00903,1000000,22000000,0,0,31025000,17143000
2025-12-16,2538,90000000,100140000,0,0,3000000,0
2025-12-16,1516,3000000,10183000,0,0,0,0
2025-12-16,3034,1398125000,1522204000,258000000,300380000,258664000,99428000
2025-12-16,6698,38000000,47000000,0,0,4000000,2605000
2025-12-16,6164,91000000,98000000,0,0,6128000,7000000
2025-12-16,0057,0,0,0,0,43018000,51000000
2025-12-16,2906,18000000,24000000,0,0,3000000,5000000
2025-12-16,1423,1000000,11000000,0,0,2000000,0
2025-12-16,1474,7000000,16000000,0,0,1000000,0
2025-12-16,5538,0,9000000,0,0,1000000,0
2025-12-16,1805,4000000,13249000,0,0,1000000,0
2025-12-16,1776,0,11000000,0,0,2000000,0
2025-12-16,2939,0,10000000,0,0,1000000,0
2025-12-16,3419,11000000,23000000,0,0,3000000,0
2025-12-16,1535,4000000,14000000,0,0,1000000,0
2025-12-16,9926,5000000,14000000,0,0,0,0
2025-12-16,7711,13000000,22000000,0,0,0,0
2025-12-16,8367,0,11000000,0,0,2000000,0
2025-12-16,6606,1000000,11000000,0,0,1000000,0
2025-12-16,1339,5000000,18000000,0,0,9000000,5211000
2025-12-16,6592,130001000,147000000,0,0,29000000,21502000
2025-12-16,2115,3000000,11549000,0,0,1000000,2000000
2025-12-16,3528,53000000,63000000,0,0,0,0
2025-12-16,5484,24000000,34000000,0,0,0,0
2025-12-16,1323,0,10000000,0,0,0,0
2025-12-16,5215,0,9000000,0,0,0,1000000
2025-12-16,1521,3000000,14000000,0,0,1000000,0
2025-12-16,1435,1000000,13000000,0,0,2000000,0
2025-12-16,020039,0,0,0,0,7000000,17000000
2025-12-16,6581,3000000,17000000,0,0,4000000,0
2025-12-16,4148,1000000,11300000,0,0,0,0
2025-12-16,6861,35000000,42000000,0,0,8000000,11361000
2025-12-16,1472,0,10376000,0,0,0,0
2025-12-16,4583,43572000,50000000,0,0,3000000,6971000
2025-12-16,6789,228300000,321004000,119000000,2000000,42452000,77322000
2025-12-16,6641,0,11000000,0,0,0,0
2025-12-16,8443,0,11000000,0,0,0,0
2025-12-16,1525,9000000,19000000,0,0,14000000,15000000
2025-12-16,2024,0,11000000,0,0,0,0
2025-12-16,4994,1000000,10200000,0,0,1000000,3000000
2025-12-16,6782,32000000,38707000,0,0,1000000,5499000
2025-12-16,6715,13000000,24071000,0,0,1049000,1200000
2025-12-16,9910,565880000,571066000,0,6403000,36000000,36093000
2025-12-16,6112,117000000,128000000,0,0,3080000,4073000
2025-12-16,9944,0,12000000,0,0,0,0
2025-12-16,1445,3000000,17000000,0,0,2000000,0
2025-12-16,5244,50000000,65000000,0,0,3000000,0
2025-12-16,4155,4000000,18000000,0,0,2000000,0
2025-12-16,1903,43000000,61000000,0,0,6000000,0
2025-12-16,00703,0,0,0,0,4024000,16073000
2025-12-16,6754,1000000,13000000,0,70000,0,0
2025-12-16,006207,0,1000000,0,0,134277000,145584000
2025-12-16,00875,0,8000000,0,0,14000000,18757000
2025-12-16,8463,3000000,16000000,0,0,0,0
2025-12-16,6552,10000000,24000000,0,0,1000000,0
2025-12-16,1416,8000000,22000000,0,0,1000000,0
2025-12-16,1568,2000000,21000000,0,0,6000000,0
2025-12-16,1731,2000000,16000000,0,0,1000000,0
2025-12-16,2426,122000000,137000000,0,0,14000000,12000000
2025-12-16,2423,29000000,42000000,0,0,4000000,4000000
2025-12-16,6951,0,14000000,0,0,1000000,0
2025-12-16,2702,2000000,16000000,0,0,1000000,0
2025-12-16,3021,2000000,16000000,0,0,1000000,22000
2025-12-16,2642,7000000,18342000,0,0,0,2000000
2025-12-16,6854,59000000,58763000,0,0,3259000,17000000
2025-12-16,2025,7000000,23546000,0,0,3000000,0
2025-12-16,3062,789000000,792000000,0,0,5000000,15645000
2025-12-16,00949,107000000,2000000,0,0,351708000,470397000
2025-12-16,1506,3000000,21000000,0,0,4000000,0
2025-12-16,1465,0,16000000,0,0,2000000,0
2025-12-16,7736,2000000,17000000,0,0,1000000,0
2025-12-16,9931,0,14000000,0,0,0,0
2025-12-16,3652,0,15000000,0,0,1000000,0
2025-12-16,2616,1000000,15000000,0,0,0,0
2025-12-16,2712,0,14000000,0,0,1000000,1000000
2025-12-16,2461,5000000,20000000,0,0,2000000,1000000
2025-12-16,8466,1001000,15497000,0,0,0,0
2025-12-16,4104,11400000,28027000,0,0,4000000,2105000
2025-12-16,00913,0,3000000,0,0,277000000,288917000
2025-12-16,4952,14000000,30000000,0,0,5000000,4000000
2025-12-16,2239,17000000,31000000,0,0,2000000,3000000
2025-12-16,1512,1000000,18000000,0,0,3000000,1000000
2025-12-16,1452,0,15000000,0,0,0,0
2025-12-16,4572,3080000,10102000,0,8000000,0,0
2025-12-16,1707,29000000,42000000,0,0,5000000,7374000
2025-12-16,1906,5000000,22000000,0,0,7000000,5440000
2025-12-16,00920,0,110000000,0,0,100017000,5688000
2025-12-16,2432,0,14000000,0,0,8000000,10000000
2025-12-16,2483,5000000,17000000,0,0,1000000,5000000
2025-12-16,2424,0,16000000,0,0,0,0
2025-12-16,4560,31000000,48000000,0,0,1000000,0
2025-12-16,4935,7000000,20000000,0,0,2000000,5000000
2025-12-16,4771,16000000,32000000,0,0,0,0
2025-12-16,2910,6000000,23000000,0,0,1000000,0
2025-12-16,1410,5000000,22000000,0,0,1000000,0
2025-12-16,1220,5000000,22000000,0,0,1000000,0
2025-12-16,8429,38000000,50000000,0,0,1000000,5000000
2025-12-16,8162,6000000,25000000,0,0,3000000,0
2025-12-16,8481,0,16000000,0,0,0,0
2025-12-16,6914,7000000,25000000,0,0,2000000,0
2025-12-16,6658,16921000,32479000,0,0,1000000,1446000
2025-12-16,00739,0,0,0,0,2000000,18106000
2025-12-16,1598,35000000,51182000,0,0,2000000,2000000
2025-12-16,2207,294100000,471417000,152000000,2000000,26589000,16002000
2025-12-16,3043,23000000,40000000,0,0,0,0
2025-12-16,3716,3000000,21000000,0,0,1000000,0
2025-12-16,7740,7000000,24000000,0,0,2000000,2000000
2025-12-16,1413,0,18000000,0,0,1000000,0
2025-12-16,1256,4000000,21051000,0,0,0,19000
2025-12-16,2243,0,15000000,0,0,0,2309000
2025-12-16,6585,3000000,22000000,0,0,1500000,0
2025-12-16,2636,75000000,92000000,0,0,10000000,10780000
2025-12-16,2433,1000000,20000000,0,0,4000000,3000000
2025-12-16,9918,3000000,21000000,0,0,0,0
2025-12-16,1439,5000000,23000000,0,0,0,0
2025-12-16,4999,3000000,23000000,0,0,3000000,1501000
2025-12-16,8488,1000000,20666000,0,0,1000000,0
2025-12-16,9930,26000000,43000000,0,0,8000000,10000000
2025-12-16,6183,4000000,26000000,0,0,4000000,1000000
2025-12-16,1531,7000000,28000000,0,0,3000000,1000000
2025-12-16,3494,0,18000000,0,0,0,1000000
2025-12-16,1752,1000000,24000000,0,0,4000000,0
2025-12-16,8045,18000000,38340000,0,0,1277000,0
2025-12-16,00657,0,0,0,0,3000,19417000
2025-12-16,4552,14000000,36000000,0,0,2000000,0
2025-12-16,7791,1000000,21000000,0,0,0,0
2025-12-16,1533,17000000,42000000,0,0,5000000,0
2025-12-16,1463,11000000,32000000,0,0,1000000,0
2025-12-16,9906,21001000,43270000,0,0,6000000,4023000
2025-12-16,3591,95000000,116000000,0,0,5000000,4565000
2025-12-16,8411,2000000,25000000,0,0,5000000,3000000
2025-12-16,8438,1000000,22000000,0,0,0,0
2025-12-16,1526,0,23000000,0,0,2000000,0
2025-12-16,1454,7000000,29000000,0,0,2000000,1000000
2025-12-16,2397,104000000,125000000,0,0,2000000,2000000
2025-12-16,4930,1000000,23000000,0,0,1000000,0
2025-12-16,6988,0,16000000,0,0,19000000,24376000
2025-12-16,1342,11002000,34899000,0,0,1955000,0
2025-12-16,3092,63001000,85000000,0,0,0,0
2025-12-16,3054,8000000,30000000,0,0,0,0
2025-12-16,2107,41000000,65000000,0,0,2000000,0
2025-12-16,2509,13000000,29000000,0,0,1000000,7000000
2025-12-16,2611,37000000,71000000,0,0,12000000,0
2025-12-16,1337,10000000,34000000,0,0,2000000,0
2025-12-16,5907,5000000,28000000,0,0,1000000,0
2025-12-16,8374,67000000,89000000,0,0,5002000,5073000
2025-12-16,2020,77000000,98200000,0,0,7000000,8000000
2025-12-16,8210,245513000,385650000,149000000,22000000,25716000,35178000
2025-12-16,6862,11000000,31000000,0,0,0,2719000
2025-12-16,6965,6000000,34000000,0,0,5000000,0
2025-12-16,9937,20000000,41000000,0,0,21000000,23000000
2025-12-16,1456,1000000,21000000,0,0,0,3000000
2025-12-16,1468,4000000,29000000,0,0,5000000,3000000
2025-12-16,1219,10000000,34020000,0,0,11000000,10000000
2025-12-16,1417,5000000,38000000,0,0,10000000,1000000
2025-12-16,1583,10000000,34000000,0,0,1000000,1000000
2025-12-16,9103,1000000,25000000,0,0,0,0
2025-12-16,910861,0,24000000,0,0,0,0
2025-12-16,6674,10000000,34000000,0,0,0,0
2025-12-16,3164,1000000,26000000,0,0,1000000,0
2025-12-16,2923,18000000,75000000,0,0,34000000,1000000
2025-12-16,4576,77000000,103000000,0,0,7000000,5107000
2025-12-16,1231,83321000,109520000,0,0,10000000,8000000
2025-12-16,6197,163000000,181300000,0,0,11000000,17234000
2025-12-16,1457,7000000,33550000,0,0,2000000,0
2025-12-16,2607,726000000,461807000,0,292000000,16000000,13000000
2025-12-16,1453,3940000,28794000,0,0,1000000,1000000
2025-12-16,8442,4000000,30000000,0,0,1000000,0
2025-12-16,1725,7000000,34000000,0,0,2000000,0
2025-12-16,1726,2000000,31000000,0,0,4000000,0
2025-12-16,2722,2000000,25177000,0,0,3000000,5000000
2025-12-16,6438,140694000,183654000,0,0,22242000,4568000
2025-12-16,6598,3000000,29616000,0,0,1000000,0
2025-12-16,6214,413000000,431000000,0,6824000,16000000,16858000
2025-12-16,6790,11000000,40000000,0,0,8000000,5000000
2025-12-16,2008,10000000,39000000,0,0,3000000,0
2025-12-16,2032,32000000,59000000,0,0,1000000,0
2025-12-16,4190,1000000,28000000,0,0,1000000,0
2025-12-16,1762,5000000,31000000,0,0,2000000,2009000
2025-12-16,6128,9000000,33000000,0,0,2000000,4182000
2025-12-16,5607,91006000,126392000,0,0,9106000,0
2025-12-16,3501,10000000,34000000,0,0,2000000,4462000
2025-12-16,6239,8529047000,2349004000,37000000,6166553000,254411000,331861000
2025-12-16,1203,1000000,31000000,0,0,3000000,0
2025-12-16,2748,2000000,28000000,0,0,2000000,3000000
2025-12-16,3266,4000000,38000000,0,0,7000000,0
2025-12-16,6216,2000000,28000000,0,0,1000000,2108000
2025-12-16,6117,90000000,120000000,0,0,4000000,1629000
2025-12-16,6504,10000000,40000000,0,0,3000000,1000000
2025-12-16,1459,22000000,45000000,0,0,3000000,8000000
2025-12-16,1626,5000000,29000000,0,0,2000000,6000000
2025-12-16,6863,73000000,100000000,0,0,3081000,4502000
2025-12-16,1232,12000000,45000000,0,0,10000000,5422000
2025-12-16,8341,32000000,57000000,0,0,8000000,11540000
2025-12-16,2816,4000000,36000000,0,0,3286000,0
2025-12-16,00852L,0,0,0,0,322000000,350943000
2025-12-16,6957,12000000,41000000,0,0,0,0
2025-12-16,1419,138000000,154000000,0,0,12000000,25000000
2025-12-16,6115,15000000,45000000,0,0,6000000,5041000
2025-12-16,2302,68000000,101000000,0,0,4000000,50000
2025-12-16,6464,7000000,41090000,0,0,6000000,1000000
2025-12-16,5525,14000000,51517000,0,0,8000000,0
2025-12-16,2505,42000000,70000000,0,0,17000000,19000000
2025-12-16,2373,2000000,36000000,0,0,4000000,0
2025-12-16,6794,3000000,34000000,0,0,1000000,0
2025-12-16,6558,277096000,310000000,0,0,4000000,1957000
2025-12-16,1532,181000000,205000000,0,6541000,26000000,26404000
2025-12-16,1527,44000000,91000000,0,0,16000000,0
2025-12-16,2459,6000000,38000000,0,0,4000000,3000000
2025-12-16,2460,77000000,105000000,0,0,3000000,6000000
2025-12-16,2477,9000000,40000000,0,0,3000000,3000000
2025-12-16,3416,33563000,57000000,0,0,2000000,10098000
2025-12-16,3052,130000000,162660000,0,0,1000000,0
2025-12-16,4108,2000000,39000000,0,0,5000000,0
2025-12-16,1723,110000000,130000000,0,0,10000000,22000000
2025-12-16,1451,1000000,34000000,0,0,1000000,0
2025-12-16,8940,1000000,33000000,0,0,0,0
2025-12-16,9905,0,35000000,0,0,3000000,0
2025-12-16,4106,0,27000000,0,0,2000000,7198000
2025-12-16,4585,25000000,59051000,0,0,1324000,0
2025-12-16,2236,81000000,114794000,0,0,1000000,0
2025-12-16,009809,126000000,12000000,0,0,1434000000,1581000000
2025-12-16,3504,51000000,81000000,0,0,2000000,5247000
2025-12-16,2472,742000000,705000000,23000000,0,42000000,135424000
2025-12-16,5283,12400000,47000000,0,0,1000000,0
2025-12-16,3257,83000000,118000000,0,0,3000000,2000000
2025-12-16,2420,16000000,54000000,0,0,7000000,3000000
2025-12-16,2450,4000000,35000000,0,0,6000000,9000000
2025-12-16,6591,80000000,114189000,0,0,0,203000
2025-12-16,3346,34210000,67958000,0,0,0,1000000
2025-12-16,6405,6000000,47000000,0,0,6000000,50000
2025-12-16,6224,24000000,51051000,0,0,1000000,9000000
2025-12-16,00898,21000000,28000000,0,0,62247000,90367000
2025-12-16,1109,0,33000000,0,0,7000000,9509000
2025-12-16,5533,0,38000000,0,0,2000000,0
2025-12-16,2028,11000000,49000000,0,0,2000000,0
2025-12-16,7722,8000000,40964000,0,0,1000000,4194000
2025-12-16,2440,63000000,101000000,0,0,5802000,4000000
2025-12-16,2442,74005000,113245000,0,0,4000000,1000000
2025-12-16,2462,30000000,67000000,0,0,1000000,250000
2025-12-16,4526,534000000,570000000,0,0,5071000,5390000
2025-12-16,2617,235000000,274000000,0,0,13000000,10450000
2025-12-16,00737,2000000,494000000,0,0,464000000,8522000
2025-12-16,2033,0,37000000,0,0,0,0
2025-12-16,3051,63000000,104000000,0,0,4000000,0
2025-12-16,1590,506694000,540579000,1000000,0,17241000,21802000
2025-12-16,2524,19001000,65000000,0,0,13000000,5000000
2025-12-16,2414,6000000,44000000,0,0,0,0
2025-12-16,1733,86000000,125000000,0,0,4000000,3000000
2025-12-16,6142,84000000,117000000,0,0,0,5000000
2025-12-16,3296,9000000,48000000,0,0,1000000,230000
2025-12-16,2059,175471000,238737000,37259000,0,22930000,35277000
2025-12-16,2012,2000000,41650000,0,0,2000000,1000000
2025-12-16,3356,50000000,88910000,0,0,0,0
2025-12-16,2013,9000000,36000000,0,0,3000000,15020000
2025-12-16,6579,39001000,77542000,0,0,9000000,9571000
2025-12-16,6958,4000000,46120000,0,0,6000000,3000000
2025-12-16,00930,7000000,121000000,0,0,612000000,538243000
2025-12-16,1615,11000000,55389000,0,0,4000000,0
2025-12-16,00911,500000,1000000,0,0,102000000,141913000
2025-12-16,9940,110000000,180000000,0,0,51000000,22000000
2025-12-16,1614,1000000,47000000,0,0,5000000,0
2025-12-16,6743,38000000,80000000,0,0,1000000,0
2025-12-16,9935,35000000,83644000,0,0,7000000,0
2025-12-16,6838,51000000,94000000,0,0,1000000,0
2025-12-16,2471,4000000,48000000,0,0,2000000,0
2025-12-16,5306,12000000,58000000,0,0,4000000,0
2025-12-16,4755,28000000,71000000,0,0,4000000,4000000
2025-12-16,2227,5000000,52000000,0,0,4000000,0
2025-12-16,1234,15000000,66000000,0,0,9000000,1000000
2025-12-16,00944,0,5000000,0,0,628000000,666770000
2025-12-16,5519,69000000,111000000,0,0,7000000,9000000
2025-12-16,2305,175000000,244000000,0,0,24000000,0
2025-12-16,8476,81000000,126360000,0,0,9279000,9000000
2025-12-16,4739,300000000,335000000,0,5000000,3450000,8860000
2025-12-16,8222,95000000,139000000,0,0,0,2000000
2025-12-16,2466,485000000,536000000,0,0,4111000,0
2025-12-16,5285,21000000,66000000,0,0,1000000,3000000
2025-12-16,5288,3000000,51000000,0,0,1000000,1000000
2025-12-16,3717,74000000,117000000,0,0,0,5000000
2025-12-16,2701,0,50000000,0,0,2000000,0
2025-12-16,6909,9000000,56000000,0,0,0,1000000
2025-12-16,3046,91000000,138000000,0,0,2000000,3000000
2025-12-16,6776,14000000,62745000,0,0,0,0
2025-12-16,6689,52000000,92000000,0,9102000,3000000,2797000
2025-12-16,5531,91000000,162000000,0,0,23000000,1000000
2025-12-16,4137,29571000,78030000,0,0,4000000,5150000
2025-12-16,9934,48001000,94000000,0,0,2000000,6000000
2025-12-16,1325,103000000,154000000,0,0,1000000,0
2025-12-16,2453,76000000,132000000,0,0,8000000,2000000
2025-12-16,2430,8000000,56081000,0,0,2000000,4000000
2025-12-16,4770,148000000,202000000,0,0,7866000,4134000
2025-12-16,6573,48000000,99000000,0,0,6000000,6000000
2025-12-16,2546,21143000,76120000,0,0,3000000,0
2025-12-16,1760,7000000,61000000,0,0,2000000,0
2025-12-16,1709,33000000,87000000,0,0,3000000,1000000
2025-12-16,1473,20000000,74000000,0,0,2000000,0
2025-12-16,9925,38000000,92000000,0,0,14000000,12000000
2025-12-16,6756,15000000,72000000,0,0,5000000,478000
2025-12-16,6141,27000000,76000000,0,0,1000000,5000000
2025-12-16,1217,79000000,128000000,0,0,10000000,14000000
2025-12-16,2231,99500000,169600000,0,0,33758000,17019000
2025-12-16,1604,10000000,63000000,0,0,13000000,14000000
2025-12-16,02001L,0,0,0,0,5000000,59000000
2025-12-16,2705,8000000,68000000,0,0,6000000,0
2025-12-16,2007,10000000,66000000,0,0,7000000,5000000
2025-12-16,2480,72000000,123000000,0,1252000,16000000,19448000
2025-12-16,3311,44000000,97129000,0,0,5000000,7835000
2025-12-16,1737,24000000,87000000,0,0,7000000,0
2025-12-16,2706,3000000,63000000,0,0,4000000,0
2025-12-16,1108,3000000,60000000,0,0,2000000,1000000
2025-12-16,2514,10000000,62000000,0,0,8000000,12000000
2025-12-16,4414,187000000,229000000,0,0,14000000,28000000
2025-12-16,1810,120000000,169000000,0,0,7000000,14965000
2025-12-16,7610,44000000,100000000,0,0,2487000,4000000
2025-12-16,8478,45000000,100654000,0,0,2000000,4036000
2025-12-16,2850,132000000,222000000,30000000,0,16000000,14504000
2025-12-16,6515,317246000,409650000,37000000,0,10660000,14580000
2025-12-16,1436,62398000,139642000,0,0,18000000,234000
2025-12-16,6937,106000000,163000000,0,0,7003000,9542000
2025-12-16,3518,74000000,132963000,0,0,3000000,4000000
2025-12-16,00730,6000000,0,0,0,105700000,171981000
2025-12-16,5471,37000000,96000000,0,0,5000000,6503000
2025-12-16,8473,37000000,99960000,0,0,2000000,0
2025-12-16,4426,6000000,68000000,0,0,1000000,0
2025-12-16,2536,4000000,70000000,0,0,5000000,0
2025-12-16,1321,2000000,62000000,0,0,4000000,6000000
2025-12-16,3032,283000000,268000000,0,0,5000000,83658000
2025-12-16,6949,45000000,111000000,0,0,4000000,2268000
2025-12-16,1617,27000000,105000000,0,0,18000000,4763000
2025-12-16,6873,220068000,280310000,0,3607000,14126000,15117000
2025-12-16,2425,56000000,119000000,0,0,4000000,6000000
2025-12-16,2516,21000000,88000000,0,0,2000000,0
2025-12-16,4736,61000000,147000000,0,0,21000000,0
2025-12-16,8462,15000000,77000000,0,0,3000000,6220000
2025-12-16,4555,47000000,113000000,0,0,2000000,1728000
2025-12-16,1440,487000000,607000000,0,0,109000000,55054000
2025-12-16,3008,187033000,290140000,46405000,5331000,20526000,24710000
2025-12-16,1455,20000000,83000000,0,0,12000000,15840000
2025-12-16,2247,7000000,74000000,0,0,0,0
2025-12-16,2506,6000000,66001000,0,0,2000000,9000000
2025-12-16,3044,2240204000,1773360000,348000000,946000000,154585000,90708000
2025-12-16,6202,128000000,195000000,0,0,5200000,5889000
2025-12-16,3645,229295000,291000000,0,0,3000000,9209000
2025-12-16,3443,1967975000,1738678000,38328000,37000000,102279000,400878000
2025-12-16,1110,3000000,73000000,0,0,8000000,6000000
2025-12-16,3437,55000000,126000000,0,0,3000000,0
2025-12-16,7765,6000000,76000000,0,0,2000000,0
2025-12-16,1309,254000000,320000000,0,0,8000000,10006000
2025-12-16,3209,50000000,125000000,0,6724000,15000000,2217000
2025-12-16,2707,11000000,82000000,0,0,6000000,4000000
2025-12-16,00962,1000000,11000000,0,0,310000000,369871000
2025-12-16,4976,61000000,131000000,0,0,4000000,4000000
2025-12-16,6155,421000000,490000000,0,0,5000000,6001000
2025-12-16,3016,227000000,298000000,0,0,16426000,15584000
2025-12-16,2062,23000000,94000000,0,0,5000000,5000000
2025-12-16,3545,300000000,372000000,0,0,13565000,13335000
2025-12-16,3312,134705000,204491000,0,0,4000000,6000000
2025-12-16,2545,114348000,182427000,0,0,18000000,21752000
2025-12-16,01009T,0,0,0,0,0,72000000
2025-12-16,00907,9000000,107000000,0,0,782206000,757044000
2025-12-16,1467,15000000,91000000,0,0,3000000,0
2025-12-16,4912,29000000,102300000,0,0,0,0
2025-12-16,8081,305000000,524600000,149000000,1866000,2097000,3008000
2025-12-16,2392,586000000,629000000,0,0,46850000,78484000
2025-12-16,6834,25000000,99000000,0,0,2000000,2705000
2025-12-16,6235,231000000,303956000,0,0,13150000,16661000
2025-12-16,3592,1172200000,231000000,0,1022839000,10049000,4880000
2025-12-16,2849,18000000,127000000,0,0,43000000,11000000
2025-12-16,4164,247000000,322000000,0,0,14000000,16000000
2025-12-16,2429,133933000,211000000,0,0,3000000,3625000
2025-12-16,3003,41000000,117000000,0,0,5000000,6863000
2025-12-16,1732,17000000,97000000,0,0,2000000,0
2025-12-16,2316,1250000000,1226044000,23000000,0,31189000,156211000
2025-12-16,6449,116000000,210000000,0,0,35000000,19721000
2025-12-16,3617,177000000,252174000,0,0,6000000,9818000
2025-12-16,2375,296000000,361000000,0,0,4757000,19208000
2025-12-16,5222,47365000,117130000,0,0,6000000,16003000
2025-12-16,4119,6000000,77000000,0,0,2000000,11320000
2025-12-16,3038,193000000,242000000,0,484000,3000000,35000000
2025-12-16,6108,7000000,94000000,0,0,12000000,7000000
2025-12-16,6206,139000000,213000000,3000000,1305000,24009000,33967000
2025-12-16,2484,21000000,105000000,0,0,5000000,4231000
2025-12-16,00956,1000000,23000000,0,0,126001000,188429000
2025-12-16,8215,126000000,242000000,0,0,41000000,10000000
2025-12-16,2109,7000000,94000000,0,0,2000000,1000000
2025-12-16,1515,67000000,154000000,0,0,5000000,5001000
2025-12-16,2534,150000000,240000000,0,0,20000000,17561000
2025-12-16,2006,2549000000,2677000000,28000000,34063000,279127000,233000000
2025-12-16,4720,13000000,109000000,0,507000,8000000,1000000
2025-12-16,3002,436000000,530000000,0,0,5000000,601000
2025-12-16,6525,31000000,128000000,0,0,11000000,4000000
2025-12-16,2029,36000000,107000000,0,0,6000000,25490000
2025-12-16,8249,119250000,210400000,0,0,3071000,3001000
2025-12-16,9924,21200000,110201000,0,447000,4000000,6000000
2025-12-16,4942,20000000,112000000,0,0,3000000,3027000
2025-12-16,4766,220032000,206000000,0,108000000,21424000,19945000
2025-12-16,1103,60000000,166000000,0,0,34000000,21000000
2025-12-16,2030,6000000,93000000,0,0,5000000,12000000
2025-12-16,00735,0,2000000,0,0,157000000,249000000
2025-12-16,2360,3335085000,1894207000,8000000,1476554000,62657000,129644000
2025-12-16,3596,302790000,389244000,0,5000000,12000000,15405000
2025-12-16,7750,27000000,119000000,0,0,1000000,4015000
2025-12-16,6177,303742000,274447000,0,123000000,21379000,23112000
2025-12-16,2530,107000000,264000000,0,0,60182000,0
2025-12-16,00876,289000,14000000,0,0,1000000,84532000
2025-12-16,3406,863627000,1328000000,400000000,24000000,19527000,32204000
2025-12-16,9911,85000000,189886000,0,1000000,14000000,9583000
2025-12-16,3022,195000000,293000000,0,0,14000000,17844000
2025-12-16,2929,35000000,137000000,0,0,0,0
2025-12-16,1618,195000000,297000000,0,0,11000000,11655000
2025-12-16,3138,131000000,233097000,0,0,12017000,13000000
2025-12-16,6412,398000000,521000000,0,1418000,42000000,21473000
2025-12-16,4989,1321100000,1426000000,0,0,3000000,1999000
2025-12-16,0051,1027000,0,0,0,0,105591000
2025-12-16,009802,0,33000000,0,0,1072000000,1145891000
2025-12-16,00728,0,42000000,0,0,65000000,130335000
2025-12-16,00770,12040000,73000000,0,0,278000000,324441000
2025-12-16,1786,48000000,150000000,0,0,2248000,7758000
2025-12-16,1218,60000000,145000000,0,0,15000000,38000000
2025-12-16,1809,74000000,177000000,0,0,3000000,10000000
2025-12-16,6442,33100000,150000000,17668000,0,28200000,39400000
2025-12-16,9802,94000000,191615000,0,0,6615000,19506000
2025-12-16,1201,6000000,112000000,0,0,10000000,15166000
2025-12-16,3532,182000000,257000000,0,2739000,28426000,63401000
2025-12-16,2357,2374514000,7309060000,4945624000,273893000,234571000,84624000
2025-12-16,2535,36000000,149000000,0,0,10000000,10000000
2025-12-16,2608,13000000,130000000,0,0,15000000,12351000
2025-12-16,1734,4000000,119987000,0,0,1000000,0
2025-12-16,9955,206000000,323000000,0,0,2000000,0
2025-12-16,3563,170064000,401801000,134000000,0,10530000,31290000
2025-12-16,2233,81005000,188000000,0,0,7000000,18554000
2025-12-16,00654R,0,0,0,0,7000000,128200000
2025-12-16,2612,646000000,586000000,0,0,7896000,189415000
2025-12-16,00972,0,4000000,0,0,285000000,403509000
2025-12-16,2704,10000000,146000000,0,0,13000000,0
2025-12-16,2547,176000000,315648000,0,0,22000000,5892000
2025-12-16,1597,24000000,150000000,0,0,2391000,507000
2025-12-16,3059,506000000,567995000,0,0,12907000,75329000
2025-12-16,4540,73000000,194000000,0,0,5000000,8947000
2025-12-16,1616,364000000,480000000,0,0,2000000,10953000
2025-12-16,1225,7000000,135358000,0,0,3000000,0
2025-12-16,6283,31000000,153000000,0,0,0,4000000
2025-12-16,7799,58000000,210000000,0,0,26000000,17000
2025-12-16,8114,172000000,286100000,0,0,7000000,19122000
2025-12-16,6215,135266000,261000000,0,0,6000000,6688000
2025-12-16,4571,12000000,138000000,0,0,1000000,2552000
2025-12-16,3015,57000000,177226000,0,8591000,10588000,10020000
2025-12-16,3028,290200000,442000000,0,0,27000000,4000000
2025-12-16,009808,0,1000000,0,0,1822000000,1950141000
2025-12-16,1447,77001000,213000000,0,0,6000000,0
2025-12-16,00943,0,37000000,0,0,458000000,551982000
2025-12-16,2417,45000000,178000000,0,0,3000000,1289000
2025-12-16,2543,337001000,502789000,0,0,94170000,60031000
2025-12-16,1720,54000000,188000000,0,0,7000000,9000000
2025-12-16,2476,467000000,603353000,0,0,31429000,31403000
2025-12-16,2421,1799870000,1897000000,26000000,0,41000000,106207000
2025-12-16,6409,294792000,426826000,268000,1000000,18000000,22394000
2025-12-16,1460,9000000,96000000,0,0,4000000,55000000
2025-12-16,6869,323250000,462000000,0,0,6000000,6083000
2025-12-16,6526,46000000,253023000,71000000,1000000,12049000,14087000
2025-12-16,1524,197000000,337000000,0,0,4000000,3389000
2025-12-16,1227,98000000,239000000,0,0,29000000,28377000
2025-12-16,6923,63000000,207000000,0,0,5250000,1689000
2025-12-16,8016,185000000,525000000,210000000,2595000,2000000,9945000
2025-12-16,6672,104046000,247000000,0,0,2000000,1000
2025-12-16,1528,838000000,981000000,0,0,1000000,1000000
2025-12-16,2436,260000000,397000000,0,0,8606000,14768000
2025-12-16,00954,2030000,66000000,0,0,174000000,254196000
2025-12-16,2342,226000000,373000000,0,0,4000000,1805000
2025-12-16,6414,214126000,707000000,363000000,0,7000000,22122000
2025-12-16,1444,143000000,273000000,0,0,14000000,29300000
2025-12-16,3004,230000000,101001000,0,0,0,277098000
2025-12-16,2364,43000000,191250000,0,0,0,1784000
2025-12-16,2017,21000000,165000000,0,0,7000000,15436000
2025-12-16,00932,2000000,200043000,0,0,264000000,220532000
2025-12-16,6491,48000000,197000000,0,0,13181000,18784000
2025-12-16,5608,573000000,732000000,0,0,6001000,2122000
2025-12-16,00981T,0,11000000,0,0,537000000,682263000
2025-12-16,2348,56647000,208763000,0,0,8000000,12174000
2025-12-16,4968,184000000,313000000,0,0,11000000,38476000
2025-12-16,6625,20000000,179011000,0,0,15000000,14116000
2025-12-16,7780,18000000,177000000,0,0,0,0
2025-12-16,8213,76000000,240000000,0,0,12000000,7000000
2025-12-16,8404,73000000,237855000,0,0,20000000,14665000
2025-12-16,1708,87000000,257000000,0,0,18012000,8619000
2025-12-16,4956,882000000,1043000000,0,0,5078000,5838000
2025-12-16,00683L,0,0,0,0,0,162530000
2025-12-16,2038,54000000,216380000,0,0,3000000,5000000
2025-12-16,00893,31465000,66000000,0,0,510000000,640084000
2025-12-16,4938,4588829000,7793874000,2545831000,36271000,647350000,116606000
2025-12-16,6456,611000000,780000000,0,0,17000000,13259000
2025-12-16,6533,92483000,242004000,0,0,18000000,33929000
2025-12-16,3013,937000000,1010000000,0,0,30000000,122514000
2025-12-16,00882,104000000,1026000000,0,0,3348000000,2593443000
2025-12-16,6271,687000000,763000000,0,43000000,25820000,74678000
2025-12-16,5203,46040000,208000000,0,0,4130000,11166000
2025-12-16,6120,687000000,904901000,0,0,67000000,19000000
2025-12-16,3036,5761002000,10151420000,4400000000,464000000,351734000,67251000
2025-12-16,2723,279000000,444000000,0,0,10000000,15000000
2025-12-16,4536,42000000,212000000,0,0,8000000,10925000
2025-12-16,3149,268000000,439761000,0,0,2000000,3180000
2025-12-16,1736,181100000,294350000,0,59000000,23061000,28323000
2025-12-16,3017,1615704000,1664131000,171945000,171000000,119792000,255679000
2025-12-16,2102,50000000,239000000,0,0,7000000,2000000
2025-12-16,8464,750455000,943151000,0,2874000,20000000,9863000
2025-12-16,8163,121058000,277000000,0,9163000,15000000,35622000
2025-12-16,1307,90000000,289000000,0,0,9000000,2000000
2025-12-16,00700,5000000,181000000,0,0,240000000,257320000
2025-12-16,6806,375190000,566724000,0,0,9000000,12000000
2025-12-16,2258,114000000,293000000,0,0,64000000,80530000
2025-12-16,3703,164000000,374000000,0,0,45000000,31000000
2025-12-16,1476,306759000,575690000,71000000,1874000,21000000,17451000
2025-12-16,3026,447010000,606000000,2700000,0,12100000,54266000
2025-12-16,2401,580000000,784000000,0,0,32298000,27116000
2025-12-16,8104,865076000,1055232000,0,0,1000,11000000
2025-12-16,5434,389601000,311000000,9000000,291000000,21089000,18974000
2025-12-16,1464,19000000,225672000,0,0,3000000,0
2025-12-16,3535,766200000,972000000,0,0,9000000,9352000
2025-12-16,4904,5697315000,5971759000,0,57000000,244314000,119152000
2025-12-16,2376,998982000,1374120000,28000000,6000000,257250000,111895000
2025-12-16,8996,102000000,307000000,0,56000000,111000000,58699000
2025-12-16,2108,68000000,275000000,0,0,15000000,19000000
2025-12-16,2211,1009000000,3474000000,2260000000,3343000,14000000,17132000
2025-12-16,6269,471000000,634000000,0,0,27210000,78529000
2025-12-16,2731,90000000,312000000,12000000,0,17000000,22907000
2025-12-16,2031,152000000,371000000,0,0,12000000,11518000
2025-12-16,1536,290000000,485073000,0,0,48000000,71581000
2025-12-16,5234,175246000,369000000,8000000,1000000,17160000,49103000
2025-12-16,009812,19010000,495000000,0,0,1189000000,932673000
2025-12-16,3712,229000000,440000000,0,3880000,2075000,7310000
2025-12-16,6205,167000000,383000000,0,0,0,6516000
2025-12-16,00912,0,90000000,0,0,130000000,262647000
2025-12-16,00690,0,118000000,0,0,797000000,903786000
2025-12-16,2362,139000000,369000000,0,0,18000000,15592000
2025-12-16,1522,199000000,386000000,0,4628000,17000000,53626000
2025-12-16,2351,142000000,376000000,0,0,23026000,19205000
2025-12-16,3029,85700000,315000000,0,0,25000000,28469000
2025-12-16,2528,188601000,439200000,0,0,16000000,0
2025-12-16,3694,208570000,449000000,0,0,10000000,6897000
2025-12-16,5225,39000000,271000000,0,0,4000000,10333000
2025-12-16,2489,797000000,998003000,0,0,24000000,62003000
2025-12-16,2387,86000000,346000000,0,3828000,30000000,11188000
2025-12-16,4722,675794000,922000000,0,0,27000000,27456000
2025-12-16,00645,100000,6000,0,0,8000000,255433000
2025-12-16,8105,71000000,319000000,0,0,13000000,13000000
2025-12-16,1603,17000000,265000000,0,0,0,1000000
2025-12-16,1563,75000000,330000000,0,0,5000000,0
2025-12-16,6768,141000000,218000000,0,151183000,5966000,28314000
2025-12-16,3042,343000000,594000000,0,0,15000000,21731000
2025-12-16,2597,80000000,328920000,0,0,11000000,20428000
2025-12-16,2363,420100000,660200000,0,0,22492000,41875000
2025-12-16,2474,1444000000,1295232000,29000000,611829000,202000000,28786000
2025-12-16,00926,15000000,51600000,0,0,287000000,512669000
2025-12-16,1789,153000000,415000000,0,0,30000000,32000000
2025-12-16,2101,230806000,481364000,0,0,39000000,53248000
2025-12-16,2385,1102300000,1278790000,34400000,270686000,270000000,131066000
2025-12-16,3515,277390000,539365000,1000000,1000000,15016000,27177000
2025-12-16,6165,40018000,318000000,0,0,1000000,0
2025-12-16,00946,46000000,745000000,0,0,2567518000,2147890000
2025-12-16,2355,410000000,688000000,0,4066000,18976000,17005000
2025-12-16,1907,350000000,604000000,0,0,55000000,86000000
2025-12-16,3024,46000000,331000000,0,0,0,1000000
2025-12-16,2379,499620000,1617614000,808000000,79214000,122111000,19131000
2025-12-16,3686,62000000,350000000,0,0,1000000,0
2025-12-16,2820,116000000,427000000,0,0,90000000,66000000
2025-12-16,1319,220000000,804500000,157592000,1526000,167325000,32490000
2025-12-16,3005,903889000,1332000000,20000000,2000000,157090000,41240000
2025-12-16,2201,647000000,974640000,0,0,86000000,53299000
2025-12-16,009804,113000000,30000000,0,0,414095000,797377000
2025-12-16,3090,2282000000,2536000000,0,4418000,89053000,131456000
2025-12-16,00763U,0,0,0,0,616783000,917966000
2025-12-16,6753,1101100000,1369000000,35000000,0,20546000,89193000
2025-12-16,2340,775000000,1020000000,0,0,41663000,98278000
2025-12-16,1721,50000000,357000000,0,0,6000000,4922000
2025-12-16,1773,92101000,317400000,0,80400000,16000000,17560000
2025-12-16,1503,311284000,551000000,0,5735000,33000000,95640000
2025-12-16,6901,30000000,361000000,0,0,23000000,2000000
2025-12-16,00646,3186000,396000000,0,0,1450000000,1367393000
2025-12-16,00762,3100000,3000000,0,0,30000000,343091000
2025-12-16,2241,37000000,351000000,0,0,1000000,2000000
2025-12-16,9958,164036000,455000000,0,3000000,16923000,40476000
2025-12-16,4746,116000000,428000000,0,0,1000000,7088000
2025-12-16,1612,177000000,498000000,0,0,12092000,16648000
2025-12-16,5388,342000000,674000000,0,0,22000000,18738000
2025-12-16,9939,271000000,653346000,28000000,400000,47000000,26157000
2025-12-16,2601,69000000,407001000,0,0,6000000,3000000
2025-12-16,2204,367000000,694000000,0,3989000,18520000,22788000
2025-12-16,00905,36000000,118000000,0,0,573048000,828933000
2025-12-16,2458,370000000,1406090000,845000000,162812000,91000000,75425000
2025-12-16,1714,131000000,489000000,0,0,18000000,1000000
2025-12-16,2913,99000000,435000000,0,0,26000000,32000000
2025-12-16,2010,230000000,581000000,0,0,26000000,18000000
2025-12-16,3014,186000000,600000000,178000000,103242000,22195000,27304000
2025-12-16,2393,8055000000,2555000000,188000000,6422104000,418000000,32000000
2025-12-16,2645,426000000,745050000,18000000,0,69000000,122103000
2025-12-16,5243,219000000,588000000,0,0,30228000,23416000
2025-12-16,6781,205981000,537334000,18000000,0,46845000,100350000
2025-12-16,9917,104000000,324000000,0,177000000,45000000,16000000
2025-12-16,009801,151512000,32000000,0,0,805000000,1296555000
2025-12-16,2614,174000000,541880000,0,0,3000000,10000000
2025-12-16,2838,826000000,1257952000,0,0,237000000,183000000
2025-12-16,3035,1519823000,2059695000,0,0,308216000,155377000
2025-12-16,1909,247000000,599000000,0,0,52625000,88000000
2025-12-16,6691,487152000,829740000,0,11000000,27648000,63509000
2025-12-16,3049,470001000,863000000,0,0,4311000,7503000
2025-12-16,3605,327000000,735000000,0,0,29039000,18800000
2025-12-16,2208,588000000,988094000,0,0,33000000,35000000
2025-12-16,1529,165000000,568630000,0,0,2000000,2018000
2025-12-16,00892,64000000,27000000,0,0,982169000,1424536000
2025-12-16,00902,31000000,117000000,0,0,311000000,631241000
2025-12-16,2106,214000000,627000000,0,0,35000000,29187000
2025-12-16,9921,300026000,689500000,0,20000000,54000000,51964000
2025-12-16,3056,154950000,555143000,0,0,17000000,27895000
2025-12-16,2606,2741000000,4634170000,2863000000,305548000,383267000,1462036000
2025-12-16,3543,429000000,846000000,0,0,1000000,0
2025-12-16,3058,123000000,553049000,0,0,6000000,1000000
2025-12-16,3380,581000000,952000000,0,0,32546000,90271000
2025-12-16,3413,101267000,575105000,58000000,1000000,30001000,47341000
2025-12-16,3701,927500000,1372000000,0,0,9000000,8287000
2025-12-16,2511,107000000,548000000,0,0,61000000,68000000
2025-12-16,1434,459000000,939000000,0,0,71000000,51295000
2025-12-16,9945,1667000000,2307400000,260000000,8000000,149368000,233499000
2025-12-16,2498,2914020000,2812000000,0,0,81620000,656244000
2025-12-16,1513,905236000,1315100000,0,45147000,94000000,113875000
2025-12-16,4916,2825047000,2877000000,0,0,11034000,434001000
2025-12-16,3023,313000000,865000000,77205000,49000000,53228000,13811000
2025-12-16,00655L,25000000,198000000,0,0,1717000000,2031077000
2025-12-16,6243,456000000,938000000,0,0,2000000,7185000
2025-12-16,2405,292000000,789000000,0,0,5000000,2000000
2025-12-16,2338,128001000,590000000,0,0,43069000,76341000
2025-12-16,8926,348000000,859000000,0,0,46000000,48949000
2025-12-16,2206,119000000,562000000,0,69527000,32000000,34190000
2025-12-16,5284,320000000,734490000,0,0,18503000,124626000
2025-12-16,00647L,0,18000000,0,0,241000000,757008000
2025-12-16,1582,83000000,616000000,0,0,13000000,14295000
2025-12-16,2451,3068005000,2159800000,83600000,1348145000,52029000,243354000
2025-12-16,4763,1317350000,4508248000,2668000000,52724000,127028000,103535000
2025-12-16,2228,366108000,859409000,0,0,6000000,69995000
2025-12-16,1589,89000000,653118000,0,0,11000000,12781000
2025-12-16,1795,787248000,1484850000,40000000,0,187577000,96866000
2025-12-16,1308,193000000,767000000,0,0,20000000,21906000
2025-12-16,6962,293015000,874000000,0,0,11834000,7597000
2025-12-16,1904,244000000,804000000,0,44975000,65000000,43378000
2025-12-16,009811,525000000,0,0,0,1593000000,2702787000
2025-12-16,1710,149000000,745000000,0,0,32000000,28276000
2025-12-16,8271,660005000,1197000000,0,0,2434000,62330000
2025-12-16,6531,830469000,1066746000,42000000,336000000,68000000,137698000
2025-12-16,3006,1110501000,1423500000,0,0,127372000,431545000
2025-12-16,2912,625373000,1184684000,0,61980000,74000000,74086000
2025-12-16,2383,1453610000,2207308000,104009000,32901000,238214000,177980000
2025-12-16,2049,590359000,1197011000,0,0,42732000,59411000
2025-12-16,6589,270000000,898000000,0,0,13000000,13091000
2025-12-16,2605,3156000000,3066000000,0,0,63420000,787095000
2025-12-16,1305,182000000,805000000,0,0,13000000,24505000
2025-12-16,1519,2497724000,3253845000,209000000,4334000,172321000,257775000
2025-12-16,1229,145251000,794706000,0,0,79000000,70443000
2025-12-16,3714,378000000,1020000000,0,0,38000000,38000000
2025-12-16,3167,1621220000,2279160000,0,0,38115000,46705000
2025-12-16,2347,3527000000,3366353000,63000000,896759000,339270000,338966000
2025-12-16,00850,4260000,139000000,30000000,0,92000000,675145000
2025-12-16,1310,53000000,729000000,0,0,17000000,29344000
2025-12-16,3030,2442500000,1414000000,0,1441000000,64464000,343144000
2025-12-16,9914,758000000,1405000000,0,0,39000000,83801000
2025-12-16,1514,968979000,1544206000,0,0,14000000,135451000
2025-12-16,2630,131000000,819000000,0,0,5010000,16281000
2025-12-16,3661,257686000,766928000,16000000,162000000,155582000,200324000
2025-12-16,00674R,0,0,0,0,402241000,1104006000
2025-12-16,6757,1797000000,1104231000,0,1385000000,26054000,40926000
2025-12-16,00927,30500000,401000000,0,0,1619180000,1965807000
2025-12-16,3011,450000000,1179000000,0,0,7552000,1000000
2025-12-16,2834,5815416000,6445167000,0,1000000,387000000,488000000
2025-12-16,00952,2000000,21000000,0,0,668000000,1384215000
2025-12-16,1313,460000000,1218000000,0,0,42000000,37000000
2025-12-16,6176,2953000000,2771149000,23000000,1070074000,186000000,91958000
2025-12-16,3019,666123000,1382930000,0,0,103000000,181576000
2025-12-16,6278,248522000,974000000,0,42079000,43000000,71184000
2025-12-16,2332,935144000,1771000000,0,0,58631000,19804000
2025-12-16,2034,228870000,863815000,0,0,23000000,200002000
2025-12-16,1608,2077864000,2728010000,0,0,24956000,238716000
2025-12-16,2352,2696179000,3605080000,62000000,85000000,88142000,48595000
2025-12-16,3189,2968103000,3417896000,166000000,3000000,13006000,631890000
2025-12-16,4934,210000000,1119120000,0,0,6024000,3000000
2025-12-16,1727,239000000,1147000000,0,0,5000000,5230000
2025-12-16,00947,7000000,177000000,0,0,295000000,1041181000
2025-12-16,2855,600000000,1513500000,0,6000000,0,0
2025-12-16,00904,58000000,106000000,0,0,480000000,1355015000
2025-12-16,2915,243000000,1119000000,0,3000000,37000000,96000000
2025-12-16,1312,663000000,1351483000,0,0,35391000,294801000
2025-12-16,1304,1116000000,1997000000,0,0,51000000,119628000
2025-12-16,2014,2276000000,2688000000,0,0,270000000,808047000
2025-12-16,2395,1307154000,2250431000,23000000,45642000,60000000,47494000
2025-12-16,9938,174000000,1112000000,0,0,20000000,41133000
2025-12-16,00685L,18170000,22000000,0,0,688506000,1668094000
2025-12-16,009813,500000,24000000,0,0,2936000000,3920000000
2025-12-16,6285,1129010000,2178900000,1000000,69619000,144000000,39017000
2025-12-16,009805,62000000,94000000,0,0,2009000000,3005735000
2025-12-16,6116,1038000000,1973000000,0,0,104000000,227435000
2025-12-16,2903,2094000000,5304000000,2079000000,6000000,113000000,39000000
2025-12-16,2455,687612000,1490000000,0,31000000,25000000,255159000
2025-12-16,9933,550342000,1613982000,0,19000000,42000000,37472000
2025-12-16,6477,822000000,1899000000,0,0,10000000,28435000
2025-12-16,4958,2909119000,3693000000,665000000,1110000000,281353000,153773000
2025-12-16,00692,19000,206000000,0,0,1374000000,2269733000
2025-12-16,2331,4418000000,5044000000,0,0,283870000,761189000
2025-12-16,00964,0,29000000,0,0,865000000,1948993000
2025-12-16,00951,12000000,597000000,0,0,9000000,551931000
2025-12-16,009800,22655000,94000000,0,0,530000000,1597851000
2025-12-16,2887I,943000,1149000000,0,0,0,0
2025-12-16,00934,0,425000000,0,0,850764000,1581718000
2025-12-16,3576,1297000000,2438000000,0,0,66260000,83000000
2025-12-16,2885,22620037000,21553734000,579000000,3899000000,2510251000,1432655000
2025-12-16,00670L,22550000,0,0,0,42000000,1283799000
2025-12-16,6153,248181000,1452529000,0,0,54000000,79325000
2025-12-16,00923,41000000,195000000,0,1000000000,1108054000,1193940000
2025-12-16,3704,597000000,1844000000,0,0,22000000,16710000
2025-12-16,00752,58054000,203000000,0,0,366000000,1488033000
2025-12-16,1905,124000000,1395000000,0,0,38000000,37791000
2025-12-16,2023,270000000,1552860000,0,0,70000000,59001000
2025-12-16,00971,0,48000000,0,0,308000000,1550700000
2025-12-16,2646,862000000,2117000000,0,0,89000000,144000000
2025-12-16,2009,1087000000,2122000000,0,0,26260000,343979000
2025-12-16,00633L,550000000,1487000000,0,0,3913300000,4382097000
2025-12-16,4915,1573800000,1479000000,0,1507276000,48000000,55537000
2025-12-16,2492,884169000,2056000000,1000000,0,33603000,298769000
2025-12-16,1718,285001000,1722000000,0,0,61000000,63000000
2025-12-16,2634,810289000,2063000000,0,0,60200000,249293000
2025-12-16,6209,2832826000,4226000000,0,0,47000000,103022000
2025-12-16,2897,1128000000,2597000000,0,9000000,141000000,125000000
2025-12-16,2329,2956431000,4024500000,0,0,67366000,465034000
2025-12-16,3050,1294000000,2826000000,0,0,3000000,11619000
2025-12-16,6213,1187135000,2588000000,0,0,42300000,209938000
2025-12-16,1210,754000000,2622000000,348000000,29000000,63000000,114631000
2025-12-16,00885,1701350000,3078000000,0,0,583214000,836238000
2025-12-16,8021,6678000000,8296200000,0,0,50000000,83755000
2025-12-16,2412,2335610000,3991391000,0,38000000,276299000,239791000
2025-12-16,2345,1808317000,5129001000,1654063000,11980000,189246000,200535000
2025-12-16,3305,8423166000,10549500000,0,0,544814000,152261000
2025-12-16,1442,5962000000,3895297000,0,3890000000,76154000,18865000
2025-12-16,00983A,52000000,1188000000,0,0,1049000000,1702603000
2025-12-16,2419,1229000000,3082000000,0,0,18245000,21338000
2025-12-16,1722,691000000,1349000000,0,1238000000,36000000,31477000
2025-12-16,2328,656959000,2481000000,0,0,103000000,177403000
2025-12-16,00662,32152000,138000000,0,0,114000000,1992522000
2025-12-16,00935,235100000,623000000,0,0,1385000000,2998773000
2025-12-16,6505,1914500000,3724451000,0,24552000,275303000,462455000
2025-12-16,8046,2885441000,4528265000,60000000,151837000,148000000,459760000
2025-12-16,6257,3169000000,2055100000,51000000,2848000000,172570000,537244000
2025-12-16,2439,2139010000,2101666000,3100000,2105287000,82000000,85767000
2025-12-16,3045,3296713000,5682352000,321000000,29000000,191211000,182830000
2025-12-16,6443,1337000000,3706000000,0,0,530625000,316000000
2025-12-16,2481,2065860000,4873000000,1662000000,392000000,242112000,1014873000
2025-12-16,8070,371025000,2735000000,0,10756000,40000000,40723000
2025-12-16,2441,5764000000,10440000000,2086000000,2000000,619843000,419231000
2025-12-16,1402,2782000000,5220009000,0,23000000,239000000,218240000
2025-12-16,2615,2007555000,4978561000,0,107000000,892695000,261184000
2025-12-16,2633,1193485000,3621417000,0,20000000,95000000,96580000
2025-12-16,00675L,61436000,176000000,0,0,697230000,3034543000
2025-12-16,00830,350400000,1132000000,0,0,552000000,2269776000
2025-12-16,1717,802136000,3064000000,0,0,65136000,309169000
2025-12-16,00989A,4100000,1003000000,0,0,333000000,1842965000
2025-12-16,00894,21100000,297000000,0,0,508000000,2922172000
2025-12-16,2354,1936234000,4533000000,51000000,112707000,135000000,305500000
2025-12-16,4906,1602000000,4604000000,0,13038000,237907000,160114000
2025-12-16,1609,579531000,3441893000,0,35646000,97000000,150629000
2025-12-16,2618,14445500000,19542986000,813000000,307744000,2301646000,720119000
2025-12-16,2105,3260829000,6651350000,9688000,218680000,701000000,131121000
2025-12-16,2308,4513406000,7464259000,115000000,199737000,388095000,473957000
2025-12-16,2449,5057987000,6000479000,1502734000,2475000000,884159000,2203648000
2025-12-16,3715,5822752000,8854256000,60000000,0,358389000,646171000
2025-12-16,2515,4324993000,7585000000,0,0,98000000,200373000
2025-12-16,00900,17151000,554000000,0,0,2270280000,5203474000
2025-12-16,2367,7359312000,10853883000,0,0,529002000,565687000
2025-12-16,2353,5333003000,10066000000,147000000,12624000,1590000000,634018000
2025-12-16,3702,3127532000,13167269000,6389000000,5863000,547003000,620448000
2025-12-16,2406,10815000000,14585000000,0,0,18748000,18388000
2025-12-16,6191,1964283000,5433327000,104000000,0,138002000,586034000
2025-12-16,00631L,109831000,543000000,0,0,661480000,4192869000
2025-12-16,00706L,0,60000000,0,0,944000000,4851158000
2025-12-16,1802,17630993000,18294660000,0,0,737532000,4071489000
2025-12-16,3706,2970048000,6725047000,45000000,250000000,788327000,860352000
2025-12-16,2457,2821000000,6276000000,0,0,292205000,880859000
2025-12-16,2610,13303373000,18129500000,662000000,413000000,1593507000,1232669000
2025-12-16,00891,503593000,1529000000,0,0,2379000000,5769344000
2025-12-16,00757,2270000,910000000,0,0,314000000,3967426000
2025-12-16,1301,3770218000,8688300000,0,0,1016657000,848400000
2025-12-16,00896,146000000,99000000,0,0,2062398000,7254070000
2025-12-16,2356,1556029000,7545000000,137000000,0,791538000,271764000
2025-12-16,2027,3786000000,16283787000,6780000000,0,603530000,369482000
2025-12-16,006208,167216000,1632100000,0,0,1350880000,5405692000
2025-12-16,2801,6217288000,13820676000,2590000000,0,478000000,1143789000
2025-12-16,00650L,112000000,857000000,0,0,1233009000,6193549000
2025-12-16,2327,5139786000,10276933000,111876000,481785000,571000000,1309563000
2025-12-16,4927,5339000000,11598957000,0,0,24000000,33667000
2025-12-16,00984A,130000000,1240000000,0,0,3095000000,8531193000
2025-12-16,5469,3337116000,9827881000,0,0,120735000,199612000
2025-12-16,1102,6033800000,11324697000,3073000000,4970960000,815000000,216470000
2025-12-16,00940,41105000,7573200000,0,0,5022385000,4108007000
2025-12-16,00881,28164000,4983000000,0,0,3200044000,5119164000
2025-12-16,009803,5000000,118000000,0,0,2741920000,9885284000
2025-12-16,1326,7955269000,14946055000,0,16000000,501703000,980666000
2025-12-16,2408,1877634000,7945637000,196191000,343000000,305000000,1606507000
2025-12-16,2313,20671000000,31505279000,3461000000,0,3452500000,4137780000
2025-12-16,00909,61437000,5782000000,0,0,1308000000,3920824000
2025-12-16,1314,2027000000,10082000000,0,0,132000000,521015000
2025-12-16,00985A,310280000,513000000,0,0,3017000000,11273742000
2025-12-16,2330,12301721000,24966800000,2575000000,82931000,2378495000,1132304000
2025-12-16,2882,49798621000,26414071000,140000000,33662256000,2240348000,1032065000
2025-12-16,2891,56062859000,26606545000,1150000000,41928279000,3848139000,1820278000
2025-12-16,00922,32370000,3528000000,0,0,6550821000,12916525000
2025-12-16,00929,3981736000,11316000000,0,0,4604512000,7351785000
2025-12-16,6282,13227032000,21950120000,0,13000000,698605000,2355143000
2025-12-16,00663L,139000000,215000000,0,0,1204730000,11811293000
2025-12-16,00980A,191219000,1388000000,0,0,3852000000,13823689000
2025-12-16,2409,13608291000,24934000000,308809000,76707000,529000000,748651000
2025-12-16,2886,18572302000,33377798000,965000000,64000000,2031309000,512605000
2025-12-16,3231,5405284000,17197786000,485554000,941000000,1087753000,1497997000
2025-12-16,00637L,2435000000,12569000000,0,0,11495346000,14620406000
2025-12-16,2382,6154782000,20655102000,548298000,29139000,1150500000,770226000
2025-12-16,00753L,1283000000,2800000000,0,0,2704000000,15155614000
2025-12-16,00642U,197185000,669000000,0,0,702000000,17138470000
2025-12-16,2371,29788229000,36271335000,9500000,8909631000,1047000000,2901897000
2025-12-16,2317,15695948000,34914010000,1491000000,1192261000,2200611000,1731361000
2025-12-16,2002,4260700000,23211124000,0,85000000,789000000,865052000
2025-12-16,1101,7469000000,26118770000,0,65000000,395000000,1217583000
2025-12-16,2337,17011880000,33627000000,1306000000,0,200319000,4560825000
2025-12-16,00878,182190000,24699000000,0,0,9654813000,6170690000
2025-12-16,2344,71827996000,88153643000,419558000,756000000,5413660000,11266565000
2025-12-16,00665L,363000000,4768000000,0,0,2599000000,21040478000
2025-12-16,3481,16004009000,38326999000,428991000,19000000,325000000,1422865000
2025-12-16,00988A,156000000,8089000000,0,0,1392000000,19148000000
2025-12-16,6770,22888751000,56759036000,164000000,227000000,2404024000,4959627000
2025-12-16,1605,7188001000,43482361000,0,85833000,574000000,3954372000
2025-12-16,00918,379100000,674000000,0,0,3214847000,48277382000
2025-12-16,00715L,150000000,5113000000,0,0,2750000000,45937292000
2025-12-16,00982A,581764000,6523000000,0,0,6513458000,52996748000
2025-12-16,0052,916820000,4317544000,0,0,14936470000,70212504000
2025-12-16,0056,3955672000,14366000000,0,0,302999000,49250569000
2025-12-16,00919,7275477000,30965000000,0,0,16339260000,64022055000
2025-12-16,0050,1693261000,75048853000,0,3523000000,31085738000,45342745000
2025-12-16,00981A,9494801000,9509070000,0,0,9758000000,139876364000
2025-12-16,00679B,17258000000,1364000000,0,0,14914323000,11982446000
2025-12-16,00687B,7523000000,2168000000,0,0,13781067000,6395899000
2025-12-16,00687C,0,0,0,0,50400000,50400000
2025-12-16,00694B,331000000,0,0,0,193924000,504244000
2025-12-16,00695B,58000000,0,0,0,269107000,281113000
2025-12-16,00696B,3037000000,1000000,0,0,2699909000,5478509000
2025-12-16,00697B,16000000,13000000,0,0,135651000,96306000
2025-12-16,00719B,223000000,44000000,0,0,327541000,25950000
2025-12-16,00720B,1063000000,258000000,0,0,2517111000,0
2025-12-16,00722B,183000000,124000000,0,0,2250410000,2183240000
2025-12-16,00723B,0,40000000,0,0,162000000,100000000
2025-12-16,00724B,278000000,11000000,0,0,3526406000,3595250000
2025-12-16,00725B,341000000,938000000,0,0,2353876000,598553000
2025-12-16,00726B,11000000,5000000,0,0,131062000,115442000
2025-12-16,00727B,0,0,0,0,109661000,107199000
2025-12-16,00734B,0,38000000,0,0,524000000,448000000
2025-12-16,00740B,1820000000,0,0,0,1691250000,3365284000
2025-12-16,00741B,0,2000000,0,0,201155000,204000000
2025-12-16,00746B,795000000,1000000,0,0,178000000,963000000
2025-12-16,00749B,4000000,1000000,0,0,103000000,103000000
2025-12-16,00750B,0,1000000,0,0,101000000,100000000
2025-12-16,00751B,480000000,10000000,0,0,612693000,70039000
2025-12-16,00754B,1000000,2000000,0,0,100000000,100000000
2025-12-16,00755B,9000000,31000000,0,0,130004000,100002000
2025-12-16,00756B,12000000,5000000,0,0,138000000,101000000
2025-12-16,00758B,0,0,0,0,100000000,100000000
2025-12-16,00759B,0,0,0,0,101000000,100002000
2025-12-16,00760B,4000000,2000000,0,0,103960000,101528000
2025-12-16,00761B,11000000,141000000,0,0,257469000,103000000
2025-12-16,00764B,990000000,0,0,0,1786034000,2481264000
2025-12-16,00768B,682000000,0,0,0,1343631000,867608000
2025-12-16,00772B,2070330000,31000000,0,0,808697000,1092882000
2025-12-16,00773B,222300000,1000000,0,0,295334000,124384000
2025-12-16,00777B,0,1000000,0,0,100000000,100000000
2025-12-16,00778B,1000000,0,0,0,100000000,100000000
2025-12-16,00779B,3000000,2000000,0,0,300000000,300000000
2025-12-16,00780B,8000000,1000000,0,0,101200000,101000000
2025-12-16,00781B,0,12000000,0,0,136000000,100571000
2025-12-16,00782B,0,7000000,0,0,164000000,100000000
2025-12-16,00785B,25000000,1000000,0,0,101000000,127000000
2025-12-16,00786B,24000000,226000000,0,0,100000000,301000000
2025-12-16,00787B,4000000,0,0,0,21000000,0
2025-12-16,00788B,2000000,5000000,0,0,71000000,0
2025-12-16,00789B,3000000,3000000,0,0,101000000,100000000
2025-12-16,00791B,0,0,0,0,100000000,100000000
2025-12-16,00792B,3000000,36000000,0,0,120149000,100094000
2025-12-16,00793B,0,0,0,0,112001000,101064000
2025-12-16,00795B,2170000000,125000000,0,0,3056519000,2185522000
2025-12-16,00799B,0,0,0,0,168000000,106390000
2025-12-16,00834B,0,0,0,0,100000000,100000000
2025-12-16,00836B,1000000,0,0,0,202000000,200403000
2025-12-16,00840B,0,0,0,0,100000000,100000000
2025-12-16,00841B,0,0,0,0,100000000,100000000
2025-12-16,00842B,0,2000000,0,0,105000000,100000000
2025-12-16,00844B,6000000,0,0,0,0,0
2025-12-16,00845B,0,0,0,0,101000000,101000000
2025-12-16,00846B,0,4000000,0,0,104047000,101000000
2025-12-16,00847B,0,3000000,0,0,305000000,300064000
2025-12-16,00848B,0,0,0,0,302000000,301000000
2025-12-16,00849B,0,0,0,0,303410000,304986000
2025-12-16,00853B,29000000,1000000,0,0,1506072000,1502337000
2025-12-16,00856B,18000000,0,0,0,8000000,12100000
2025-12-16,00857B,567000000,13000000,0,0,897006000,462000000
2025-12-16,00858,0,22000000,0,0,88083000,218951000
2025-12-16,00859B,0,216000000,0,0,2522239000,2569174000
2025-12-16,00860B,0,0,0,0,107928000,102245000
2025-12-16,00862B,74000000,0,0,0,328796000,343062000
2025-12-16,00863B,10000000,16000000,0,0,361000000,351000000
2025-12-16,00864B,1128000000,0,0,0,679000000,546000000
2025-12-16,00870B,10000000,2000000,0,0,2000000,0
2025-12-16,00877,695000000,323000000,0,0,1667678000,1306007000
2025-12-16,00883B,0,3000000,0,0,333252000,302626000
2025-12-16,00884B,0,3000000,0,0,308030000,305788000
2025-12-16,00886,0,0,0,0,1000000,1925000
2025-12-16,00887,2123000000,969000000,0,0,4820355000,2568771000
2025-12-16,00888,0,250000000,0,0,215000000,519921000
2025-12-16,00890B,4000000,27000000,0,0,324000000,300000000
2025-12-16,00928,2000000,114000000,0,0,354265000,279334000
2025-12-16,00931B,964080000,0,0,0,1570895000,791000000
2025-12-16,00933B,4110000000,102000000,0,0,3849235000,1966940000
2025-12-16,00937B,7544000000,2519000000,0,0,11921000000,8166276000
2025-12-16,00942B,2028000000,0,0,0,521001000,416745000
2025-12-16,00948B,2522000000,2225000000,0,0,3796000000,1553400000
2025-12-16,00950B,3304000000,0,0,0,880223000,1685844000
2025-12-16,00955,206500000,1581000000,0,0,800000000,5284989000
2025-12-16,00957B,0,0,0,0,319000000,200063000
2025-12-16,00958B,0,9000000,0,0,936000000,276000000
2025-12-16,00959B,93000000,814000000,0,0,1423837000,59302000
2025-12-16,00966B,0,6000000,0,0,612009000,426243000
2025-12-16,00967B,14000000,0,0,0,706364000,50000000
2025-12-16,00968B,52000000,9000000,0,0,247000000,11968000
2025-12-16,00969B,59000000,17000000,0,0,1102350000,185836000
2025-12-16,00970B,28000000,25000000,0,0,1661118000,549000000
2025-12-16,00980B,0,0,0,0,779000000,88453000
2025-12-16,00980D,13000000,0,0,0,1409000000,557289000
2025-12-16,00980T,0,55000000,0,0,913000000,608470000
2025-12-16,00981B,16000000,504000000,0,0,1166000000,6574934000
2025-12-16,00981D,64000000,9000000,0,0,575000000,4666507000
2025-12-16,00982B,0,1000000,0,0,725065000,734073000
2025-12-16,00983B,0,0,0,0,2023061000,2017000000
2025-12-16,00984B,71000000,0,0,0,2114140000,2125000000
2025-12-16,00986B,20000000,0,0,0,322000000,273000000
2025-12-16,1240,0,3000000,0,0,92000,0
2025-12-16,1264,3000000,0,0,0,0,0
2025-12-16,1268,1000000,1000000,0,0,0,0
2025-12-16,1294,0,2000000,0,0,0,0
2025-12-16,1295,67000000,32000000,0,0,9000,6000000
2025-12-16,1336,0,4000000,0,0,0,0
2025-12-16,1565,18000000,158000000,0,0,2000000,3374000
2025-12-16,1569,92000000,171000000,0,0,1400000,843000
2025-12-16,1570,28000000,26000000,0,0,0,0
2025-12-16,1584,148631000,112000000,0,0,0,815000
2025-12-16,1586,25000000,135000000,0,0,0,0
2025-12-16,1591,27000000,35000000,0,0,5000000,5037000
2025-12-16,1593,1000000,0,0,0,0,0
2025-12-16,1595,21000000,19000000,0,0,1000000,107000
2025-12-16,1599,1000000,0,0,0,0,0
2025-12-16,1777,4000000,6000000,0,0,0,0
2025-12-16,1781,0,1000000,0,0,0,11000
2025-12-16,1784,126002000,104000000,0,0,31925000,64234000
2025-12-16,1785,3367000000,2700000000,7000000,0,253829000,794000000
2025-12-16,1799,30000000,31000000,0,0,0,108000
2025-12-16,1813,0,7000000,0,0,0,0
2025-12-16,1815,5791040000,7206000000,27000000,0,342771000,247990000
2025-12-16,2061,16000000,65000000,0,0,0,0
2025-12-16,2065,8000000,7000000,0,0,0,7000
2025-12-16,2066,8000000,5000000,0,0,0,0
2025-12-16,2067,0,14000000,0,0,0,0
2025-12-16,2070,20000000,3000000,0,0,0,0
2025-12-16,2221,0,6000000,0,0,0,0
2025-12-16,2230,104000000,129000000,0,0,100000,83805000
2025-12-16,2596,5000000,57000000,0,0,0,0
2025-12-16,2640,400000,0,0,0,0,0
2025-12-16,2641,408000000,1275000000,0,0,19000000,49494000
2025-12-16,2643,2000000,0,0,0,0,0
2025-12-16,2718,3000000,10000000,0,0,0,0
2025-12-16,2726,4000000,9000000,0,0,0,1000000
2025-12-16,2729,2000000,0,0,0,0,0
2025-12-16,2732,1000000,5000000,0,0,0,0
2025-12-16,2734,4000000,0,0,0,0,0
2025-12-16,2736,7000000,14000000,0,0,0,0
2025-12-16,2740,0,3000000,0,0,0,0
2025-12-16,2743,21050000,40000000,0,0,2000000,2769000
2025-12-16,2745,41000000,63000000,0,0,7000000,5622000
2025-12-16,2754,2000000,1000000,0,0,0,0
2025-12-16,2755,14000000,29000000,0,0,13000000,0
2025-12-16,2756,4000000,1000000,0,0,0,0
2025-12-16,2916,0,2000000,0,0,0,0
2025-12-16,2926,1000000,0,0,0,0,0
2025-12-16,3066,10000000,0,0,0,0,0
2025-12-16,3071,25000000,53000000,0,0,0,0
2025-12-16,3073,76000000,50000000,0,0,0,0
2025-12-16,3078,581000000,751000000,0,0,24000000,54747000
2025-12-16,3081,2067000000,2349000000,72000000,243000000,662358000,865576000
2025-12-16,3083,28000000,2000000,0,0,1000,0
2025-12-16,3086,16000000,45000000,0,0,0,1125000
2025-12-16,3088,24000000,141688000,0,0,10804000,14000000
2025-12-16,3093,4000000,15000000,0,0,0,0
2025-12-16,3095,0,0,0,0,14000,0
2025-12-16,3105,8103466000,12273022000,14000000,32083000,768282000,1346908000
2025-12-16,3114,0,3000000,0,0,0,0
2025-12-16,3118,1000000,5000000,0,0,0,0
2025-12-16,3122,6000000,17000000,0,0,0,5000
2025-12-16,3128,30000000,150000000,0,0,354000,1153000
2025-12-16,3131,91000000,131150000,4000000,0,21470000,68278000
2025-12-16,3141,198000000,139000000,0,0,1306000,13526000
2025-12-16,3147,23240000,32000000,0,0,0,3672000
2025-12-16,3152,452000000,444000000,0,0,21089000,46755000
2025-12-16,3158,0,2000000,0,0,0,0
2025-12-16,3162,287000000,403000000,0,0,0,0
2025-12-16,3163,260020000,1072608000,0,0,172000000,232298000
2025-12-16,3169,18000000,48000000,0,0,864000,581000
2025-12-16,3171,16000000,7000000,0,0,0,0
2025-12-16,3176,128000000,125000000,0,0,0,0
2025-12-16,3178,1000000,0,0,0,0,0
2025-12-16,3188,103000000,61000000,0,0,1000000,7328000
2025-12-16,3205,17000000,48000000,0,0,0,0
2025-12-16,3206,0,6000000,0,0,0,0
2025-12-16,3207,65000000,216000000,0,0,37117000,6087000
2025-12-16,3211,1714005000,1578000000,144000000,603000000,60511000,153600000
2025-12-16,3213,74025000,149000000,0,2012000,1000000,6263000
2025-12-16,3217,72150000,444000000,0,0,47000000,29278000
2025-12-16,3218,20000000,24000000,0,0,2000000,1766000
2025-12-16,3219,102000000,119000000,0,0,2000000,2183000
2025-12-16,3221,49000000,104000000,0,0,0,0
2025-12-16,3224,1000000,1000000,0,0,0,0
2025-12-16,3227,712000000,756000000,148000000,0,60000000,69266000
2025-12-16,3228,53000000,78000000,0,0,4081000,3524000
2025-12-16,3230,35000000,96000000,0,0,1000,8001000
2025-12-16,3232,0,1000000,0,0,0,0
2025-12-16,3234,317000000,129000000,0,0,2000000,1374000
2025-12-16,3236,498000000,764000000,0,0,0,435000
2025-12-16,3252,0,0,0,0,9000,0
2025-12-16,3259,0,2000000,0,0,0,0
2025-12-16,3260,2681010000,3603450000,301576000,450000000,47338000,1592454000
2025-12-16,3264,1892700000,3051000000,41900000,1772000,84277000,554192000
2025-12-16,3265,241100000,561000000,0,0,15148000,104958000
2025-12-16,3268,3000000,1000000,0,0,0,0
2025-12-16,3272,0,4000000,0,0,0,0
2025-12-16,3276,27000000,7000000,0,0,0,0
2025-12-16,3284,2000000,54000000,0,0,0,1000
2025-12-16,3285,2000000,1000000,0,0,0,0
2025-12-16,3287,16000000,20000000,0,0,1000000,541000
2025-12-16,3289,123275000,155000000,0,0,4172000,4627000
2025-12-16,3290,150000000,86000000,0,0,25100000,5563000
2025-12-16,3293,187845000,884100000,1000000,0,202000000,226250000
2025-12-16,3294,198000000,228000000,0,0,2000000,8945000
2025-12-16,3297,173000000,39000000,0,0,1000000,1255000
2025-12-16,3303,7000000,47000000,0,0,0,268000
2025-12-16,3306,92000000,46000000,0,0,0,0
2025-12-16,3310,13000000,27000000,0,0,0,5000000
2025-12-16,3313,75000000,100000000,0,0,2000000,2232000
2025-12-16,3317,91000000,128000000,0,0,1000000,2729000
2025-12-16,3322,472000000,835000000,0,0,0,2815000
2025-12-16,3323,1013050000,561000000,0,0,3454000,4645000
2025-12-16,3324,639556000,617300000,2000000,18000000,27691000,189371000
2025-12-16,3325,20000000,0,0,0,0,0
2025-12-16,3332,3000000,47000000,0,0,0,0
2025-12-16,3339,30000000,116000000,0,0,0,1000000
2025-12-16,3349,73000000,4000000,0,0,0,0
2025-12-16,3354,35000000,40000000,0,0,5000000,5000000
2025-12-16,3357,252000000,156000000,0,1983000,2071000,49325000
2025-12-16,3360,28000000,4000000,0,0,0,1000
2025-12-16,3362,126000000,284000000,0,0,6200000,8541000
2025-12-16,3363,37000000,87385000,0,0,2000000,21087000
2025-12-16,3372,110000000,242000000,0,0,2000000,2416000
2025-12-16,3373,3000000,16000000,0,0,0,0
2025-12-16,3374,437000000,734130000,0,0,68000000,69350000
2025-12-16,3379,83000000,86000000,0,0,0,0
2025-12-16,3388,0,4000000,0,0,0,0
2025-12-16,3390,27000000,36000000,0,0,0,0
2025-12-16,3402,195000000,126000000,0,2155000,8000000,42052000
2025-12-16,3430,104000000,186000000,0,0,1000000,384000
2025-12-16,3434,38000000,50000000,0,0,0,0
2025-12-16,3438,30000000,58000000,0,0,0,0
2025-12-16,3441,147000000,87000000,0,0,2000000,0
2025-12-16,3444,40000000,42000000,0,0,0,0
2025-12-16,3455,97000000,140000000,0,0,3000000,6785000
2025-12-16,3466,107500000,217000000,0,0,0,91000
2025-12-16,3467,15000000,9000000,0,0,0,0
2025-12-16,3479,74000000,157000000,0,1973000,6000000,10648000
2025-12-16,3483,76000000,143000000,0,0,1884000,519000
2025-12-16,3484,4000000,103000000,0,0,0,278000
2025-12-16,3489,0,11000000,0,0,0,0
2025-12-16,3490,295000000,440000000,0,0,8000000,4028000
2025-12-16,3491,1543000000,1472837000,0,0,34300000,167901000
2025-12-16,3492,4000000,26000000,0,0,0,2000
2025-12-16,3498,75000000,220000000,0,0,84511000,7363000
2025-12-16,3499,5000000,9000000,0,0,2000000,2551000
2025-12-16,3508,1000000,3000000,0,0,0,9000
2025-12-16,3511,14000000,46000000,0,0,1000000,472000
2025-12-16,3516,0,1000000,0,0,0,0
2025-12-16,3520,55000000,62000000,0,0,0,0
2025-12-16,3521,10000000,28000000,0,0,0,0
2025-12-16,3522,4000000,4000000,0,0,176000,0
2025-12-16,3526,56000000,42000000,0,904000,2410000,10952000
2025-12-16,3527,87000000,85000000,0,0,0,271000
2025-12-16,3529,187182000,574880000,0,41389000,74069000,139924000
2025-12-16,3537,79000000,188000000,0,0,0,1000
2025-12-16,3540,22000000,31000000,0,0,0,326000
2025-12-16,3546,42000000,66001000,0,0,2100000,12611000
2025-12-16,3548,120000000,75000000,0,0,1199000,1741000
2025-12-16,3551,1004001000,406000000,0,0,4936000,158916000
2025-12-16,3552,24000000,94000000,0,0,2000000,1973000
2025-12-16,3555,682000000,847000000,0,0,20000,8002000
2025-12-16,3556,1000000,1000000,0,0,0,0
2025-12-16,3558,31000000,62000000,0,0,2694000,8046000
2025-12-16,3564,30000000,35000000,0,0,10000,1000
2025-12-16,3567,0,1000000,0,0,0,0
2025-12-16,3570,0,1000000,0,0,0,0
2025-12-16,3577,16000000,39000000,0,0,230000,8141000
2025-12-16,3580,9000000,74000000,0,0,1021000,966000
2025-12-16,3581,165000000,156000000,0,0,1000000,852000
2025-12-16,3587,85000000,99000000,0,0,25000000,19722000
2025-12-16,3594,7000000,30000000,0,0,1000000,1303000
2025-12-16,3597,0,2000000,0,0,0,0
2025-12-16,3609,12000000,42000000,0,0,0,3000000
2025-12-16,3611,15000000,14000000,0,0,0,0
2025-12-16,3615,76000000,159000000,0,0,0,0
2025-12-16,3623,1000000,3000000,0,0,503000,1000000
2025-12-16,3624,608000000,574000000,0,0,1777000,73012000
2025-12-16,3625,138000000,120000000,0,0,0,0
2025-12-16,3628,208000000,122000000,0,0,8000000,7983000
2025-12-16,3630,208000000,152000000,0,0,1325000,1355000
2025-12-16,3631,0,4000000,0,0,0,0
2025-12-16,3646,0,4000000,0,0,0,0
2025-12-16,3663,146000000,411000000,0,0,16808000,18841000
2025-12-16,3664,0,2000000,0,0,0,0
2025-12-16,3666,2000000,13000000,0,0,0,0
2025-12-16,3672,9000000,4000000,0,0,0,0
2025-12-16,3675,23000000,30000000,0,0,8000000,7985000
2025-12-16,3680,247000000,1316000000,0,0,83000000,253514000
2025-12-16,3684,8000000,6000000,0,0,0,0
2025-12-16,3685,11000000,0,0,0,0,0
2025-12-16,3687,47000000,23000000,0,0,0,3000000
2025-12-16,3689,174000000,520000000,0,0,3000000,35639000
2025-12-16,3691,280000000,381000000,0,0,25000000,18063000
2025-12-16,3693,100000000,113000000,0,15000000,1000000,17480000
2025-12-16,3707,465005000,770000000,0,0,7006000,22154000
2025-12-16,3709,785000000,574000000,0,0,9622000,113426000
2025-12-16,3710,101000000,106475000,0,0,0,0
2025-12-16,3713,5000000,18000000,0,0,0,0
2025-12-16,4102,0,8000000,0,0,0,0
2025-12-16,4105,175000000,276000000,0,2000000,105000000,0
2025-12-16,4107,25000000,2000000,0,0,0,4000
2025-12-16,4109,8000000,4000000,0,0,0,1000
2025-12-16,4111,3100000,40000000,0,0,0,0
2025-12-16,4113,38000000,15007000,0,0,0,0
2025-12-16,4114,156000000,255007000,0,0,1000000,6535000
2025-12-16,4116,0,1000000,0,0,0,0
2025-12-16,4120,21000000,5000000,0,0,0,0
2025-12-16,4121,7000000,20000000,0,0,0,0
2025-12-16,4123,409933000,230709000,0,0,4000000,30656000
2025-12-16,4126,1000000,12000000,0,0,97000,0
2025-12-16,4127,0,1000000,0,0,0,0
2025-12-16,4128,215005000,291000000,0,0,6000000,1000
2025-12-16,4129,53000000,19000000,0,0,0,10965000
2025-12-16,4130,113000000,46000000,0,0,0,0
2025-12-16,4131,1000000,8000000,0,0,0,0
2025-12-16,4138,18000000,0,0,0,0,0
2025-12-16,4139,2000000,2000000,0,0,0,0
2025-12-16,4147,29000000,262000000,0,0,3000000,3430000
2025-12-16,4153,0,1000000,0,0,0,0
2025-12-16,4157,5007003000,5791000000,0,0,225115000,18168000
2025-12-16,4160,2001000,7000000,0,0,0,0
2025-12-16,4161,0,1000000,0,0,0,0
2025-12-16,4162,114000000,62000000,0,0,0,3197000
2025-12-16,4163,3000000,1000000,0,0,0,0
2025-12-16,4166,20000000,0,0,0,0,0
2025-12-16,4167,46000000,221000000,0,0,5000000,6596000
2025-12-16,4168,159000000,310000000,0,0,1309000,932000
2025-12-16,4171,7000000,10000000,0,0,0,219000
2025-12-16,4173,5000000,17000000,0,0,0,0
2025-12-16,4174,128068000,228052000,0,0,1000000,583000
2025-12-16,4175,1000000,4000000,0,0,0,0
2025-12-16,4188,0,1000000,0,0,0,0
2025-12-16,4207,59000000,59000000,0,0,0,0
2025-12-16,4303,183100000,166000000,0,0,16000000,62607000
2025-12-16,4305,0,2000000,0,0,0,0
2025-12-16,4401,2000000,3000000,0,0,0,0
2025-12-16,4413,2000000,0,0,0,0,0
2025-12-16,4416,18000000,15000000,0,0,0,5052000
2025-12-16,4417,5000000,70000000,0,0,1000000,519000
2025-12-16,4420,8000000,1000000,0,0,0,0
2025-12-16,4433,16000000,1000000,0,0,636000,1000000
2025-12-16,4442,0,3000000,0,0,0,0
2025-12-16,4502,1000000,0,0,0,0,0
2025-12-16,4503,62000000,83000000,0,0,100000,1711000
2025-12-16,4506,41000000,43000000,0,0,0,0
2025-12-16,4510,285400000,145000000,0,0,1134000,2684000
2025-12-16,4513,36001000,21000000,0,0,2000000,2387000
2025-12-16,4523,28000000,72000000,0,0,0,4506000
2025-12-16,4527,1000000,4000000,0,0,0,0
2025-12-16,4528,0,2000000,0,0,0,0
2025-12-16,4530,0,1000000,0,0,18000,0
2025-12-16,4533,143000000,217000000,0,0,0,1001000
2025-12-16,4534,11000000,26000000,0,0,1000000,887000
2025-12-16,4538,0,1000000,0,0,0,0
2025-12-16,4541,98000000,242000000,0,0,4000000,12897000
2025-12-16,4542,35000000,0,0,0,134000000,1000000
2025-12-16,4543,34000000,28000000,0,0,0,0
2025-12-16,4549,20000000,58020000,0,30000000,2177000,6089000
2025-12-16,4554,0,1000000,0,0,0,0
2025-12-16,4556,1000000,0,0,0,0,0
2025-12-16,4558,0,11000000,0,0,0,0
2025-12-16,4561,17000000,32000000,0,0,10000,0
2025-12-16,4563,15000000,15000000,0,0,1000000,299000
2025-12-16,4568,2000000,0,0,0,0,0
2025-12-16,4577,415000000,1299000000,0,0,8000000,8651000
2025-12-16,4580,8000000,29000000,0,0,0,0
2025-12-16,4702,4000000,6000000,0,0,0,0
2025-12-16,4707,37000000,12000000,0,0,0,0
2025-12-16,4711,0,0,0,0,0,135000
2025-12-16,4714,159000000,289000000,0,0,0,59000
2025-12-16,4716,20000000,51000000,0,0,0,0
2025-12-16,4721,82000000,135000000,0,0,4000,20254000
2025-12-16,4726,11000000,34000000,0,0,2000000,1788000
2025-12-16,4728,3000000,0,0,0,0,0
2025-12-16,4729,112000000,85000000,0,0,0,0
2025-12-16,4735,1000000,2000000,0,0,0,0
2025-12-16,4741,2000000,3000000,0,0,356000,0
2025-12-16,4743,558012000,845088000,0,0,12000000,3399000
2025-12-16,4744,6000000,136000000,0,0,0,0
2025-12-16,4745,20000000,16000000,0,0,0,0
2025-12-16,4747,1000000,2000000,0,0,0,0
2025-12-16,4749,125005000,304000000,25000000,0,46130000,143258000
2025-12-16,4760,112000000,84000000,0,0,5000000,10346000
2025-12-16,4768,1945185000,1231000000,0,0,17878000,32191000
2025-12-16,4772,236125000,473000000,0,0,30135000,99161000
2025-12-16,4903,2027000000,1114000000,0,0,5000000,5526000
2025-12-16,4907,5000000,4000000,0,0,0,0
2025-12-16,4908,49000000,125000000,0,0,2000000,7098000
2025-12-16,4909,893000000,1184000000,0,0,54163000,30400000
2025-12-16,4911,1000000,2000000,0,0,0,0
2025-12-16,4923,0,1000000,0,0,0,0
2025-12-16,4931,80000000,140000000,0,66000000,26000000,23809000
2025-12-16,4933,25000000,42000000,0,0,0,1000000
2025-12-16,4939,1579000000,2068000000,0,0,0,0
2025-12-16,4946,0,12000000,0,0,0,0
2025-12-16,4950,2000000,1000000,0,0,0,0
2025-12-16,4951,5000000,37000000,0,0,0,41000
2025-12-16,4953,123000000,134000000,0,2003000,5132000,2541000
2025-12-16,4966,245595000,436519000,124000000,66000000,11000000,22044000
2025-12-16,4971,5297204000,5909000000,15000000,0,244112000,347881000
2025-12-16,4972,0,1000000,0,0,0,0
2025-12-16,4973,122000000,239000000,0,0,0,0
2025-12-16,4974,23000000,64000000,0,0,1169000,9693000
2025-12-16,4979,6073270000,3712997000,0,2438000000,285101000,509389000
2025-12-16,4987,0,3000000,0,0,0,0
2025-12-16,4991,744000000,166005000,0,0,193000000,345000000
2025-12-16,4995,0,2000000,0,0,0,0
2025-12-16,5009,312000000,1305000000,0,0,48000000,115156000
2025-12-16,5014,7000000,3000000,0,0,1000000,500000
2025-12-16,5015,0,2000000,0,0,0,0
2025-12-16,5016,0,6000000,0,0,0,0
2025-12-16,5201,74000000,167000000,0,0,0,0
2025-12-16,5202,31000000,63000000,0,0,0,0
2025-12-16,5206,4000000,4000000,0,0,0,0
2025-12-16,5209,7000000,1000000,0,0,0,0
2025-12-16,5210,6000000,9000000,0,0,1000000,47000
2025-12-16,5213,187014000,35000000,0,0,0,0
2025-12-16,5220,0,1000000,0,0,0,0
2025-12-16,5223,0,2000000,0,0,0,0
2025-12-16,5227,20000000,15001000,0,0,0,613000
2025-12-16,5228,1000000,0,0,0,0,0
2025-12-16,5230,1000000,47000000,0,0,0,6000
2025-12-16,5236,6000000,72004000,0,0,2000000,7142000
2025-12-16,5245,1000000,2000000,0,0,0,0
2025-12-16,5251,53000000,44000000,0,0,5000000,5152000
2025-12-16,5263,33000000,50000000,0,0,20000000,0
2025-12-16,5272,4000000,3000000,0,0,0,7000
2025-12-16,5274,372007000,500688000,108483000,24000000,17193000,13401000
2025-12-16,5278,65000000,135000000,0,0,2000000,1481000
2025-12-16,5287,19000000,16864000,0,0,0,0
2025-12-16,5289,641010000,948002000,1000000,6000000,54873000,110174000
2025-12-16,5291,4000000,1000000,0,0,0,0
2025-12-16,5299,1000000,6000000,0,0,0,0
2025-12-16,5301,0,5000000,0,0,0,0
2025-12-16,5302,8000000,8000000,0,0,0,0
2025-12-16,5309,8014130000,12176010000,0,5000000,299912000,677043000
2025-12-16,5312,7000000,5000000,0,0,0,0
2025-12-16,5314,1631315000,1213050000,0,0,60518000,59764000
2025-12-16,5315,390000000,149000000,0,0,0,0
2025-12-16,5321,2000000,15000000,0,0,0,0
2025-12-16,5328,659000000,747000000,0,0,3000000,2455000
2025-12-16,5340,1277000000,579000000,0,0,4000000,60519000
2025-12-16,5347,3363080000,3588000000,489430000,6165000,231170000,226918000
2025-12-16,5351,923000000,2145000000,0,0,17000000,17655000
2025-12-16,5353,0,1000000,0,0,0,0
2025-12-16,5355,0,32000000,0,0,0,0
2025-12-16,5356,0,9000000,0,0,0,0
2025-12-16,5364,2000000,12000000,0,0,0,0
2025-12-16,5371,875150000,1741730000,0,3457000,87050000,712182000
2025-12-16,5381,1188000000,2214000000,0,0,14188000,730000
2025-12-16,5386,94075000,233001000,0,0,0,0
2025-12-16,5392,516000000,300000000,0,0,7000,238097000
2025-12-16,5398,17000000,68000000,0,0,0,0
2025-12-16,5403,3000000,1000000,0,0,0,0
2025-12-16,5410,18000000,127000000,0,0,2000000,1447000
2025-12-16,5425,348000000,753084000,0,4127000,40000000,131488000
2025-12-16,5426,20000000,114000000,0,0,8000000,8163000
2025-12-16,5432,100000000,155000000,0,0,0,1000
2025-12-16,5438,58000000,40000000,0,0,0,1000
2025-12-16,5439,2386000000,3221000000,33000000,1000000,240728000,297600000
2025-12-16,5443,242000000,196000000,0,0,5146000,26357000
2025-12-16,5450,4000000,0,0,0,0,0
2025-12-16,5452,329000000,643000000,0,0,1000000,287000
2025-12-16,5455,0,2000000,0,0,0,0
2025-12-16,5457,97000000,66000000,0,7000000,9489000,6000000
2025-12-16,5460,5000000,1000000,0,0,0,0
2025-12-16,5464,1000000,0,0,0,1000000,0
2025-12-16,5465,41000000,112000000,0,0,50000,35000
2025-12-16,5468,9000000,48000000,0,0,0,0
2025-12-16,5474,9000000,47000000,0,0,4024000,6822000
2025-12-16,5475,229000000,108000000,0,0,0,0
2025-12-16,5478,18000000,79276000,0,0,1000000,990000
2025-12-16,5481,60000000,200000000,0,0,0,0
2025-12-16,5483,2393830000,1133000000,558000000,2190107000,73933000,75360000
2025-12-16,5488,1000000,0,0,0,3000000,3000000
2025-12-16,5489,7000000,3000000,0,0,1000,0
2025-12-16,5490,57000000,299000000,0,0,0,2073000
2025-12-16,5493,181000000,61000000,0,0,40000,0
2025-12-16,5498,19765086000,20726000000,0,0,1527633000,768970000
2025-12-16,5508,2000000000,603000000,0,2720000000,120233000,43578000
2025-12-16,5511,11000000,10000000,0,0,0,0
2025-12-16,5512,92000000,326000000,0,0,0,0
2025-12-16,5514,107000000,102000000,0,0,0,0
2025-12-16,5520,1000000,1000000,0,0,0,0
2025-12-16,5523,0,1000000,0,0,0,0
2025-12-16,5529,1000000,1000000,0,0,0,0
2025-12-16,5530,52000000,234000000,0,0,0,0
2025-12-16,5536,915000000,916350000,109000000,58000000,40830000,120775000
2025-12-16,5543,3000000,0,0,0,0,0
2025-12-16,5548,5000000,0,0,0,0,0
2025-12-16,5601,0,0,0,0,340000,0
2025-12-16,5603,4000000,1000000,0,0,0,5000
2025-12-16,5604,1000000,0,0,0,0,0
2025-12-16,5609,4000000,25000000,0,0,0,0
2025-12-16,5864,82882000,207000000,0,0,0,0
2025-12-16,5903,10000000,9000000,0,8000000,7000000,99000
2025-12-16,5904,161000000,160009000,0,1000000,200000,0
2025-12-16,5905,273000000,275000000,0,0,5000000,5029000
2025-12-16,6015,10000000,10000000,0,0,0,0
2025-12-16,6016,246000000,69000000,0,0,0,0
2025-12-16,6020,1000000,9000000,0,0,0,0
2025-12-16,6021,0,31000000,0,0,0,0
2025-12-16,6023,6000000,34000000,0,0,0,0
2025-12-16,6026,67000000,178000000,0,0,0,0
2025-12-16,6104,1695300000,1816000000,0,0,45266000,27526000
2025-12-16,6109,0,0,0,0,0,4000
2025-12-16,6111,47000000,108000000,0,0,134000,27310000
2025-12-16,6113,37000000,47000000,0,0,0,107000
2025-12-16,6114,5000000,6000000,0,0,0,0
2025-12-16,6118,38000000,110000000,0,0,5000000,5000000
2025-12-16,6121,223000000,487750000,232000000,7966000,29224000,13815000
2025-12-16,6122,68001000,63000000,0,0,0,2000
2025-12-16,6123,4000000,9000000,0,0,0,105000
2025-12-16,6124,0,1000000,0,0,0,0
2025-12-16,6125,468000000,619001000,0,0,9490000,36232000
2025-12-16,6126,224000000,639000000,0,0,0,236000
2025-12-16,6127,5222000000,5704000000,0,0,16471000,136231000
2025-12-16,6129,51000000,1000000,0,0,0,113000
2025-12-16,6130,85000000,77000000,0,0,0,0
2025-12-16,6134,117000000,308000000,0,0,1000000,2708000
2025-12-16,6138,196000000,140000000,0,13229000,789000,7115000
2025-12-16,6140,13000000,39000000,0,0,60000,0
2025-12-16,6143,114000000,192000000,0,0,10000000,18285000
2025-12-16,6146,108000000,142000000,0,0,0,1456000
2025-12-16,6147,881000000,1595000000,527000000,12770000,11391000,6446000
2025-12-16,6148,62000000,127000000,0,0,0,68000
2025-12-16,6150,45000000,107000000,0,0,1000000,5819000
2025-12-16,6151,3000000,56000000,0,0,0,0
2025-12-16,6154,3000000,0,0,0,0,0
2025-12-16,6156,86000000,81000000,0,0,0,0
2025-12-16,6158,0,1000000,0,0,0,0
2025-12-16,6160,79000000,14000000,0,0,0,9000
2025-12-16,6161,28000000,68000000,0,0,0,0
2025-12-16,6163,72000000,218000000,0,0,1000000,37000000
2025-12-16,6167,276000000,113000000,0,0,0,0
2025-12-16,6169,0,1000000,0,0,0,0
2025-12-16,6170,35000000,77000000,0,0,0,0
2025-12-16,6171,0,4000000,0,0,0,0
2025-12-16,6173,702005000,568000000,0,0,12000000,143673000
2025-12-16,6174,1000000,12000000,0,0,0,0
2025-12-16,6175,806000000,556000000,0,0,9000000,78582000
2025-12-16,6179,557000000,173000000,0,0,1000000,93382000
2025-12-16,6180,152000000,212000000,0,876000,3000000,2169000
2025-12-16,6182,928003000,1859486000,0,0,184408000,268559000
2025-12-16,6185,119000000,146000000,0,0,0,15000000
2025-12-16,6186,58000000,115001000,0,0,1000000,557000
2025-12-16,6187,531000000,575011000,1000000,0,12889000,26488000
2025-12-16,6188,604000000,484000000,87000000,0,8036000,44341000
2025-12-16,6190,2623000000,1815150000,0,0,195544000,120992000
2025-12-16,6194,27000000,33000000,0,0,14000,0
2025-12-16,6195,1000000,10000000,0,0,0,0
2025-12-16,6199,29000000,13000000,0,0,315000,1000000
2025-12-16,006201,0,14000000,30000000,0,22490000,77398000
2025-12-16,6203,36000000,140000000,0,0,14000000,3510000
2025-12-16,6204,115000000,62000000,0,0,34000,0
2025-12-16,6207,76000000,67000000,0,0,4000000,4523000
2025-12-16,6208,1000000,9000000,0,0,0,21000
2025-12-16,6212,0,2000000,0,0,0,0
2025-12-16,6217,541000000,610000000,0,0,1178000,10699000
2025-12-16,6218,62000000,69000000,0,0,3000,0
2025-12-16,6219,3000000,2000000,0,0,1000000,855000
2025-12-16,6220,54000000,142000000,0,0,1000000,0
2025-12-16,6221,120513000,77000000,0,0,0,0
2025-12-16,6222,2000000,2000000,0,0,0,0
2025-12-16,6223,469006000,590871000,85000000,62000000,56420000,82234000
2025-12-16,6227,19000000,78000000,0,0,2003000,7111000
2025-12-16,6229,0,7000000,0,0,0,7000
2025-12-16,6231,144000000,261000000,0,0,31696000,18784000
2025-12-16,6233,27000000,23000000,0,0,0,0
2025-12-16,6234,305000000,1046000000,0,0,11000000,3676000
2025-12-16,6237,78000000,49000000,0,0,1000,1399000
2025-12-16,6240,0,0,0,0,1000000,0
2025-12-16,6241,2000000,0,0,0,0,0
2025-12-16,6242,0,1000000,0,0,0,0
2025-12-16,6244,1285000000,1318420000,0,0,71984000,43000000
2025-12-16,6245,59000000,240000000,0,2540000,7000000,14607000
2025-12-16,6246,0,8000000,0,0,0,0
2025-12-16,6248,8000000,4000000,0,0,0,20000
2025-12-16,6259,4000000,15000000,0,0,0,0
2025-12-16,6261,147000000,92000000,0,0,26000000,0
2025-12-16,6263,0,13000000,0,0,0,0
2025-12-16,6264,5000000,0,0,0,0,0
2025-12-16,6265,847000000,2231000000,0,0,0,0
2025-12-16,6266,49000000,18002000,0,0,3000000,3446000
2025-12-16,6270,15000000,15000000,0,0,0,0
2025-12-16,6274,2727640000,5712600000,335000000,6000000,488598000,1572952000
2025-12-16,6275,202000000,119000000,0,0,0,0
2025-12-16,6276,1000000,3000000,0,0,0,0
2025-12-16,6279,55550000,158002000,0,0,2000000,3442000
2025-12-16,6284,230000000,122000000,0,0,6000000,24471000
2025-12-16,6290,1841087000,3290050000,1700000,0,45000000,182277000
2025-12-16,6291,718000000,675000000,0,0,59805000,3555000
2025-12-16,6292,7000000,1000000,0,0,0,0
2025-12-16,6294,2000000,1000000,0,0,0,0
2025-12-16,6411,62000000,100000000,0,0,4000000,5404000
2025-12-16,6417,0,6000000,0,0,0,0
2025-12-16,6418,341000000,104000000,0,0,5000000,5000000
2025-12-16,6419,114000000,46000000,0,0,0,114000
2025-12-16,6425,194000000,192000000,0,0,0,0
2025-12-16,6432,125000000,125000000,0,0,0,0
2025-12-16,6435,104000000,111000000,0,0,1000000,4741000
2025-12-16,6461,17000000,4000000,0,0,0,107000
2025-12-16,6462,193000000,206000000,0,0,17703000,20220000
2025-12-16,6465,171000000,27000000,0,0,22075000,23000000
2025-12-16,6469,73011000,206000000,0,0,5000000,8221000
2025-12-16,6470,6000000,25000000,0,0,0,120000
2025-12-16,6474,0,0,0,0,0,882000
2025-12-16,6485,125030000,112018000,0,0,3000000,3119000
2025-12-16,6486,18000000,34000000,0,0,0,0
2025-12-16,6488,920000000,847000000,6955000,425000000,121450000,119868000
2025-12-16,6492,60000000,54000000,0,0,1000000,718000
2025-12-16,6494,2000000,8000000,0,0,0,0
2025-12-16,6496,0,1000000,0,0,0,0
2025-12-16,6498,24000000,11000000,0,0,175000,0
2025-12-16,6499,46000000,217000000,0,0,4000000,3799000
2025-12-16,6508,4000000,1000000,0,0,0,0
2025-12-16,6509,108000000,248000000,0,11000000,0,0
2025-12-16,6510,406000000,644900000,0,0,28554000,89069000
2025-12-16,6516,1000000,6000000,0,0,0,0
2025-12-16,6517,46000000,58000000,0,0,1000000,540000
2025-12-16,6523,21000000,11000000,0,0,563000,1000000
2025-12-16,6530,352000000,184000000,0,0,1000000,2017000
2025-12-16,6532,13000000,18000000,0,0,0,0
2025-12-16,6535,67000000,48001000,0,0,1000000,991000
2025-12-16,6538,79000000,211000000,0,155000,1000000,3062000
2025-12-16,6542,0,1000000,0,0,0,0
2025-12-16,6546,56000000,71000000,0,0,1008000,1027000
2025-12-16,6547,211000000,233000000,0,0,26305000,61828000
2025-12-16,6548,947000000,592000000,1000000,4000000,15000000,32991000
2025-12-16,6556,1000000,0,0,0,0,0
2025-12-16,6560,22000000,47000000,0,0,0,301000
2025-12-16,6561,15000000,109000000,0,0,0,0
2025-12-16,6568,164000000,197000000,0,0,9884000,1452000
2025-12-16,6569,6000000,3000000,0,0,0,0
2025-12-16,6570,4000000,2000000,0,0,0,0
2025-12-16,6576,9000000,12000000,0,0,0,0
2025-12-16,6577,290000,14000000,0,0,0,0
2025-12-16,6578,13000000,25000000,0,0,0,0
2025-12-16,6584,702000000,411000000,0,0,13465000,46516000
2025-12-16,6588,1192000000,1059000000,0,0,0,7343000
2025-12-16,6593,3000000,0,0,0,0,1000
2025-12-16,6596,28000000,138000000,0,0,20000000,13313000
2025-12-16,6603,1241000000,1674000000,0,0,1000000,571000
2025-12-16,6609,98000000,17000000,0,0,0,8000000
2025-12-16,6612,2000000,3000000,0,0,0,0
2025-12-16,6613,43000000,36000000,0,2196000,2569000,1172000
2025-12-16,6615,0,1000000,0,0,0,0
2025-12-16,6616,0,1000000,0,0,0,0
2025-12-16,6617,30000000,88000000,0,0,0,50000
2025-12-16,6624,1000000,0,0,0,23000000,9000000
2025-12-16,6629,6000000,0,0,0,0,31000
2025-12-16,6637,1000000,0,0,0,0,0
2025-12-16,6640,67000000,22000000,0,0,2828000,8897000
2025-12-16,6642,27000000,24000000,0,0,0,0
2025-12-16,6643,75150000,242000000,0,0,17105000,23828000
2025-12-16,6649,36000000,6000000,0,0,2000,19000
2025-12-16,6651,20015000,5000000,0,0,13000,0
2025-12-16,6654,0,1000000,0,0,0,0
2025-12-16,6664,273000000,418500000,0,0,92956000,14235000
2025-12-16,6667,538000000,317000000,0,0,20372000,53295000
2025-12-16,6679,45000000,64000000,0,0,3227000,7818000
2025-12-16,6680,2000000,3000000,0,0,0,312000
2025-12-16,6683,135000000,265000000,2000000,0,17589000,27672000
2025-12-16,6684,18000000,53000000,0,0,0,0
2025-12-16,6690,9000000,2006000,0,0,0,0
2025-12-16,6692,2000000,0,0,0,5004000,5000000
2025-12-16,6693,16000000,38000000,0,0,0,0
2025-12-16,6697,1000000,3000000,0,0,0,0
2025-12-16,6703,2001000,0,0,0,0,45000
2025-12-16,6708,3000000,0,0,0,0,0
2025-12-16,6712,30000000,24005000,0,0,0,4273000
2025-12-16,6716,9000000,3000000,0,0,0,0
2025-12-16,6720,3000000,1000000,0,0,0,0
2025-12-16,6727,298000000,120000000,0,0,12000000,30000000
2025-12-16,6728,1000000,4000000,0,0,0,0
2025-12-16,6732,34000000,15000000,0,0,724000,2555000
2025-12-16,6733,20000000,62000000,0,0,0,0
2025-12-16,6735,14000000,29001000,0,0,9895000,10431000
2025-12-16,6739,83000000,142000000,0,0,5879000,10639000
2025-12-16,6741,35010000,102000000,0,0,3000000,3000000
2025-12-16,6751,8000000,2000000,0,0,0,0
2025-12-16,6752,8000000,24000000,0,0,1029000,985000
2025-12-16,6761,24000000,55000000,0,0,5000,1721000
2025-12-16,6762,0,1000000,0,0,0,0
2025-12-16,6763,39000000,150000000,0,0,0,40738000
2025-12-16,6767,0,1000000,0,0,0,0
2025-12-16,6785,24000000,17000000,0,0,1354000,1094000
2025-12-16,6788,2624121000,746000000,105000000,0,206443000,123555000
2025-12-16,6791,0,3000000,0,0,0,5000
2025-12-16,6803,7000000,13000000,0,0,0,0
2025-12-16,6804,0,0,0,0,0,1000000
2025-12-16,6811,14000000,53000000,0,0,7000000,2870000
2025-12-16,6821,0,9000000,0,0,0,0
2025-12-16,6823,57000000,225000000,0,0,0,404000
2025-12-16,6829,10000000,37000000,0,0,1000000,8132000
2025-12-16,6840,5000000,2000000,0,0,0,0
2025-12-16,6841,110000000,111000000,0,0,2104000,1000000
2025-12-16,6843,0,1000000,0,0,0,0
2025-12-16,6859,49000000,17001000,0,0,423000,0
2025-12-16,6865,0,0,0,0,0,2000000
2025-12-16,6870,25000000,5000000,0,0,0,3000000
2025-12-16,6875,13000000,27000000,0,0,0,0
2025-12-16,6877,25000000,88004000,0,0,1054000,2000000
2025-12-16,6894,0,2000000,0,0,2000000,2000000
2025-12-16,6895,24000000,23000000,0,0,1000000,1576000
2025-12-16,6903,705000000,951000000,0,0,19253000,2997000
2025-12-16,6910,12000000,0,0,0,0,0
2025-12-16,6913,63000000,33000000,0,0,1000,20952000
2025-12-16,6922,14000000,95000000,0,0,154000,6211000
2025-12-16,6925,21000000,32000000,0,0,0,51000
2025-12-16,6953,1000000,0,0,0,0,0
2025-12-16,6967,85000000,125000000,0,0,0,86000
2025-12-16,6968,6000000,2000000,0,0,0,0
2025-12-16,6971,0,2000000,0,0,0,1000000
2025-12-16,6982,1000000,17000000,0,0,19000,0
2025-12-16,6996,4000000,24000000,0,0,0,0
2025-12-16,7402,5000000,2000000,0,0,0,34000000
2025-12-16,7547,0,1000000,0,0,0,0
2025-12-16,7556,2774000,7000000,0,0,0,1000000
2025-12-16,7584,0,1000000,0,0,0,0
2025-12-16,7642,4000000,12000000,0,0,1000000,478000
2025-12-16,7703,54000000,40000000,0,0,0,5623000
2025-12-16,7704,3000000,1000000,0,0,0,0
2025-12-16,7712,54000000,93000000,0,0,0,8000000
2025-12-16,7713,0,1000000,0,0,0,0
2025-12-16,7714,10000000,148000000,0,0,0,0
2025-12-16,7715,7000000,4000000,0,0,0,0
2025-12-16,7717,79021000,56000000,0,0,6215000,27911000
2025-12-16,7723,21000000,18000000,0,0,0,0
2025-12-16,7728,2000000,1000000,0,0,32000000,5000000
2025-12-16,7734,4000000,5003000,0,0,927000,295000
2025-12-16,7738,0,12000000,0,0,0,0
2025-12-16,7744,5000000,13000000,0,0,0,0
2025-12-16,7751,5000000,2000000,0,0,16000000,0
2025-12-16,7753,0,0,0,0,0,1000000
2025-12-16,7757,5000000,2000000,0,0,0,0
2025-12-16,7767,8000000,1000000,0,0,0,0
2025-12-16,7770,0,1000000,0,0,0,0
2025-12-16,7782,4000000,0,0,0,0,0
2025-12-16,8024,1000000,0,0,0,0,0
2025-12-16,8027,1792000000,1785000000,0,0,83009000,82367000
2025-12-16,8032,12000000,30000000,0,0,1000000,83000
2025-12-16,8034,305000000,439000000,0,0,0,0
2025-12-16,8038,35000000,87000000,0,0,0,98000
2025-12-16,8040,59000000,46000000,0,0,4000000,3530000
2025-12-16,8042,1102000000,1116000000,0,0,5831000,59973000
2025-12-16,8043,3786000000,4235887000,0,0,22117000,60623000
2025-12-16,8044,64000000,100000000,0,0,5000000,5000000
2025-12-16,8047,34000000,13000000,0,0,0,10085000
2025-12-16,8048,208000000,78140000,0,0,1000000,1215000
2025-12-16,8049,0,8000000,0,0,1000000,1040000
2025-12-16,8050,33000000,131000000,0,3304000,21000000,4125000
2025-12-16,8054,679000000,895000000,0,0,35543000,133240000
2025-12-16,8059,60000000,37000000,0,0,0,123000
2025-12-16,8064,327000000,370000000,0,0,20661000,55438000
2025-12-16,8066,0,9000000,0,0,0,0
2025-12-16,8067,0,0,0,0,8000,0
2025-12-16,8068,74000000,37000000,0,0,1000000,384000
2025-12-16,8069,1475865000,2913000000,4342000,3000000,292747000,159217000
2025-12-16,8071,92000000,37000000,0,0,0,0
2025-12-16,8074,4486000000,4072000000,0,0,23182000,9412000
2025-12-16,8076,68000000,76000000,0,0,0,11000
2025-12-16,8080,0,0,0,0,1000,0
2025-12-16,8083,0,1000000,0,0,0,0
2025-12-16,8084,40000000,183000000,0,0,1000000,125010000
2025-12-16,8085,53000000,370000000,0,0,2000000,1545000
2025-12-16,8086,1334015000,1210000000,0,0,64024000,248948000
2025-12-16,8087,2000000,2000000,0,0,0,0
2025-12-16,8088,424000000,740000000,0,0,7000000,7576000
2025-12-16,8089,280250000,470000000,0,0,5812000,10001000
2025-12-16,8091,29000000,37004000,0,1915000,40000,1004000
2025-12-16,8092,0,2000000,0,0,0,0
2025-12-16,8096,927999000,519000000,0,0,22793000,598460000
2025-12-16,8097,103000000,39000000,0,0,2000000,32541000
2025-12-16,8099,31000000,8000000,0,0,2000,0
2025-12-16,8107,1000000,1000000,0,0,0,213000
2025-12-16,8109,32000000,37000000,0,0,3000,1020000
2025-12-16,8111,112000000,60000000,0,0,44000000,10000000
2025-12-16,8121,36000000,95000000,0,0,101000,1337000
2025-12-16,8147,31000000,39000000,0,0,6630000,3134000
2025-12-16,8155,454078000,254000000,10000000,0,16000000,83158000
2025-12-16,8171,28000000,41000000,0,0,0,0
2025-12-16,8176,4000000,56000000,0,0,62000,2000
2025-12-16,8182,0,6000000,0,0,0,0
2025-12-16,8183,38000000,155000000,0,0,1000000,217000
2025-12-16,8227,83000000,128000000,0,0,3001000,7661000
2025-12-16,8234,179000000,203000000,0,0,2000000,11000000
2025-12-16,8240,20000000,40000000,0,0,0,173000
2025-12-16,8255,33000000,121020000,0,0,3410000,3348000
2025-12-16,8277,37000000,70000000,0,0,0,609000
2025-12-16,8279,0,6000000,0,0,0,0
2025-12-16,8284,4000000,2000000,0,0,0,0
2025-12-16,8289,17000000,43000000,0,0,0,0
2025-12-16,8299,2995026000,3091527000,71000000,2002000000,289575000,466198000
2025-12-16,8349,24001000,3000000,0,0,0,0
2025-12-16,8358,3894501000,7457091000,48000000,180000000,375612000,1736189000
2025-12-16,8383,43000000,137000000,0,0,0,0
2025-12-16,8390,459000000,808000000,0,0,14909000,23389000
2025-12-16,8401,0,4000000,0,0,0,0
2025-12-16,8403,3000,12000000,0,0,0,0
2025-12-16,8409,0,0,0,0,0,2000
2025-12-16,8410,1000000,3000000,0,0,0,0
2025-12-16,8415,60000000,222000000,0,0,0,5000000
2025-12-16,8421,0,1000000,0,0,0,0
2025-12-16,8423,0,1000000,0,0,0,0
2025-12-16,8424,0,1000000,0,0,0,0
2025-12-16,8426,0,2000000,0,0,0,0
2025-12-16,8431,1536000000,1363000000,0,0,7000000,13617000
2025-12-16,8432,2000000,1000000,0,0,0,0
2025-12-16,8433,0,2000000,0,0,0,0
2025-12-16,8435,3000000,0,0,0,21000,0
2025-12-16,8436,140000000,129000000,0,2284000,0,533000
2025-12-16,8437,3000000,1000000,0,0,0,0
2025-12-16,8440,1000000,36000000,0,0,0,0
2025-12-16,8444,46000000,58000000,0,0,0,0
2025-12-16,8446,20000000,2000000,0,0,1000000,93000
2025-12-16,8450,0,1000000,0,0,0,0
2025-12-16,8472,4000000,1000000,0,0,0,0
2025-12-16,8489,0,5000000,0,0,0,0
2025-12-16,8905,0,8000000,0,0,0,0
2025-12-16,8906,0,3000000,0,0,4000,0
2025-12-16,8908,3000000,1000000,0,0,0,0
2025-12-16,8916,17000000,4000000,0,0,0,11000000
2025-12-16,8917,0,2000000,0,0,0,0
2025-12-16,8924,5000000,21000000,0,0,1000000,1000000
2025-12-16,8927,42734000,86000000,0,0,2000000,1000000
2025-12-16,8929,0,1000000,0,0,0,0
2025-12-16,8930,3000000,12000000,0,0,0,0
2025-12-16,8931,5000000,1000000,0,0,0,0
2025-12-16,8932,325001000,208000000,0,0,14597000,49155000
2025-12-16,8933,6000000,48000000,0,0,0,648000
2025-12-16,8935,329000000,226000000,0,0,5000000,5963000
2025-12-16,8936,287000000,863000000,0,0,33000000,5779000
2025-12-16,8937,9000000,58000000,0,0,30000000,19000000
2025-12-16,8938,17000000,39000000,0,0,0,0
2025-12-16,8942,37000000,29000000,0,0,0,0
2025-12-16,009806,0,0,0,0,25000000,11106000
2025-12-16,009807,0,0,0,0,35000000,56276000
2025-12-16,9949,10000000,14000000,0,0,0,0
2025-12-16,9951,0,62000000,0,0,0,0
2025-12-16,9962,0,1000000,0,0,0,0
2025-12-16,020025,0,0,0,0,50000000,100000000
2025-12-16,020027,0,0,0,0,1000000,3000000
2025-12-16,020033,0,0,0,0,17000000,28000000
2025-12-16,020035,0,0,0,0,10000000,0
2025-12-16,020040,0,0,0,0,0,50000000
2025-12-16,2887,85616634000,139036408000,147867000000,11836000000,3182601000,7269570000
2025-12-16,00632R,394000000,40011000000,0,0,78434628000,4688510000
2025-12-16,2303,67373157000,23447258000,3782531000,27329113000,3833537000,1383793000
2025-12-16,00712,18570000000,408000000,0,0,4248999000,2070979000
2025-12-16,2867,17863002000,4219450000,0,0,712000000,32000000
2025-12-16,2883,27054905000,16680123000,1792000000,852000000,2949565000,1364786000
2025-12-16,00680L,0,45000000,0,0,12525000000,12389000
2025-12-16,00953B,5260000000,275000000,0,0,8537187000,1680000000
2025-12-16,00664R,0,0,0,0,12357400000,961000000
2025-12-16,2892,41494515000,13169913000,0,18517000000,760484000,660000000
2025-12-16,2884,32247711000,35137027000,11995000000,98000000,630372000,987497000
2025-12-16,2880,13510610000,14424669000,5855000000,373000000,2536625000,396000000
2025-12-16,5521,23121000000,16373000000,0,0,93564000,419404000
2025-12-16,8422,9022120000,15212200000,11236000000,9000000,1204400000,498195000
2025-12-16,00673R,0,0,0,0,5311793000,21000000
2025-12-16,00713,132198000,147000000,0,0,5244238000,535582000
2025-12-16,3711,16829976000,12183667000,249342000,767000000,719934000,481372000
2025-12-16,00671R,0,0,0,0,9720000000,5516247000
2025-12-16,3037,11237852000,6340293000,154000000,775421000,242793000,752486000
2025-12-16,2890,15296832000,12071329000,1687000000,2433000000,1979393000,764659000
2025-12-16,2312,7068740000,6607000000,1143000000,0,2562751000,716542000
2025-12-16,00688L,142000000,0,0,0,3612490000,316196000
2025-12-16,8110,1053100000,761425000,0,0,3200000000,70000000
2025-12-16,5871,6210355000,4237064000,1104000000,113929000,171103000,75676000
2025-12-16,2349,8987433000,5906000000,0,0,18035000,60830000
2025-12-16,8039,8501400000,5035780000,0,0,195522000,673416000
2025-12-16,9105,4107000000,1112000000,0,0,0,47000000
2025-12-16,00945B,1210000000,0,0,0,3536412000,1801206000
2025-12-16,1504,10488245000,5826450000,0,1801228000,474187000,405432000
2025-12-16,5880,10338356000,7732902000,0,6000000,762196000,469000000
2025-12-16,00985B,2559000000,1000000,0,0,2700627000,2467000000
2025-12-16,2323,7862000000,5083000000,0,0,138000000,234000000
2025-12-16,00861,381304000,3000000,0,0,2479000000,181666000
2025-12-16,2485,25182680000,22807000000,0,0,776858000,498940000
2025-12-16,9904,6454844000,4682000000,431000000,12816000,603405000,379000000
2025-12-16,2377,4780734000,4115043000,1237534000,11000000,464605000,168170000
2025-12-16,00686R,0,10000000,0,0,2464000000,535000000
2025-12-16,1303,18081885000,13919272000,43000000,347465000,738246000,2703667000
2025-12-16,2324,14732910000,6864000000,215000000,7085039000,1138324000,296491000
2025-12-16,8150,5868100000,3170250000,0,6778000,75295000,1034907000
2025-12-16,00960,70000000,19000000,0,0,1891000000,270000000
2025-12-16,2402,4231943000,2456000000,0,0,211151000,400084000
2025-12-16,2609,6902133000,5305160000,8300000,200000000,333000000,179192000
2025-12-16,5522,3410000000,2118500000,163000000,0,137482000,38300000
2025-12-16,00941,168000000,17000000,0,0,1503263000,183008000
2025-12-16,2504,4475000000,2194000000,0,969131000,134982000,55283000
2025-12-16,00939,3000000,657100000,0,0,3645998000,1629966000
2025-12-16,00648R,0,15000000,0,0,1447000000,93000000
2025-12-16,00965,114000000,260000000,0,150000000,2531892000,903993000
2025-12-16,00676R,0,0,0,0,2017950000,691520000
2025-12-16,2603,4138694000,3114135000,3600000,107256000,539402000,220273000
2025-12-16,00915,21200000,292000000,0,0,2621453000,1212392000
2025-12-16,2889,2370000000,1243373000,0,9000000,139000000,156000000
2025-12-16,2388,2765448000,1746030000,0,0,187522000,126839000
2025-12-16,00961,21000000,318000000,0,0,1478694000,106598000
2025-12-16,2812,4655060000,3784316000,0,0,317000000,261000000
2025-12-16,00738U,133000000,132000000,0,0,3755358000,2872178000
2025-12-16,5876,5997890000,5949407000,0,18000000,1006000000,191000000
2025-12-16,8131,2166762000,1352000000,0,0,24000000,24568000
2025-12-16,3665,2191230000,1273471000,180000000,267000000,60915000,155922000
2025-12-16,00924,458320000,4000000,0,0,2383999000,2134665000
2025-12-16,2542,3796008000,1511492000,0,1624000000,101000000,101572000
2025-12-16,00651R,26000000,0,0,0,949159000,316799000
2025-12-16,2851,961000000,232000000,0,0,46000000,126000000
2025-12-16,6706,3033000000,2118765000,0,0,56646000,330927000
2025-12-16,3060,5946000000,5329000000,0,0,6000000,9777000
2025-12-16,2845,2134945000,1511240000,0,12000000,201000000,201000000
2025-12-16,1216,6961200000,11947094000,4805000000,37760000,993989000,201461000
2025-12-16,00638R,0,0,0,0,929000000,379000000
2025-12-16,00910,4530000,460072000,0,0,1177566000,191874000
2025-12-16,6919,2045973000,1567272000,0,0,81511000,49000000
2025-12-16,3010,884200000,834000000,439000000,8454000,28012000,17000000
2025-12-16,1711,799000000,317000000,0,0,11001000,6293000
2025-12-16,6139,3788100000,3151185000,102380000,21000000,163214000,399614000
2025-12-16,00982D,3635000000,55000000,0,0,1984090000,5107000000
2025-12-16,3033,586000000,124000000,0,8081000,31506000,33905000
2025-12-16,8112,3761100000,2968250000,0,14013000,230649000,558179000
2025-12-16,4977,2448954000,1286200000,0,480000000,10000000,252017000
2025-12-16,00983D,23000000,13000000,0,0,1397002000,984373000
2025-12-16,2486,2310000000,1613013000,0,0,80996000,356002000
2025-12-16,4764,1181000000,775000000,0,0,20000000,14147000
2025-12-16,1587,903952000,501788000,0,0,1000000,1000000
2025-12-16,00641R,0,0,0,0,990699000,590000000
2025-12-16,3376,1447787000,872894000,0,0,63763000,252847000
2025-12-16,00634R,0,21000000,0,0,409000000,14000000
2025-12-16,00963,174000000,0,0,0,255796000,57225000
2025-12-16,2368,3136887000,2660298000,342930000,0,251483000,706665000
2025-12-16,2495,1637000000,1264000000,0,0,9000000,19212000
2025-12-16,6541,544000000,220762000,0,0,52000000,13000000
2025-12-16,6550,561000000,199459000,0,0,25872000,28000000
2025-12-16,9907,1736000000,2981000000,1595000000,7780000,62000000,51028000
2025-12-16,7769,709038000,418866000,83639000,0,19000000,41000000
2025-12-16,6830,598059000,315641000,0,0,73338000,6712000
2025-12-16,00666R,9000000,0,0,0,326008000,5000000
2025-12-16,3450,3050055000,2555329000,0,0,108514000,279292000
2025-12-16,2836,608000000,297362000,0,0,83000000,86001000
2025-12-16,2881,22536459000,8598600000,380000000,14647081000,1526382000,890637000
2025-12-16,00643,62000000,205000000,0,0,2957345000,2514824000
2025-12-16,3025,604000000,310000000,0,0,3487000,0
2025-12-16,1560,2385000000,1893000000,43000000,3000000,88457000,324431000
2025-12-16,00693U,45000000,27000000,0,0,512000000,236908000
2025-12-16,6890,673000000,273787000,0,84000000,22000000,46433000
2025-12-16,00897,390000000,1000000,0,0,143000000,244790000
2025-12-16,2374,1130069000,729955000,0,0,32000000,145758000
2025-12-16,1611,672000000,385000000,0,0,7033000,16092000
2025-12-16,2478,524273000,226000000,0,0,4000000,24734000
2025-12-16,00936,0,27000000,0,0,2304052000,1999526000
2025-12-16,6426,2214000000,1930000000,0,0,1000000,11697000
2025-12-16,2493,533490000,226756000,0,0,13348000,47667000
2025-12-16,6415,2066104000,2032023000,198000000,0,94461000,57371000
2025-12-16,00653L,0,5000000,0,0,265730000,1060000
2025-12-16,00717,11000000,2000000,0,0,249000000,0
2025-12-16,3708,357876000,120000000,0,3000000,22700000,5043000
2025-12-16,2399,602000000,358000000,0,0,6000000,619000
2025-12-16,2103,930000000,793000000,0,0,128000000,23013000
2025-12-16,5515,459000000,235600000,0,0,29000000,18264000
2025-12-16,00895,11300000,9000000,0,0,666000000,439673000
2025-12-16,6944,720000000,588000000,115000000,0,76285000,100383000
2025-12-16,1215,636080000,2469000000,2125000000,101000000,34233000,22335000
2025-12-16,00865B,5000000,173000000,0,0,752436000,384065000
2025-12-16,2520,7272600000,1819702000,0,5420000000,226914000,62001000
2025-12-16,6196,2150000000,943950000,50000000,1026000000,51179000,84799000
2025-12-16,00708L,92012000,55000000,0,0,1400825000,1244190000
2025-12-16,1712,246000000,123000000,0,0,77276000,13000000
2025-12-16,6166,364390000,191000000,0,0,21199000,8593000
2025-12-16,6831,191000000,123000000,141000000,0,0,30000000
2025-12-16,3048,632000000,452000000,0,0,14000000,16607000
2025-12-16,2404,1581060000,1668150000,561640000,300378000,224619000,224785000
2025-12-16,8103,1005200000,874803000,0,0,50000000,11623000
2025-12-16,1702,203429000,68000000,0,3576000,44000000,9000000
2025-12-16,2301,6393007000,8199623000,1696130000,17000000,530898000,240027000
2025-12-16,8011,365000000,228000000,0,0,24000000,3000000
2025-12-16,3031,229000000,72000000,0,0,5000000,5000000
2025-12-16,4564,251003000,95660000,0,0,4000000,7000000
2025-12-16,3047,501000000,376000000,0,0,28003000,5000000
2025-12-16,5534,250000000,95200000,0,0,12000000,19297000
2025-12-16,6451,455000000,220100000,0,0,3000000,92193000
2025-12-16,2727,287880000,145718000,0,4171000,11305000,4400000
2025-12-16,00986A,0,333000000,0,0,669000000,191369000
2025-12-16,4960,283000000,157000000,0,0,17000000,0
2025-12-16,3673,758000000,395300000,0,0,49160000,271999000
2025-12-16,1808,1023009000,877660000,0,0,32000000,39000000
2025-12-16,00669R,0,0,0,0,678312000,543000000
2025-12-16,2413,7354000000,7220000000,0,0,1000000,120000
2025-12-16,00731,2000000,0,0,0,930975000,805137000
2025-12-16,2427,229000000,115409000,0,0,5000000,0
2025-12-16,02001R,0,0,0,0,114000000,0
2025-12-16,2637,3583000000,3471000000,5600000,8242000,234034000,232289000
2025-12-16,2428,246297000,134000000,17000000,0,11217000,31945000
2025-12-16,6994,175000000,87000000,0,0,20205000,1000
2025-12-16,2464,275011000,158067000,0,0,6000000,15573000
2025-12-16,6446,820428000,721298000,19000000,0,20003000,30789000
2025-12-16,2832,178000000,112500000,0,0,44000000,4000000
2025-12-16,3607,341200000,227000000,0,0,0,9000000
2025-12-16,2468,246000000,143000000,0,0,4000000,3479000
2025-12-16,3550,114000000,15731000,0,0,2000000,3698000
2025-12-16,00701,25000000,31000000,0,0,934501000,832058000
2025-12-16,3622,224000000,129000000,0,0,6000000,10000000
2025-12-16,3135,839000000,748000000,0,0,1000000,1000000
2025-12-16,1409,1189000000,1102000000,0,0,55116000,54253000
2025-12-16,2022,133000000,49000000,0,0,3000000,0
2025-12-16,2497,135000000,49000000,0,0,0,0
2025-12-16,9941,844005000,1010550000,211000000,0,58000000,19000000
2025-12-16,6189,246231000,170995000,0,3270000,15000000,4000000
2025-12-16,3583,220418000,136000000,0,0,4327000,7097000
2025-12-16,2540,378406000,277733000,0,0,36000000,56000000
2025-12-16,00639,4000000,23000000,0,0,287643000,188163000
2025-12-16,6168,156000000,79000000,0,0,3000000,4000000
2025-12-16,3338,154000000,81000000,0,0,4000000,2077000
2025-12-16,3653,584497000,729017000,72392000,27000000,220754000,50232000
2025-12-16,4557,92000000,24143000,0,0,2000000,1000000
2025-12-16,00714,78000000,0,0,0,30862000,40730000
2025-12-16,2548,203001000,132120000,0,0,15000000,21011000
2025-12-16,1806,394000000,255000000,0,56220000,7000000,25000000
2025-12-16,2465,212000000,146268000,0,0,0,1376000
2025-12-16,2104,762000000,713000000,0,0,48000000,32831000
2025-12-16,6152,563000000,505000000,0,0,9204000,6000000
2025-12-16,1104,396000000,376901000,0,0,58000000,16000000
2025-12-16,3321,108000000,48859000,0,0,1000000,0
2025-12-16,6657,123000000,64133000,0,0,1000000,0
2025-12-16,1449,189000000,133648000,0,0,4000000,1000000
2025-12-16,4961,283000000,238000000,14000000,932000,6589000,7164000
2025-12-16,6805,497355000,438361000,45000000,8000000,38207000,76843000
2025-12-16,9902,199000000,144000000,0,0,5000000,3000000
2025-12-16,2015,284000000,310000000,79000000,0,20000000,16243000
2025-12-16,2444,69000000,12000000,0,0,1002000,2000000
2025-12-16,009810,0,8000000,0,0,138000000,74874000
2025-12-16,9908,128000000,72000000,0,0,19000000,23000000
2025-12-16,1340,86000000,37000000,0,0,2000000,0
2025-12-16,1316,420000000,377040000,0,0,7000000,0
2025-12-16,3055,347000000,299000000,0,0,1318000,892000
2025-12-16,8454,427802000,374377000,0,0,10000000,15289000
2025-12-16,00636,12000000,23000000,0,0,617000000,558961000
2025-12-16,2905,381000000,341000000,0,0,34000000,28000000
2025-12-16,8028,1131100000,1002220000,0,20000000,47690000,111064000
2025-12-16,0055,2000000,2000000,0,0,94000000,50514000
2025-12-16,4532,452000000,422000000,0,5700000,33000000,14000000
2025-12-16,6277,65000000,21000000,0,0,3000000,4000000
2025-12-16,2467,1288807000,1175000000,22000000,0,26523000,120401000
2025-12-16,00901,0,14000000,0,0,590000000,534517000
2025-12-16,4949,98000000,58000000,0,0,2000000,1000000
2025-12-16,00899,0,0,0,0,45000000,4714000
2025-12-16,8467,55000000,20000000,0,0,5036000,0
2025-12-16,2431,96000000,58000000,0,0,2000000,2032000
2025-12-16,4566,209000000,169000000,0,0,3023000,5399000
2025-12-16,4919,842000000,807000000,0,0,42001000,39882000
2025-12-16,2488,61000000,22000000,0,0,1000000,3233000
2025-12-16,00640L,0,3000000,0,0,192066000,152475000
2025-12-16,910322,36000000,0,0,0,0,0
2025-12-16,4967,599253000,501000000,0,0,6000000,68940000
2025-12-16,6416,62000000,36000000,0,0,13000000,4000000
2025-12-16,6668,109000000,71000000,0,0,1000000,4000000
2025-12-16,8261,296000000,251000000,0,0,7300000,18520000
2025-12-16,6605,488000000,161000000,0,290000000,7584000,11008000
2025-12-16,912000,68000000,35000000,0,0,0,0
2025-12-16,2501,570000000,544000000,0,0,62000000,55000000
2025-12-16,00709,11000000,1002000,0,0,42000000,19003000
2025-12-16,3447,122000000,88000000,0,0,1000000,2545000
2025-12-16,1446,42000000,19000000,0,0,9000000,0
2025-12-16,9927,75856000,42151000,0,0,2000000,5562000
2025-12-16,6005,4156000000,5593000000,3087000000,1620451000,0,0
2025-12-16,3027,101001000,76000000,0,0,6000000,2000000
2025-12-16,2537,191000000,155000000,0,0,1000000,8000000
2025-12-16,3041,162001000,133800000,0,0,3000000,3098000
2025-12-16,6024,86000000,40907000,0,0,0,17000000
2025-12-16,6931,31000000,21000000,0,0,18000000,0
2025-12-16,4438,51854000,24584000,0,0,0,0
2025-12-16,00771,0,0,0,0,27006000,0
2025-12-16,2908,94000000,73000000,0,0,8000000,2000000
2025-12-16,2491,29000000,2000000,0,0,0,0
2025-12-16,1437,56000000,31000000,0,0,2000000,0
2025-12-16,2527,132000000,88000000,0,327000,9000000,27000000
2025-12-16,2365,308000000,280000000,0,0,3037000,5415000
2025-12-16,6799,93200000,68000000,0,0,1084000,1002000
2025-12-16,3705,137000000,114000000,0,0,4056000,2000000
2025-12-16,2482,144000000,117000000,0,0,6000000,9714000
2025-12-16,5706,43000000,26400000,0,0,8503000,2000000
2025-12-16,6695,86000000,65000000,0,0,2000000,0
2025-12-16,6472,282539000,257197000,0,1155000,36000000,37215000
2025-12-16,00678,1020000,1000000,0,0,256000000,233497000
2025-12-16,1558,39000000,21000000,0,194000,18443000,14000000
2025-12-16,4441,40000000,18000000,0,0,0,0
2025-12-16,00661,0,1000000,0,0,88000000,65142000
2025-12-16,1713,69000000,50000000,0,0,2274000,0
2025-12-16,2539,327000000,318913000,0,15058000,38000000,10000000
2025-12-16,1783,80000000,57000000,0,0,3000000,5000000
2025-12-16,4142,365250000,325000000,0,0,8000000,27254000
2025-12-16,6669,686195000,658790000,37594000,17000000,83031000,110128000
2025-12-16,3533,310643000,261000000,9000000,21000000,13210000,30318000
2025-12-16,4440,34000000,14000000,0,0,1000000,1000000
2025-12-16,1471,41000000,19000000,0,0,5000000,7000000
2025-12-16,00908,0,1000000,0,0,230000000,209182000
2025-12-16,2883B,76000000,0,0,0,3000000,60000000
2025-12-16,2454,4275634000,4167779000,192949000,186891000,290522000,386241000
2025-12-16,4306,185000000,191920000,0,0,25000000,0
2025-12-16,00733,8000000,96000000,0,0,324000000,218373000
2025-12-16,3229,106000000,88000000,0,0,461000,1066000
2025-12-16,00635U,49033000,8725000,0,0,1408120000,1431552000
2025-12-16,8033,263000000,169602000,0,0,7000000,84000000
2025-12-16,00668,0,2000000,0,0,239212000,221304000
2025-12-16,6719,81000000,66000000,0,0,4796000,4000000
2025-12-16,6184,42000000,28000000,0,0,1000000,0
2025-12-16,6192,34000000,18000000,0,0,2000000,3000000
2025-12-16,00916,0,4000000,0,0,62000000,43153000
2025-12-16,00917,1000000,20000000,0,0,516085000,483563000
2025-12-16,2359,260010000,227000000,0,0,9540000,29029000
2025-12-16,2739,30000000,17000000,0,0,0,0
2025-12-16,2753,87000000,57000000,0,0,1486000,18693000
2025-12-16,6670,383000000,132000000,0,249323000,16000000,5000000
2025-12-16,6614,14000000,2000000,0,0,0,0
2025-12-16,6885,91000000,77000000,0,0,0,2000000
2025-12-16,020038,0,0,0,0,12000000,0
2025-12-16,4545,64000000,53000000,0,0,1000000,0
2025-12-16,2369,3825000000,3934000000,0,0,190263000,69404000
2025-12-16,3530,107000000,121000000,0,0,28000000,2286000
2025-12-16,00702,0,0,0,0,129144000,118270000
2025-12-16,0061,5000000,0,0,0,38008000,32983000
2025-12-16,00684R,0,0,0,0,21000000,11000000
2025-12-16,1466,49000000,37000000,0,0,1000000,3000000
2025-12-16,1475,23000000,13000000,0,0,0,0
2025-12-16,2250,25000000,15293000,0,0,0,55000
2025-12-16,00710B,0,0,0,0,122477000,113150000
2025-12-16,00652,0,0,0,0,113000000,103797000
2025-12-16,1432,19000000,12000000,0,0,2000000,0
2025-12-16,6936,14000000,7000000,0,0,3000000,1000000
2025-12-16,1477,1570000000,585807000,0,1064220000,102223000,13768000
2025-12-16,2390,125000000,109700000,0,0,3000000,10000000
2025-12-16,2613,149000000,143000000,0,0,2000000,0
2025-12-16,5258,56001000,47850000,0,0,3001000,4016000
2025-12-16,00689R,1000000,0,0,0,6000000,0
2025-12-16,9919,60000000,48000000,0,0,4000000,9000000
2025-12-16,3057,44000000,40160000,0,0,3000000,0
2025-12-16,4551,110000000,62000000,0,45000000,6000000,2243000
2025-12-16,4569,18000000,14000000,0,0,2000000,0
2025-12-16,5007,26000000,31000000,0,0,11000000,0
2025-12-16,00656R,0,168000000,0,0,211000000,37000000
2025-12-16,01010T,6000000,0,0,0,0,0
2025-12-16,8201,14000000,10000000,0,0,2000000,0
2025-12-16,1517,44000000,34000000,0,0,4000000,8222000
2025-12-16,6226,149000000,146000000,0,0,3636000,1000000
2025-12-16,6742,87000000,82000000,0,0,0,0
2025-12-16,1233,0,11000000,0,0,16000000,0
2025-12-16,4737,43905000,39399000,0,0,0,0
2025-12-16,6136,15000000,11000000,0,0,4001000,4000000
2025-12-16,1540,82000000,79000000,0,0,1000000,0
2025-12-16,020028,0,0,0,0,10000000,6000000
2025-12-16,4562,107000000,101000000,0,0,1000000,3000000
2025-12-16,3679,24000000,19000000,0,0,1000000,2000000
2025-12-16,2881B,0,0,0,0,4000000,0
2025-12-16,00938,15000000,104000000,0,0,845180000,753033000
2025-12-16,020032,0,0,0,0,3000000,0
2025-12-16,020036,0,0,0,0,3000000,0
2025-12-16,9946,46000000,46000000,0,0,4000000,1000000
2025-12-16,00711B,8000000,0,0,0,101059000,106213000
2025-12-16,00775B,0,0,0,0,2062000,0
2025-12-16,00681R,0,0,0,0,3000000,1000000
2025-12-16,6835,15000000,13000000,0,0,0,0
2025-12-16,020037,0,0,0,0,2000000,0
2025-12-16,2887F,2000000,0,0,0,0,0
2025-12-16,2434,6000000,5000000,0,0,1000000,0
2025-12-16,2891C,0,0,0,0,3000000,1000000
2025-12-16,8072,53001000,52461000,0,0,1000000,0
2025-12-16,020029,0,0,0,0,2000000,1000000
2025-12-16,1470,0,0,0,0,1000000,0
2025-12-16,3094,38000000,34000000,0,0,1000000,4000000
2025-12-16,2891B,0,0,0,0,1000000,0
2025-12-16,2852,180000000,179000000,0,1139000,2000000,1000000
2025-12-16,006205,5000000,7000000,0,0,277000000,274278000
2025-12-16,006206,0,2000000,0,0,17083000,15065000
2025-12-16,6955,0,1300000,0,0,1309000,0
2025-12-16,00657K,0,0,0,0,200000,200000
2025-12-16,00660,0,0,0,0,1000000,1000000
2025-12-16,00668K,0,0,0,0,200000,200000
2025-12-16,020034,0,0,0,0,8000000,8000000
2025-12-16,2254,0,1000000,0,0,2000000,1000000
2025-12-16,2415,29000000,31000000,0,0,2000000,0
2025-12-16,3130,5000000,6000000,0,0,1000000,0
2025-12-16,7631,1000000,2000000,0,0,1000000,0
2025-12-16,1414,74000000,89000000,0,0,15000000,0
2025-12-16,6423,2000000,5060000,0,0,15000000,12000000
2025-12-16,00636K,0,0,0,0,200000,300000
2025-12-16,3557,24001000,24300000,0,0,0,0
2025-12-16,6133,4916000000,4898000000,0,0,2000000,20357000
2025-12-16,6933,41000000,41000000,0,0,2000000,2380000
2025-12-16,6928,34000000,36000000,0,0,1000000,0
2025-12-16,7730,0,1000000,0,0,1000000,1000000
2025-12-16,8487,1000000,2000000,0,0,1000000,1000000
2025-12-16,00682U,0,0,0,0,0,1000000
2025-12-16,1539,9000000,12000000,0,0,2000000,0
2025-12-16,9136,0,1000000,0,0,0,0
2025-12-16,1443,0,3000000,0,0,2000000,0
2025-12-16,6592B,0,0,0,1000000,0,0
2025-12-16,1235,4000000,10140000,0,0,5000000,0
2025-12-16,6796,7000000,9400000,0,0,1000000,0
2025-12-16,006204,0,0,0,0,48235000,49750000
2025-12-16,00783,0,0,0,0,76030000,77973000
2025-12-16,00736,0,0,0,0,102000000,104000000
2025-12-16,6655,0,4000000,0,0,2000000,0
2025-12-16,6671,0,3000000,0,0,1000000,0
2025-12-16,8482,2000000,4000000,0,0,1000000,1000000
2025-12-16,7732,1000000,3000000,0,0,0,0
2025-12-16,7786,58000000,60000000,0,0,0,0
2025-12-16,7721,16000000,18000000,0,0,0,0
2025-12-16,3040,35000000,40000000,0,0,3000000,0
2025-12-16,4581,5000000,6000000,0,0,5000000,6000000
2025-12-16,6952,2000000,6000000,0,0,2000000,0
2025-12-16,1315,0,3000000,0,0,1000000,0
2025-12-16,2438,2000000,6000000,0,0,2000000,0
2025-12-16,1341,1000000,3000000,0,0,0,0
2025-12-16,911868,0,2000000,0,0,0,0
2025-12-16,2314,0,2167000,0,0,0,0
2025-12-16,5906,0,2355000,0,0,0,0
2025-12-16,8499,197000000,201800000,0,0,27114000,24688000
2025-12-16,6534,86000000,94000000,0,0,15000000,9609000
2025-12-16,6201,0,4000000,0,0,1000000,0
2025-12-16,6924,0,1000000,0,0,9000000,11000000
2025-12-16,6916,15000000,18000000,0,0,0,0
2025-12-16,1537,20000000,21000000,0,0,2000000,4000000
2025-12-16,006203,0,0,0,0,0,3000000
2025-12-16,020020,0,0,0,0,6000000,9000000
2025-12-16,1730,0,3000000,0,0,0,0
2025-12-16,2901,3000000,7000000,0,0,1000000,0
2025-12-16,6807,0,3000000,0,0,0,0
2025-12-16,9943,15000000,22000000,0,0,4000000,0
2025-12-16,2114,2000000,6000000,0,0,1120000,1000000
2025-12-16,5292,14000000,19940000,0,0,2000000,0
2025-12-16,7705,5001000,9000000,0,0,0,0
2025-12-16,9912,0,4000000,0,0,0,0
2025-12-16,1541,0,4000000,0,0,0,0
2025-12-16,2904,0,5000000,0,0,1000000,0
2025-12-16,2945,0,5000000,0,0,1000000,0
2025-12-16,3150,2000000,7000000,0,0,8000000,7000000
2025-12-16,3454,57000000,60000000,0,0,2000000,3000000
2025-12-16,2069,31000000,25000000,0,0,1000000,11000000
2025-12-16,2496,0,4000000,0,0,0,0
2025-12-16,6906,14000000,19000000,0,0,2000000,1000000
2025-12-16,9929,0,6000000,0,0,2000000,0
2025-12-16,1735,0,7000000,0,0,3000000,150000
2025-12-16,6645,1000000,6260000,0,0,5059000,4000000
2025-12-16,5269,166637000,175658000,40000000,1000000,24000000,58369000
2025-12-16,00921,100000,70000000,0,0,315000000,249511000
2025-12-16,3588,24981000,30354000,0,0,1000000,287000
2025-12-16,3432,0,5000000,0,0,0,0
2025-12-16,3669,4000000,10000000,0,0,1000000,0
2025-12-16,4807,1000000,6000000,0,0,0,0
2025-12-16,2762,2000000,8000000,0,0,2000000,1000000
2025-12-16,1324,3000000,9000000,0,0,1000000,0
2025-12-16,6281,17000000,16000000,0,0,0,6000000
2025-12-16,6918,3000000,9000000,0,0,1000000,0
2025-12-16,6969,0,3000000,0,0,2000000,4000000
2025-12-16,020030,0,0,0,0,5000000,10000000
2025-12-16,7788,43000000,48000000,0,0,1000000,1029000
2025-12-16,6230,16000000,22000000,0,0,5000000,4136000
2025-12-16,6582,2000000,7000000,0,0,0,229000
2025-12-16,7749,85000000,90000000,0,0,1001000,1241000
2025-12-16,3308,7000000,13498000,0,0,1000000,0
2025-12-16,1438,3000000,11806000,0,0,3000000,0
2025-12-16,1236,3000000,16000000,0,0,7000000,0
2025-12-16,6592A,0,0,0,6000000,0,0
2025-12-16,6792,0,7000000,0,0,2000000,1000000
2025-12-16,6887,1000000,6000000,0,0,0,1000000
2025-12-16,4133,5000000,12000000,0,0,1000000,0
2025-12-16,4439,2000000,8000000,0,0,0,0
2025-12-16,1817,4000000,11000000,0,0,11000000,10000000
2025-12-16,4588,3000000,9000000,0,0,0,0
2025-12-16,0053,0,1000000,0,0,0,5650000
2025-12-16,2911,0,6850000,0,0,0,0
2025-12-16,3168,0,7000000,0,0,0,0
2025-12-16,5546,2000000,9000000,0,0,0,0
2025-12-16,1418,1000000,8000000,0,0,0,0
2025-12-16,2248,1000000,8000000,0,0,1000000,1000000
2025-12-16,1338,8000000,16000000,0,0,1000000,0
2025-12-16,1441,0,8000000,0,0,1000000,0
2025-12-16,1530,9000000,15000000,0,0,1000000,2000000
2025-12-16,6902,10000000,15000000,0,0,0,2000000
2025-12-16,6666,1000000,9000000,0,0,1000000,0
2025-12-16,6431,54000000,61000000,0,0,0,0
2025-12-16,00851,0,0,0,0,0,7000000
2025-12-16,9942,12000000,19000000,0,0,0,0
2025-12-16,6771,1000000,9000000,0,0,1000000,0
2025-12-16,00903,1000000,22000000,0,0,31025000,17143000
2025-12-16,2538,90000000,100140000,0,0,3000000,0
2025-12-16,1516,3000000,10183000,0,0,0,0
2025-12-16,3034,1398125000,1522204000,258000000,300380000,258664000,99428000
2025-12-16,6698,38000000,47000000,0,0,4000000,2605000
2025-12-16,6164,91000000,98000000,0,0,6128000,7000000
2025-12-16,0057,0,0,0,0,43018000,51000000
2025-12-16,2906,18000000,24000000,0,0,3000000,5000000
2025-12-16,1423,1000000,11000000,0,0,2000000,0
2025-12-16,1474,7000000,16000000,0,0,1000000,0
2025-12-16,5538,0,9000000,0,0,1000000,0
2025-12-16,1805,4000000,13249000,0,0,1000000,0
2025-12-16,1776,0,11000000,0,0,2000000,0
2025-12-16,2939,0,10000000,0,0,1000000,0
2025-12-16,3419,11000000,23000000,0,0,3000000,0
2025-12-16,1535,4000000,14000000,0,0,1000000,0
2025-12-16,9926,5000000,14000000,0,0,0,0
2025-12-16,7711,13000000,22000000,0,0,0,0
2025-12-16,8367,0,11000000,0,0,2000000,0
2025-12-16,6606,1000000,11000000,0,0,1000000,0
2025-12-16,1339,5000000,18000000,0,0,9000000,5211000
2025-12-16,6592,130001000,147000000,0,0,29000000,21502000
2025-12-16,2115,3000000,11549000,0,0,1000000,2000000
2025-12-16,3528,53000000,63000000,0,0,0,0
2025-12-16,5484,24000000,34000000,0,0,0,0
2025-12-16,1323,0,10000000,0,0,0,0
2025-12-16,5215,0,9000000,0,0,0,1000000
2025-12-16,1521,3000000,14000000,0,0,1000000,0
2025-12-16,1435,1000000,13000000,0,0,2000000,0
2025-12-16,020039,0,0,0,0,7000000,17000000
2025-12-16,6581,3000000,17000000,0,0,4000000,0
2025-12-16,4148,1000000,11300000,0,0,0,0
2025-12-16,6861,35000000,42000000,0,0,8000000,11361000
2025-12-16,1472,0,10376000,0,0,0,0
2025-12-16,4583,43572000,50000000,0,0,3000000,6971000
2025-12-16,6789,228300000,321004000,119000000,2000000,42452000,77322000
2025-12-16,6641,0,11000000,0,0,0,0
2025-12-16,8443,0,11000000,0,0,0,0
2025-12-16,1525,9000000,19000000,0,0,14000000,15000000
2025-12-16,2024,0,11000000,0,0,0,0
2025-12-16,4994,1000000,10200000,0,0,1000000,3000000
2025-12-16,6782,32000000,38707000,0,0,1000000,5499000
2025-12-16,6715,13000000,24071000,0,0,1049000,1200000
2025-12-16,9910,565880000,571066000,0,6403000,36000000,36093000
2025-12-16,6112,117000000,128000000,0,0,3080000,4073000
2025-12-16,9944,0,12000000,0,0,0,0
2025-12-16,1445,3000000,17000000,0,0,2000000,0
2025-12-16,5244,50000000,65000000,0,0,3000000,0
2025-12-16,4155,4000000,18000000,0,0,2000000,0
2025-12-16,1903,43000000,61000000,0,0,6000000,0
2025-12-16,00703,0,0,0,0,4024000,16073000
2025-12-16,6754,1000000,13000000,0,70000,0,0
2025-12-16,006207,0,1000000,0,0,134277000,145584000
2025-12-16,00875,0,8000000,0,0,14000000,18757000
2025-12-16,8463,3000000,16000000,0,0,0,0
2025-12-16,6552,10000000,24000000,0,0,1000000,0
2025-12-16,1416,8000000,22000000,0,0,1000000,0
2025-12-16,1568,2000000,21000000,0,0,6000000,0
2025-12-16,1731,2000000,16000000,0,0,1000000,0
2025-12-16,2426,122000000,137000000,0,0,14000000,12000000
2025-12-16,2423,29000000,42000000,0,0,4000000,4000000
2025-12-16,6951,0,14000000,0,0,1000000,0
2025-12-16,2702,2000000,16000000,0,0,1000000,0
2025-12-16,3021,2000000,16000000,0,0,1000000,22000
2025-12-16,2642,7000000,18342000,0,0,0,2000000
2025-12-16,6854,59000000,58763000,0,0,3259000,17000000
2025-12-16,2025,7000000,23546000,0,0,3000000,0
2025-12-16,3062,789000000,792000000,0,0,5000000,15645000
2025-12-16,00949,107000000,2000000,0,0,351708000,470397000
2025-12-16,1506,3000000,21000000,0,0,4000000,0
2025-12-16,1465,0,16000000,0,0,2000000,0
2025-12-16,7736,2000000,17000000,0,0,1000000,0
2025-12-16,9931,0,14000000,0,0,0,0
2025-12-16,3652,0,15000000,0,0,1000000,0
2025-12-16,2616,1000000,15000000,0,0,0,0
2025-12-16,2712,0,14000000,0,0,1000000,1000000
2025-12-16,2461,5000000,20000000,0,0,2000000,1000000
2025-12-16,8466,1001000,15497000,0,0,0,0
2025-12-16,4104,11400000,28027000,0,0,4000000,2105000
2025-12-16,00913,0,3000000,0,0,277000000,288917000
2025-12-16,4952,14000000,30000000,0,0,5000000,4000000
2025-12-16,2239,17000000,31000000,0,0,2000000,3000000
2025-12-16,1512,1000000,18000000,0,0,3000000,1000000
2025-12-16,1452,0,15000000,0,0,0,0
2025-12-16,4572,3080000,10102000,0,8000000,0,0
2025-12-16,1707,29000000,42000000,0,0,5000000,7374000
2025-12-16,1906,5000000,22000000,0,0,7000000,5440000
2025-12-16,00920,0,110000000,0,0,100017000,5688000
2025-12-16,2432,0,14000000,0,0,8000000,10000000
2025-12-16,2483,5000000,17000000,0,0,1000000,5000000
2025-12-16,2424,0,16000000,0,0,0,0
2025-12-16,4560,31000000,48000000,0,0,1000000,0
2025-12-16,4935,7000000,20000000,0,0,2000000,5000000
2025-12-16,4771,16000000,32000000,0,0,0,0
2025-12-16,2910,6000000,23000000,0,0,1000000,0
2025-12-16,1410,5000000,22000000,0,0,1000000,0
2025-12-16,1220,5000000,22000000,0,0,1000000,0
2025-12-16,8429,38000000,50000000,0,0,1000000,5000000
2025-12-16,8162,6000000,25000000,0,0,3000000,0
2025-12-16,8481,0,16000000,0,0,0,0
2025-12-16,6914,7000000,25000000,0,0,2000000,0
2025-12-16,6658,16921000,32479000,0,0,1000000,1446000
2025-12-16,00739,0,0,0,0,2000000,18106000
2025-12-16,1598,35000000,51182000,0,0,2000000,2000000
2025-12-16,2207,294100000,471417000,152000000,2000000,26589000,16002000
2025-12-16,3043,23000000,40000000,0,0,0,0
2025-12-16,3716,3000000,21000000,0,0,1000000,0
2025-12-16,7740,7000000,24000000,0,0,2000000,2000000
2025-12-16,1413,0,18000000,0,0,1000000,0
2025-12-16,1256,4000000,21051000,0,0,0,19000
2025-12-16,2243,0,15000000,0,0,0,2309000
2025-12-16,6585,3000000,22000000,0,0,1500000,0
2025-12-16,2636,75000000,92000000,0,0,10000000,10780000
2025-12-16,2433,1000000,20000000,0,0,4000000,3000000
2025-12-16,9918,3000000,21000000,0,0,0,0
2025-12-16,1439,5000000,23000000,0,0,0,0
2025-12-16,4999,3000000,23000000,0,0,3000000,1501000
2025-12-16,8488,1000000,20666000,0,0,1000000,0
2025-12-16,9930,26000000,43000000,0,0,8000000,10000000
2025-12-16,6183,4000000,26000000,0,0,4000000,1000000
2025-12-16,1531,7000000,28000000,0,0,3000000,1000000
2025-12-16,3494,0,18000000,0,0,0,1000000
2025-12-16,1752,1000000,24000000,0,0,4000000,0
2025-12-16,8045,18000000,38340000,0,0,1277000,0
2025-12-16,00657,0,0,0,0,3000,19417000
2025-12-16,4552,14000000,36000000,0,0,2000000,0
2025-12-16,7791,1000000,21000000,0,0,0,0
2025-12-16,1533,17000000,42000000,0,0,5000000,0
2025-12-16,1463,11000000,32000000,0,0,1000000,0
2025-12-16,9906,21001000,43270000,0,0,6000000,4023000
2025-12-16,3591,95000000,116000000,0,0,5000000,4565000
2025-12-16,8411,2000000,25000000,0,0,5000000,3000000
2025-12-16,8438,1000000,22000000,0,0,0,0
2025-12-16,1526,0,23000000,0,0,2000000,0
2025-12-16,1454,7000000,29000000,0,0,2000000,1000000
2025-12-16,2397,104000000,125000000,0,0,2000000,2000000
2025-12-16,4930,1000000,23000000,0,0,1000000,0
2025-12-16,6988,0,16000000,0,0,19000000,24376000
2025-12-16,1342,11002000,34899000,0,0,1955000,0
2025-12-16,3092,63001000,85000000,0,0,0,0
2025-12-16,3054,8000000,30000000,0,0,0,0
2025-12-16,2107,41000000,65000000,0,0,2000000,0
2025-12-16,2509,13000000,29000000,0,0,1000000,7000000
2025-12-16,2611,37000000,71000000,0,0,12000000,0
2025-12-16,1337,10000000,34000000,0,0,2000000,0
2025-12-16,5907,5000000,28000000,0,0,1000000,0
2025-12-16,8374,67000000,89000000,0,0,5002000,5073000
2025-12-16,2020,77000000,98200000,0,0,7000000,8000000
2025-12-16,8210,245513000,385650000,149000000,22000000,25716000,35178000
2025-12-16,6862,11000000,31000000,0,0,0,2719000
2025-12-16,6965,6000000,34000000,0,0,5000000,0
2025-12-16,9937,20000000,41000000,0,0,21000000,23000000
2025-12-16,1456,1000000,21000000,0,0,0,3000000
2025-12-16,1468,4000000,29000000,0,0,5000000,3000000
2025-12-16,1219,10000000,34020000,0,0,11000000,10000000
2025-12-16,1417,5000000,38000000,0,0,10000000,1000000
2025-12-16,1583,10000000,34000000,0,0,1000000,1000000
2025-12-16,9103,1000000,25000000,0,0,0,0
2025-12-16,910861,0,24000000,0,0,0,0
2025-12-16,6674,10000000,34000000,0,0,0,0
2025-12-16,3164,1000000,26000000,0,0,1000000,0
2025-12-16,2923,18000000,75000000,0,0,34000000,1000000
2025-12-16,4576,77000000,103000000,0,0,7000000,5107000
2025-12-16,1231,83321000,109520000,0,0,10000000,8000000
2025-12-16,6197,163000000,181300000,0,0,11000000,17234000
2025-12-16,1457,7000000,33550000,0,0,2000000,0
2025-12-16,2607,726000000,461807000,0,292000000,16000000,13000000
2025-12-16,1453,3940000,28794000,0,0,1000000,1000000
2025-12-16,8442,4000000,30000000,0,0,1000000,0
2025-12-16,1725,7000000,34000000,0,0,2000000,0
2025-12-16,1726,2000000,31000000,0,0,4000000,0
2025-12-16,2722,2000000,25177000,0,0,3000000,5000000
2025-12-16,6438,140694000,183654000,0,0,22242000,4568000
2025-12-16,6598,3000000,29616000,0,0,1000000,0
2025-12-16,6214,413000000,431000000,0,6824000,16000000,16858000
2025-12-16,6790,11000000,40000000,0,0,8000000,5000000
2025-12-16,2008,10000000,39000000,0,0,3000000,0
2025-12-16,2032,32000000,59000000,0,0,1000000,0
2025-12-16,4190,1000000,28000000,0,0,1000000,0
2025-12-16,1762,5000000,31000000,0,0,2000000,2009000
2025-12-16,6128,9000000,33000000,0,0,2000000,4182000
2025-12-16,5607,91006000,126392000,0,0,9106000,0
2025-12-16,3501,10000000,34000000,0,0,2000000,4462000
2025-12-16,6239,8529047000,2349004000,37000000,6166553000,254411000,331861000
2025-12-16,1203,1000000,31000000,0,0,3000000,0
2025-12-16,2748,2000000,28000000,0,0,2000000,3000000
2025-12-16,3266,4000000,38000000,0,0,7000000,0
2025-12-16,6216,2000000,28000000,0,0,1000000,2108000
2025-12-16,6117,90000000,120000000,0,0,4000000,1629000
2025-12-16,6504,10000000,40000000,0,0,3000000,1000000
2025-12-16,1459,22000000,45000000,0,0,3000000,8000000
2025-12-16,1626,5000000,29000000,0,0,2000000,6000000
2025-12-16,6863,73000000,100000000,0,0,3081000,4502000
2025-12-16,1232,12000000,45000000,0,0,10000000,5422000
2025-12-16,8341,32000000,57000000,0,0,8000000,11540000
2025-12-16,2816,4000000,36000000,0,0,3286000,0
2025-12-16,00852L,0,0,0,0,322000000,350943000
2025-12-16,6957,12000000,41000000,0,0,0,0
2025-12-16,1419,138000000,154000000,0,0,12000000,25000000
2025-12-16,6115,15000000,45000000,0,0,6000000,5041000
2025-12-16,2302,68000000,101000000,0,0,4000000,50000
2025-12-16,6464,7000000,41090000,0,0,6000000,1000000
2025-12-16,5525,14000000,51517000,0,0,8000000,0
2025-12-16,2505,42000000,70000000,0,0,17000000,19000000
2025-12-16,2373,2000000,36000000,0,0,4000000,0
2025-12-16,6794,3000000,34000000,0,0,1000000,0
2025-12-16,6558,277096000,310000000,0,0,4000000,1957000
2025-12-16,1532,181000000,205000000,0,6541000,26000000,26404000
2025-12-16,1527,44000000,91000000,0,0,16000000,0
2025-12-16,2459,6000000,38000000,0,0,4000000,3000000
2025-12-16,2460,77000000,105000000,0,0,3000000,6000000
2025-12-16,2477,9000000,40000000,0,0,3000000,3000000
2025-12-16,3416,33563000,57000000,0,0,2000000,10098000
2025-12-16,3052,130000000,162660000,0,0,1000000,0
2025-12-16,4108,2000000,39000000,0,0,5000000,0
2025-12-16,1723,110000000,130000000,0,0,10000000,22000000
2025-12-16,1451,1000000,34000000,0,0,1000000,0
2025-12-16,8940,1000000,33000000,0,0,0,0
2025-12-16,9905,0,35000000,0,0,3000000,0
2025-12-16,4106,0,27000000,0,0,2000000,7198000
2025-12-16,4585,25000000,59051000,0,0,1324000,0
2025-12-16,2236,81000000,114794000,0,0,1000000,0
2025-12-16,009809,126000000,12000000,0,0,1434000000,1581000000
2025-12-16,3504,51000000,81000000,0,0,2000000,5247000
2025-12-16,2472,742000000,705000000,23000000,0,42000000,135424000
2025-12-16,5283,12400000,47000000,0,0,1000000,0
2025-12-16,3257,83000000,118000000,0,0,3000000,2000000
2025-12-16,2420,16000000,54000000,0,0,7000000,3000000
2025-12-16,2450,4000000,35000000,0,0,6000000,9000000
2025-12-16,6591,80000000,114189000,0,0,0,203000
2025-12-16,3346,34210000,67958000,0,0,0,1000000
2025-12-16,6405,6000000,47000000,0,0,6000000,50000
2025-12-16,6224,24000000,51051000,0,0,1000000,9000000
2025-12-16,00898,21000000,28000000,0,0,62247000,90367000
2025-12-16,1109,0,33000000,0,0,7000000,9509000
2025-12-16,5533,0,38000000,0,0,2000000,0
2025-12-16,2028,11000000,49000000,0,0,2000000,0
2025-12-16,7722,8000000,40964000,0,0,1000000,4194000
2025-12-16,2440,63000000,101000000,0,0,5802000,4000000
2025-12-16,2442,74005000,113245000,0,0,4000000,1000000
2025-12-16,2462,30000000,67000000,0,0,1000000,250000
2025-12-16,4526,534000000,570000000,0,0,5071000,5390000
2025-12-16,2617,235000000,274000000,0,0,13000000,10450000
2025-12-16,00737,2000000,494000000,0,0,464000000,8522000
2025-12-16,2033,0,37000000,0,0,0,0
2025-12-16,3051,63000000,104000000,0,0,4000000,0
2025-12-16,1590,506694000,540579000,1000000,0,17241000,21802000
2025-12-16,2524,19001000,65000000,0,0,13000000,5000000
2025-12-16,2414,6000000,44000000,0,0,0,0
2025-12-16,1733,86000000,125000000,0,0,4000000,3000000
2025-12-16,6142,84000000,117000000,0,0,0,5000000
2025-12-16,3296,9000000,48000000,0,0,1000000,230000
2025-12-16,2059,175471000,238737000,37259000,0,22930000,35277000
2025-12-16,2012,2000000,41650000,0,0,2000000,1000000
2025-12-16,3356,50000000,88910000,0,0,0,0
2025-12-16,2013,9000000,36000000,0,0,3000000,15020000
2025-12-16,6579,39001000,77542000,0,0,9000000,9571000
2025-12-16,6958,4000000,46120000,0,0,6000000,3000000
2025-12-16,00930,7000000,121000000,0,0,612000000,538243000
2025-12-16,1615,11000000,55389000,0,0,4000000,0
2025-12-16,00911,500000,1000000,0,0,102000000,141913000
2025-12-16,1614,1000000,47000000,0,0,5000000,0
2025-12-16,9940,110000000,180000000,0,0,51000000,22000000
2025-12-16,6743,38000000,80000000,0,0,1000000,0
2025-12-16,9935,35000000,83644000,0,0,7000000,0
2025-12-16,6838,51000000,94000000,0,0,1000000,0
2025-12-16,2471,4000000,48000000,0,0,2000000,0
2025-12-16,5306,12000000,58000000,0,0,4000000,0
2025-12-16,4755,28000000,71000000,0,0,4000000,4000000
2025-12-16,2227,5000000,52000000,0,0,4000000,0
2025-12-16,1234,15000000,66000000,0,0,9000000,1000000
2025-12-16,00944,0,5000000,0,0,628000000,666770000
2025-12-16,5519,69000000,111000000,0,0,7000000,9000000
2025-12-16,2305,175000000,244000000,0,0,24000000,0
2025-12-16,8476,81000000,126360000,0,0,9279000,9000000
2025-12-16,4739,300000000,335000000,0,5000000,3450000,8860000
2025-12-16,8222,95000000,139000000,0,0,0,2000000
2025-12-16,2466,485000000,536000000,0,0,4111000,0
2025-12-16,5285,21000000,66000000,0,0,1000000,3000000
2025-12-16,5288,3000000,51000000,0,0,1000000,1000000
2025-12-16,3717,74000000,117000000,0,0,0,5000000
2025-12-16,2701,0,50000000,0,0,2000000,0
2025-12-16,6909,9000000,56000000,0,0,0,1000000
2025-12-16,3046,91000000,138000000,0,0,2000000,3000000
2025-12-16,6776,14000000,62745000,0,0,0,0
2025-12-16,6689,52000000,92000000,0,9102000,3000000,2797000
2025-12-16,5531,91000000,162000000,0,0,23000000,1000000
2025-12-16,4137,29571000,78030000,0,0,4000000,5150000
2025-12-16,9934,48001000,94000000,0,0,2000000,6000000
2025-12-16,1325,103000000,154000000,0,0,1000000,0
2025-12-16,2453,76000000,132000000,0,0,8000000,2000000
2025-12-16,2430,8000000,56081000,0,0,2000000,4000000
2025-12-16,4770,148000000,202000000,0,0,7866000,4134000
2025-12-16,6573,48000000,99000000,0,0,6000000,6000000
2025-12-16,2546,21143000,76120000,0,0,3000000,0
2025-12-16,1760,7000000,61000000,0,0,2000000,0
2025-12-16,1709,33000000,87000000,0,0,3000000,1000000
2025-12-16,1473,20000000,74000000,0,0,2000000,0
2025-12-16,9925,38000000,92000000,0,0,14000000,12000000
2025-12-16,6756,15000000,72000000,0,0,5000000,478000
2025-12-16,6141,27000000,76000000,0,0,1000000,5000000
2025-12-16,1217,79000000,128000000,0,0,10000000,14000000
2025-12-16,2231,99500000,169600000,0,0,33758000,17019000
2025-12-16,1604,10000000,63000000,0,0,13000000,14000000
2025-12-16,02001L,0,0,0,0,5000000,59000000
2025-12-16,2007,10000000,66000000,0,0,7000000,5000000
2025-12-16,2705,8000000,68000000,0,0,6000000,0
2025-12-16,2480,72000000,123000000,0,1252000,16000000,19448000
2025-12-16,3311,44000000,97129000,0,0,5000000,7835000
2025-12-16,1737,24000000,87000000,0,0,7000000,0
2025-12-16,2706,3000000,63000000,0,0,4000000,0
2025-12-16,1108,3000000,60000000,0,0,2000000,1000000
2025-12-16,4414,187000000,229000000,0,0,14000000,28000000
2025-12-16,2514,10000000,62000000,0,0,8000000,12000000
2025-12-16,1810,120000000,169000000,0,0,7000000,14965000
2025-12-16,7610,44000000,100000000,0,0,2487000,4000000
2025-12-16,8478,45000000,100654000,0,0,2000000,4036000
2025-12-16,2850,132000000,222000000,30000000,0,16000000,14504000
2025-12-16,6515,317246000,409650000,37000000,0,10660000,14580000
2025-12-16,1436,62398000,139642000,0,0,18000000,234000
2025-12-16,6937,106000000,163000000,0,0,7003000,9542000
2025-12-16,3518,74000000,132963000,0,0,3000000,4000000
2025-12-16,00730,6000000,0,0,0,105700000,171981000
2025-12-16,5471,37000000,96000000,0,0,5000000,6503000
2025-12-16,8473,37000000,99960000,0,0,2000000,0
2025-12-16,4426,6000000,68000000,0,0,1000000,0
2025-12-16,2536,4000000,70000000,0,0,5000000,0
2025-12-16,1321,2000000,62000000,0,0,4000000,6000000
2025-12-16,3032,283000000,268000000,0,0,5000000,83658000
2025-12-16,6949,45000000,111000000,0,0,4000000,2268000
2025-12-16,1617,27000000,105000000,0,0,18000000,4763000
2025-12-16,6873,220068000,280310000,0,3607000,14126000,15117000
2025-12-16,2425,56000000,119000000,0,0,4000000,6000000
2025-12-16,2516,21000000,88000000,0,0,2000000,0
2025-12-16,4736,61000000,147000000,0,0,21000000,0
2025-12-16,8462,15000000,77000000,0,0,3000000,6220000
2025-12-16,4555,47000000,113000000,0,0,2000000,1728000
2025-12-16,1440,487000000,607000000,0,0,109000000,55054000
2025-12-16,3008,187033000,290140000,46405000,5331000,20526000,24710000
2025-12-16,1455,20000000,83000000,0,0,12000000,15840000
2025-12-16,2247,7000000,74000000,0,0,0,0
2025-12-16,2506,6000000,66001000,0,0,2000000,9000000
2025-12-16,3044,2240204000,1773360000,348000000,946000000,154585000,90708000
2025-12-16,6202,128000000,195000000,0,0,5200000,5889000
2025-12-16,3645,229295000,291000000,0,0,3000000,9209000
2025-12-16,3443,1967975000,1738678000,38328000,37000000,102279000,400878000
2025-12-16,3437,55000000,126000000,0,0,3000000,0
2025-12-16,1110,3000000,73000000,0,0,8000000,6000000
2025-12-16,7765,6000000,76000000,0,0,2000000,0
2025-12-16,1309,254000000,320000000,0,0,8000000,10006000
2025-12-16,3209,50000000,125000000,0,6724000,15000000,2217000
2025-12-16,2707,11000000,82000000,0,0,6000000,4000000
2025-12-16,00962,1000000,11000000,0,0,310000000,369871000
2025-12-16,4976,61000000,131000000,0,0,4000000,4000000
2025-12-16,6155,421000000,490000000,0,0,5000000,6001000
2025-12-16,3016,227000000,298000000,0,0,16426000,15584000
2025-12-16,2062,23000000,94000000,0,0,5000000,5000000
2025-12-16,3545,300000000,372000000,0,0,13565000,13335000
2025-12-16,3312,134705000,204491000,0,0,4000000,6000000
2025-12-16,2545,114348000,182427000,0,0,18000000,21752000
2025-12-16,01009T,0,0,0,0,0,72000000
2025-12-16,00907,9000000,107000000,0,0,782206000,757044000
2025-12-16,1467,15000000,91000000,0,0,3000000,0
2025-12-16,4912,29000000,102300000,0,0,0,0
2025-12-16,8081,305000000,524600000,149000000,1866000,2097000,3008000
2025-12-16,2392,586000000,629000000,0,0,46850000,78484000
2025-12-16,6834,25000000,99000000,0,0,2000000,2705000
2025-12-16,6235,231000000,303956000,0,0,13150000,16661000
2025-12-16,3592,1172200000,231000000,0,1022839000,10049000,4880000
2025-12-16,2849,18000000,127000000,0,0,43000000,11000000
2025-12-16,4164,247000000,322000000,0,0,14000000,16000000
2025-12-16,2429,133933000,211000000,0,0,3000000,3625000
2025-12-16,3003,41000000,117000000,0,0,5000000,6863000
2025-12-16,1732,17000000,97000000,0,0,2000000,0
2025-12-16,2316,1250000000,1226044000,23000000,0,31189000,156211000
2025-12-16,6449,116000000,210000000,0,0,35000000,19721000
2025-12-16,3617,177000000,252174000,0,0,6000000,9818000
2025-12-16,2375,296000000,361000000,0,0,4757000,19208000
2025-12-16,5222,47365000,117130000,0,0,6000000,16003000
2025-12-16,4119,6000000,77000000,0,0,2000000,11320000
2025-12-16,3038,193000000,242000000,0,484000,3000000,35000000
2025-12-16,6108,7000000,94000000,0,0,12000000,7000000
2025-12-16,6206,139000000,213000000,3000000,1305000,24009000,33967000
2025-12-16,2484,21000000,105000000,0,0,5000000,4231000
2025-12-16,00956,1000000,23000000,0,0,126001000,188429000
2025-12-16,8215,126000000,242000000,0,0,41000000,10000000
2025-12-16,2109,7000000,94000000,0,0,2000000,1000000
2025-12-16,1515,67000000,154000000,0,0,5000000,5001000
2025-12-16,2534,150000000,240000000,0,0,20000000,17561000
2025-12-16,2006,2549000000,2677000000,28000000,34063000,279127000,233000000
2025-12-16,4720,13000000,109000000,0,507000,8000000,1000000
2025-12-16,3002,436000000,530000000,0,0,5000000,601000
2025-12-16,6525,31000000,128000000,0,0,11000000,4000000
2025-12-16,2029,36000000,107000000,0,0,6000000,25490000
2025-12-16,8249,119250000,210400000,0,0,3071000,3001000
2025-12-16,9924,21200000,110201000,0,447000,4000000,6000000
2025-12-16,4942,20000000,112000000,0,0,3000000,3027000
2025-12-16,4766,220032000,206000000,0,108000000,21424000,19945000
2025-12-16,1103,60000000,166000000,0,0,34000000,21000000
2025-12-16,2030,6000000,93000000,0,0,5000000,12000000
2025-12-16,00735,0,2000000,0,0,157000000,249000000
2025-12-16,2360,3335085000,1894207000,8000000,1476554000,62657000,129644000
2025-12-16,3596,302790000,389244000,0,5000000,12000000,15405000
2025-12-16,7750,27000000,119000000,0,0,1000000,4015000
2025-12-16,6177,303742000,274447000,0,123000000,21379000,23112000
2025-12-16,2530,107000000,264000000,0,0,60182000,0
2025-12-16,00876,289000,14000000,0,0,1000000,84532000
2025-12-16,3406,863627000,1328000000,400000000,24000000,19527000,32204000
2025-12-16,9911,85000000,189886000,0,1000000,14000000,9583000
2025-12-16,3022,195000000,293000000,0,0,14000000,17844000
2025-12-16,2929,35000000,137000000,0,0,0,0
2025-12-16,1618,195000000,297000000,0,0,11000000,11655000
2025-12-16,3138,131000000,233097000,0,0,12017000,13000000
2025-12-16,6412,398000000,521000000,0,1418000,42000000,21473000
2025-12-16,4989,1321100000,1426000000,0,0,3000000,1999000
2025-12-16,0051,1027000,0,0,0,0,105591000
2025-12-16,009802,0,33000000,0,0,1072000000,1145891000
2025-12-16,00728,0,42000000,0,0,65000000,130335000
2025-12-16,00770,12040000,73000000,0,0,278000000,324441000
2025-12-16,1786,48000000,150000000,0,0,2248000,7758000
2025-12-16,1218,60000000,145000000,0,0,15000000,38000000
2025-12-16,1809,74000000,177000000,0,0,3000000,10000000
2025-12-16,6442,33100000,150000000,17668000,0,28200000,39400000
2025-12-16,9802,94000000,191615000,0,0,6615000,19506000
2025-12-16,1201,6000000,112000000,0,0,10000000,15166000
2025-12-16,3532,182000000,257000000,0,2739000,28426000,63401000
2025-12-16,2357,2374514000,7309060000,4945624000,273893000,234571000,84624000
2025-12-16,2535,36000000,149000000,0,0,10000000,10000000
2025-12-16,2608,13000000,130000000,0,0,15000000,12351000
2025-12-16,1734,4000000,119987000,0,0,1000000,0
2025-12-16,9955,206000000,323000000,0,0,2000000,0
2025-12-16,3563,170064000,401801000,134000000,0,10530000,31290000
2025-12-16,2233,81005000,188000000,0,0,7000000,18554000
2025-12-16,00654R,0,0,0,0,7000000,128200000
2025-12-16,2612,646000000,586000000,0,0,7896000,189415000
2025-12-16,00972,0,4000000,0,0,285000000,403509000
2025-12-16,2704,10000000,146000000,0,0,13000000,0
2025-12-16,2547,176000000,315648000,0,0,22000000,5892000
2025-12-16,1597,24000000,150000000,0,0,2391000,507000
2025-12-16,3059,506000000,567995000,0,0,12907000,75329000
2025-12-16,4540,73000000,194000000,0,0,5000000,8947000
2025-12-16,1616,364000000,480000000,0,0,2000000,10953000
2025-12-16,1225,7000000,135358000,0,0,3000000,0
2025-12-16,6283,31000000,153000000,0,0,0,4000000
2025-12-16,7799,58000000,210000000,0,0,26000000,17000
2025-12-16,8114,172000000,286100000,0,0,7000000,19122000
2025-12-16,6215,135266000,261000000,0,0,6000000,6688000
2025-12-16,4571,12000000,138000000,0,0,1000000,2552000
2025-12-16,3015,57000000,177226000,0,8591000,10588000,10020000
2025-12-16,3028,290200000,442000000,0,0,27000000,4000000
2025-12-16,009808,0,1000000,0,0,1822000000,1950141000
2025-12-16,1447,77001000,213000000,0,0,6000000,0
2025-12-16,00943,0,37000000,0,0,458000000,551982000
2025-12-16,2417,45000000,178000000,0,0,3000000,1289000
2025-12-16,2543,337001000,502789000,0,0,94170000,60031000
2025-12-16,1720,54000000,188000000,0,0,7000000,9000000
2025-12-16,2476,467000000,603353000,0,0,31429000,31403000
2025-12-16,2421,1799870000,1897000000,26000000,0,41000000,106207000
2025-12-16,6409,294792000,426826000,268000,1000000,18000000,22394000
2025-12-16,1460,9000000,96000000,0,0,4000000,55000000
2025-12-16,6869,323250000,462000000,0,0,6000000,6083000
2025-12-16,6526,46000000,253023000,71000000,1000000,12049000,14087000
2025-12-16,1524,197000000,337000000,0,0,4000000,3389000
2025-12-16,1227,98000000,239000000,0,0,29000000,28377000
2025-12-16,6923,63000000,207000000,0,0,5250000,1689000
2025-12-16,8016,185000000,525000000,210000000,2595000,2000000,9945000
2025-12-16,6672,104046000,247000000,0,0,2000000,1000
2025-12-16,1528,838000000,981000000,0,0,1000000,1000000
2025-12-16,2436,260000000,397000000,0,0,8606000,14768000
2025-12-16,00954,2030000,66000000,0,0,174000000,254196000
2025-12-16,2342,226000000,373000000,0,0,4000000,1805000
2025-12-16,6414,214126000,707000000,363000000,0,7000000,22122000
2025-12-16,1444,143000000,273000000,0,0,14000000,29300000
2025-12-16,3004,230000000,101001000,0,0,0,277098000
2025-12-16,2364,43000000,191250000,0,0,0,1784000
2025-12-16,2017,21000000,165000000,0,0,7000000,15436000
2025-12-16,00932,2000000,200043000,0,0,264000000,220532000
2025-12-16,6491,48000000,197000000,0,0,13181000,18784000
2025-12-16,5608,573000000,732000000,0,0,6001000,2122000
2025-12-16,00981T,0,11000000,0,0,537000000,682263000
2025-12-16,2348,56647000,208763000,0,0,8000000,12174000
2025-12-16,4968,184000000,313000000,0,0,11000000,38476000
2025-12-16,6625,20000000,179011000,0,0,15000000,14116000
2025-12-16,7780,18000000,177000000,0,0,0,0
2025-12-16,8213,76000000,240000000,0,0,12000000,7000000
2025-12-16,8404,73000000,237855000,0,0,20000000,14665000
2025-12-16,1708,87000000,257000000,0,0,18012000,8619000
2025-12-16,4956,882000000,1043000000,0,0,5078000,5838000
2025-12-16,00683L,0,0,0,0,0,162530000
2025-12-16,2038,54000000,216380000,0,0,3000000,5000000
2025-12-16,00893,31465000,66000000,0,0,510000000,640084000
2025-12-16,4938,4588829000,7793874000,2545831000,36271000,647350000,116606000
2025-12-16,6456,611000000,780000000,0,0,17000000,13259000
2025-12-16,6533,92483000,242004000,0,0,18000000,33929000
2025-12-16,3013,937000000,1010000000,0,0,30000000,122514000
2025-12-16,00882,104000000,1026000000,0,0,3348000000,2593443000
2025-12-16,6271,687000000,763000000,0,43000000,25820000,74678000
2025-12-16,5203,46040000,208000000,0,0,4130000,11166000
2025-12-16,6120,687000000,904901000,0,0,67000000,19000000
2025-12-16,3036,5761002000,10151420000,4400000000,464000000,351734000,67251000
2025-12-16,2723,279000000,444000000,0,0,10000000,15000000
2025-12-16,4536,42000000,212000000,0,0,8000000,10925000
2025-12-16,3149,268000000,439761000,0,0,2000000,3180000
2025-12-16,1736,181100000,294350000,0,59000000,23061000,28323000
2025-12-16,3017,1615704000,1664131000,171945000,171000000,119792000,255679000
2025-12-16,2102,50000000,239000000,0,0,7000000,2000000
2025-12-16,8464,750455000,943151000,0,2874000,20000000,9863000
2025-12-16,8163,121058000,277000000,0,9163000,15000000,35622000
2025-12-16,1307,90000000,289000000,0,0,9000000,2000000
2025-12-16,00700,5000000,181000000,0,0,240000000,257320000
2025-12-16,6806,375190000,566724000,0,0,9000000,12000000
2025-12-16,2258,114000000,293000000,0,0,64000000,80530000
2025-12-16,3703,164000000,374000000,0,0,45000000,31000000
2025-12-16,1476,306759000,575690000,71000000,1874000,21000000,17451000
2025-12-16,3026,447010000,606000000,2700000,0,12100000,54266000
2025-12-16,2401,580000000,784000000,0,0,32298000,27116000
2025-12-16,8104,865076000,1055232000,0,0,1000,11000000
2025-12-16,5434,389601000,311000000,9000000,291000000,21089000,18974000
2025-12-16,1464,19000000,225672000,0,0,3000000,0
2025-12-16,3535,766200000,972000000,0,0,9000000,9352000
2025-12-16,4904,5697315000,5971759000,0,57000000,244314000,119152000
2025-12-16,2376,998982000,1374120000,28000000,6000000,257250000,111895000
2025-12-16,8996,102000000,307000000,0,56000000,111000000,58699000
2025-12-16,2108,68000000,275000000,0,0,15000000,19000000
2025-12-16,2211,1009000000,3474000000,2260000000,3343000,14000000,17132000
2025-12-16,6269,471000000,634000000,0,0,27210000,78529000
2025-12-16,2731,90000000,312000000,12000000,0,17000000,22907000
2025-12-16,2031,152000000,371000000,0,0,12000000,11518000
2025-12-16,1536,290000000,485073000,0,0,48000000,71581000
2025-12-16,5234,175246000,369000000,8000000,1000000,17160000,49103000
2025-12-16,009812,19010000,495000000,0,0,1189000000,932673000
2025-12-16,3712,229000000,440000000,0,3880000,2075000,7310000
2025-12-16,6205,167000000,383000000,0,0,0,6516000
2025-12-16,00912,0,90000000,0,0,130000000,262647000
2025-12-16,00690,0,118000000,0,0,797000000,903786000
2025-12-16,2362,139000000,369000000,0,0,18000000,15592000
2025-12-16,1522,199000000,386000000,0,4628000,17000000,53626000
2025-12-16,2351,142000000,376000000,0,0,23026000,19205000
2025-12-16,3029,85700000,315000000,0,0,25000000,28469000
2025-12-16,2528,188601000,439200000,0,0,16000000,0
2025-12-16,3694,208570000,449000000,0,0,10000000,6897000
2025-12-16,5225,39000000,271000000,0,0,4000000,10333000
2025-12-16,2489,797000000,998003000,0,0,24000000,62003000
2025-12-16,2387,86000000,346000000,0,3828000,30000000,11188000
2025-12-16,4722,675794000,922000000,0,0,27000000,27456000
2025-12-16,00645,100000,6000,0,0,8000000,255433000
2025-12-16,8105,71000000,319000000,0,0,13000000,13000000
2025-12-16,1603,17000000,265000000,0,0,0,1000000
2025-12-16,1563,75000000,330000000,0,0,5000000,0
2025-12-16,6768,141000000,218000000,0,151183000,5966000,28314000
2025-12-16,3042,343000000,594000000,0,0,15000000,21731000
2025-12-16,2597,80000000,328920000,0,0,11000000,20428000
2025-12-16,2363,420100000,660200000,0,0,22492000,41875000
2025-12-16,2474,1444000000,1295232000,29000000,611829000,202000000,28786000
2025-12-16,00926,15000000,51600000,0,0,287000000,512669000
2025-12-16,1789,153000000,415000000,0,0,30000000,32000000
2025-12-16,2101,230806000,481364000,0,0,39000000,53248000
2025-12-16,2385,1102300000,1278790000,34400000,270686000,270000000,131066000
2025-12-16,3515,277390000,539365000,1000000,1000000,15016000,27177000
2025-12-16,6165,40018000,318000000,0,0,1000000,0
2025-12-16,00946,46000000,745000000,0,0,2567518000,2147890000
2025-12-16,2355,410000000,688000000,0,4066000,18976000,17005000
2025-12-16,1907,350000000,604000000,0,0,55000000,86000000
2025-12-16,3024,46000000,331000000,0,0,0,1000000
2025-12-16,2379,499620000,1617614000,808000000,79214000,122111000,19131000
2025-12-16,3686,62000000,350000000,0,0,1000000,0
2025-12-16,2820,116000000,427000000,0,0,90000000,66000000
2025-12-16,1319,220000000,804500000,157592000,1526000,167325000,32490000
2025-12-16,3005,903889000,1332000000,20000000,2000000,157090000,41240000
2025-12-16,2201,647000000,974640000,0,0,86000000,53299000
2025-12-16,009804,113000000,30000000,0,0,414095000,797377000
2025-12-16,3090,2282000000,2536000000,0,4418000,89053000,131456000
2025-12-16,00763U,0,0,0,0,616783000,917966000
2025-12-16,6753,1101100000,1369000000,35000000,0,20546000,89193000
2025-12-16,2340,775000000,1020000000,0,0,41663000,98278000
2025-12-16,1721,50000000,357000000,0,0,6000000,4922000
2025-12-16,1773,92101000,317400000,0,80400000,16000000,17560000
2025-12-16,1503,311284000,551000000,0,5735000,33000000,95640000
2025-12-16,6901,30000000,361000000,0,0,23000000,2000000
2025-12-16,00646,3186000,396000000,0,0,1450000000,1367393000
2025-12-16,00762,3100000,3000000,0,0,30000000,343091000
2025-12-16,2241,37000000,351000000,0,0,1000000,2000000
2025-12-16,9958,164036000,455000000,0,3000000,16923000,40476000
2025-12-16,4746,116000000,428000000,0,0,1000000,7088000
2025-12-16,1612,177000000,498000000,0,0,12092000,16648000
2025-12-16,5388,342000000,674000000,0,0,22000000,18738000
2025-12-16,9939,271000000,653346000,28000000,400000,47000000,26157000
2025-12-16,2601,69000000,407001000,0,0,6000000,3000000
2025-12-16,2204,367000000,694000000,0,3989000,18520000,22788000
2025-12-16,00905,36000000,118000000,0,0,573048000,828933000
2025-12-16,2458,370000000,1406090000,845000000,162812000,91000000,75425000
2025-12-16,1714,131000000,489000000,0,0,18000000,1000000
2025-12-16,2913,99000000,435000000,0,0,26000000,32000000
2025-12-16,2010,230000000,581000000,0,0,26000000,18000000
2025-12-16,3014,186000000,600000000,178000000,103242000,22195000,27304000
2025-12-16,2393,8055000000,2555000000,188000000,6422104000,418000000,32000000
2025-12-16,2645,426000000,745050000,18000000,0,69000000,122103000
2025-12-16,5243,219000000,588000000,0,0,30228000,23416000
2025-12-16,6781,205981000,537334000,18000000,0,46845000,100350000
2025-12-16,9917,104000000,324000000,0,177000000,45000000,16000000
2025-12-16,009801,151512000,32000000,0,0,805000000,1296555000
2025-12-16,2614,174000000,541880000,0,0,3000000,10000000
2025-12-16,2838,826000000,1257952000,0,0,237000000,183000000
2025-12-16,3035,1519823000,2059695000,0,0,308216000,155377000
2025-12-16,1909,247000000,599000000,0,0,52625000,88000000
2025-12-16,6691,487152000,829740000,0,11000000,27648000,63509000
2025-12-16,3049,470001000,863000000,0,0,4311000,7503000
2025-12-16,3605,327000000,735000000,0,0,29039000,18800000
2025-12-16,2208,588000000,988094000,0,0,33000000,35000000
2025-12-16,1529,165000000,568630000,0,0,2000000,2018000
2025-12-16,00892,64000000,27000000,0,0,982169000,1424536000
2025-12-16,00902,31000000,117000000,0,0,311000000,631241000
2025-12-16,2106,214000000,627000000,0,0,35000000,29187000
2025-12-16,9921,300026000,689500000,0,20000000,54000000,51964000
2025-12-16,3056,154950000,555143000,0,0,17000000,27895000
2025-12-16,2606,2741000000,4634170000,2863000000,305548000,383267000,1462036000
2025-12-16,3543,429000000,846000000,0,0,1000000,0
2025-12-16,3058,123000000,553049000,0,0,6000000,1000000
2025-12-16,3380,581000000,952000000,0,0,32546000,90271000
2025-12-16,3413,101267000,575105000,58000000,1000000,30001000,47341000
2025-12-16,3701,927500000,1372000000,0,0,9000000,8287000
2025-12-16,2511,107000000,548000000,0,0,61000000,68000000
2025-12-16,1434,459000000,939000000,0,0,71000000,51295000
2025-12-16,9945,1667000000,2307400000,260000000,8000000,149368000,233499000
2025-12-16,2498,2914020000,2812000000,0,0,81620000,656244000
2025-12-16,1513,905236000,1315100000,0,45147000,94000000,113875000
2025-12-16,4916,2825047000,2877000000,0,0,11034000,434001000
2025-12-16,3023,313000000,865000000,77205000,49000000,53228000,13811000
2025-12-16,00655L,25000000,198000000,0,0,1717000000,2031077000
2025-12-16,6243,456000000,938000000,0,0,2000000,7185000
2025-12-16,2405,292000000,789000000,0,0,5000000,2000000
2025-12-16,2338,128001000,590000000,0,0,43069000,76341000
2025-12-16,8926,348000000,859000000,0,0,46000000,48949000
2025-12-16,2206,119000000,562000000,0,69527000,32000000,34190000
2025-12-16,5284,320000000,734490000,0,0,18503000,124626000
2025-12-16,00647L,0,18000000,0,0,241000000,757008000
2025-12-16,1582,83000000,616000000,0,0,13000000,14295000
2025-12-16,2451,3068005000,2159800000,83600000,1348145000,52029000,243354000
2025-12-16,4763,1317350000,4508248000,2668000000,52724000,127028000,103535000
2025-12-16,2228,366108000,859409000,0,0,6000000,69995000
2025-12-16,1589,89000000,653118000,0,0,11000000,12781000
2025-12-16,1795,787248000,1484850000,40000000,0,187577000,96866000
2025-12-16,1308,193000000,767000000,0,0,20000000,21906000
2025-12-16,6962,293015000,874000000,0,0,11834000,7597000
2025-12-16,1904,244000000,804000000,0,44975000,65000000,43378000
2025-12-16,009811,525000000,0,0,0,1593000000,2702787000
2025-12-16,1710,149000000,745000000,0,0,32000000,28276000
2025-12-16,8271,660005000,1197000000,0,0,2434000,62330000
2025-12-16,6531,830469000,1066746000,42000000,336000000,68000000,137698000
2025-12-16,3006,1110501000,1423500000,0,0,127372000,431545000
2025-12-16,2912,625373000,1184684000,0,61980000,74000000,74086000
2025-12-16,2383,1453610000,2207308000,104009000,32901000,238214000,177980000
2025-12-16,2049,590359000,1197011000,0,0,42732000,59411000
2025-12-16,6589,270000000,898000000,0,0,13000000,13091000
2025-12-16,2605,3156000000,3066000000,0,0,63420000,787095000
2025-12-16,1305,182000000,805000000,0,0,13000000,24505000
2025-12-16,1519,2497724000,3253845000,209000000,4334000,172321000,257775000
2025-12-16,1229,145251000,794706000,0,0,79000000,70443000
2025-12-16,3714,378000000,1020000000,0,0,38000000,38000000
2025-12-16,3167,1621220000,2279160000,0,0,38115000,46705000
2025-12-16,2347,3527000000,3366353000,63000000,896759000,339270000,338966000
2025-12-16,00850,4260000,139000000,30000000,0,92000000,675145000
2025-12-16,1310,53000000,729000000,0,0,17000000,29344000
2025-12-16,3030,2442500000,1414000000,0,1441000000,64464000,343144000
2025-12-16,9914,758000000,1405000000,0,0,39000000,83801000
2025-12-16,1514,968979000,1544206000,0,0,14000000,135451000
2025-12-16,2630,131000000,819000000,0,0,5010000,16281000
2025-12-16,3661,257686000,766928000,16000000,162000000,155582000,200324000
2025-12-16,00674R,0,0,0,0,402241000,1104006000
2025-12-16,6757,1797000000,1104231000,0,1385000000,26054000,40926000
2025-12-16,00927,30500000,401000000,0,0,1619180000,1965807000
2025-12-16,3011,450000000,1179000000,0,0,7552000,1000000
2025-12-16,2834,5815416000,6445167000,0,1000000,387000000,488000000
2025-12-16,00952,2000000,21000000,0,0,668000000,1384215000
2025-12-16,1313,460000000,1218000000,0,0,42000000,37000000
2025-12-16,6176,2953000000,2771149000,23000000,1070074000,186000000,91958000
2025-12-16,3019,666123000,1382930000,0,0,103000000,181576000
2025-12-16,6278,248522000,974000000,0,42079000,43000000,71184000
2025-12-16,2332,935144000,1771000000,0,0,58631000,19804000
2025-12-16,2034,228870000,863815000,0,0,23000000,200002000
2025-12-16,1608,2077864000,2728010000,0,0,24956000,238716000
2025-12-16,2352,2696179000,3605080000,62000000,85000000,88142000,48595000
2025-12-16,3189,2968103000,3417896000,166000000,3000000,13006000,631890000
2025-12-16,4934,210000000,1119120000,0,0,6024000,3000000
2025-12-16,1727,239000000,1147000000,0,0,5000000,5230000
2025-12-16,00947,7000000,177000000,0,0,295000000,1041181000
2025-12-16,2855,600000000,1513500000,0,6000000,0,0
2025-12-16,00904,58000000,106000000,0,0,480000000,1355015000
2025-12-16,2915,243000000,1119000000,0,3000000,37000000,96000000
2025-12-16,1312,663000000,1351483000,0,0,35391000,294801000
2025-12-16,1304,1116000000,1997000000,0,0,51000000,119628000
2025-12-16,2014,2276000000,2688000000,0,0,270000000,808047000
2025-12-16,2395,1307154000,2250431000,23000000,45642000,60000000,47494000
2025-12-16,9938,174000000,1112000000,0,0,20000000,41133000
2025-12-16,00685L,18170000,22000000,0,0,688506000,1668094000
2025-12-16,009813,500000,24000000,0,0,2936000000,3920000000
2025-12-16,6285,1129010000,2178900000,1000000,69619000,144000000,39017000
2025-12-16,009805,62000000,94000000,0,0,2009000000,3005735000
2025-12-16,6116,1038000000,1973000000,0,0,104000000,227435000
2025-12-16,2903,2094000000,5304000000,2079000000,6000000,113000000,39000000
2025-12-16,2455,687612000,1490000000,0,31000000,25000000,255159000
2025-12-16,9933,550342000,1613982000,0,19000000,42000000,37472000
2025-12-16,6477,822000000,1899000000,0,0,10000000,28435000
2025-12-16,4958,2909119000,3693000000,665000000,1110000000,281353000,153773000
2025-12-16,00692,19000,206000000,0,0,1374000000,2269733000
2025-12-16,2331,4418000000,5044000000,0,0,283870000,761189000
2025-12-16,00964,0,29000000,0,0,865000000,1948993000
2025-12-16,00951,12000000,597000000,0,0,9000000,551931000
2025-12-16,009800,22655000,94000000,0,0,530000000,1597851000
2025-12-16,2887I,943000,1149000000,0,0,0,0
2025-12-16,00934,0,425000000,0,0,850764000,1581718000
2025-12-16,3576,1297000000,2438000000,0,0,66260000,83000000
2025-12-16,2885,22620037000,21553734000,579000000,3899000000,2510251000,1432655000
2025-12-16,00670L,22550000,0,0,0,42000000,1283799000
2025-12-16,6153,248181000,1452529000,0,0,54000000,79325000
2025-12-16,00923,41000000,195000000,0,1000000000,1108054000,1193940000
2025-12-16,3704,597000000,1844000000,0,0,22000000,16710000
2025-12-16,00752,58054000,203000000,0,0,366000000,1488033000
2025-12-16,1905,124000000,1395000000,0,0,38000000,37791000
2025-12-16,2023,270000000,1552860000,0,0,70000000,59001000
2025-12-16,00971,0,48000000,0,0,308000000,1550700000
2025-12-16,2646,862000000,2117000000,0,0,89000000,144000000
2025-12-16,2009,1087000000,2122000000,0,0,26260000,343979000
2025-12-16,00633L,550000000,1487000000,0,0,3913300000,4382097000
2025-12-16,4915,1573800000,1479000000,0,1507276000,48000000,55537000
2025-12-16,2492,884169000,2056000000,1000000,0,33603000,298769000
2025-12-16,1718,285001000,1722000000,0,0,61000000,63000000
2025-12-16,2634,810289000,2063000000,0,0,60200000,249293000
2025-12-16,6209,2832826000,4226000000,0,0,47000000,103022000
2025-12-16,2897,1128000000,2597000000,0,9000000,141000000,125000000
2025-12-16,2329,2956431000,4024500000,0,0,67366000,465034000
2025-12-16,3050,1294000000,2826000000,0,0,3000000,11619000
2025-12-16,6213,1187135000,2588000000,0,0,42300000,209938000
2025-12-16,1210,754000000,2622000000,348000000,29000000,63000000,114631000
2025-12-16,00885,1701350000,3078000000,0,0,583214000,836238000
2025-12-16,8021,6678000000,8296200000,0,0,50000000,83755000
2025-12-16,2412,2335610000,3991391000,0,38000000,276299000,239791000
2025-12-16,2345,1808317000,5129001000,1654063000,11980000,189246000,200535000
2025-12-16,3305,8423166000,10549500000,0,0,544814000,152261000
2025-12-16,1442,5962000000,3895297000,0,3890000000,76154000,18865000
2025-12-16,00983A,52000000,1188000000,0,0,1049000000,1702603000
2025-12-16,2419,1229000000,3082000000,0,0,18245000,21338000
2025-12-16,1722,691000000,1349000000,0,1238000000,36000000,31477000
2025-12-16,2328,656959000,2481000000,0,0,103000000,177403000
2025-12-16,00662,32152000,138000000,0,0,114000000,1992522000
2025-12-16,00935,235100000,623000000,0,0,1385000000,2998773000
2025-12-16,6505,1914500000,3724451000,0,24552000,275303000,462455000
2025-12-16,8046,2885441000,4528265000,60000000,151837000,148000000,459760000
2025-12-16,6257,3169000000,2055100000,51000000,2848000000,172570000,537244000
2025-12-16,2439,2139010000,2101666000,3100000,2105287000,82000000,85767000
2025-12-16,3045,3296713000,5682352000,321000000,29000000,191211000,182830000
2025-12-16,6443,1337000000,3706000000,0,0,530625000,316000000
2025-12-16,2481,2065860000,4873000000,1662000000,392000000,242112000,1014873000
2025-12-16,8070,371025000,2735000000,0,10756000,40000000,40723000
2025-12-16,2441,5764000000,10440000000,2086000000,2000000,619843000,419231000
2025-12-16,1402,2782000000,5220009000,0,23000000,239000000,218240000
2025-12-16,2615,2007555000,4978561000,0,107000000,892695000,261184000
2025-12-16,2633,1193485000,3621417000,0,20000000,95000000,96580000
2025-12-16,00675L,61436000,176000000,0,0,697230000,3034543000
2025-12-16,00830,350400000,1132000000,0,0,552000000,2269776000
2025-12-16,1717,802136000,3064000000,0,0,65136000,309169000
2025-12-16,00989A,4100000,1003000000,0,0,333000000,1842965000
2025-12-16,00894,21100000,297000000,0,0,508000000,2922172000
2025-12-16,2354,1936234000,4533000000,51000000,112707000,135000000,305500000
2025-12-16,4906,1602000000,4604000000,0,13038000,237907000,160114000
2025-12-16,1609,579531000,3441893000,0,35646000,97000000,150629000
2025-12-16,2618,14445500000,19542986000,813000000,307744000,2301646000,720119000
2025-12-16,2105,3260829000,6651350000,9688000,218680000,701000000,131121000
2025-12-16,2308,4513406000,7464259000,115000000,199737000,388095000,473957000
2025-12-16,2449,5057987000,6000479000,1502734000,2475000000,884159000,2203648000
2025-12-16,3715,5822752000,8854256000,60000000,0,358389000,646171000
2025-12-16,2515,4324993000,7585000000,0,0,98000000,200373000
2025-12-16,00900,17151000,554000000,0,0,2270280000,5203474000
2025-12-16,2367,7359312000,10853883000,0,0,529002000,565687000
2025-12-16,2353,5333003000,10066000000,147000000,12624000,1590000000,634018000
2025-12-16,3702,3127532000,13167269000,6389000000,5863000,547003000,620448000
2025-12-16,2406,10815000000,14585000000,0,0,18748000,18388000
2025-12-16,6191,1964283000,5433327000,104000000,0,138002000,586034000
2025-12-16,00631L,109831000,543000000,0,0,661480000,4192869000
2025-12-16,00706L,0,60000000,0,0,944000000,4851158000
2025-12-16,1802,17630993000,18294660000,0,0,737532000,4071489000
2025-12-16,3706,2970048000,6725047000,45000000,250000000,788327000,860352000
2025-12-16,2457,2821000000,6276000000,0,0,292205000,880859000
2025-12-16,2610,13303373000,18129500000,662000000,413000000,1593507000,1232669000
2025-12-16,00891,503593000,1529000000,0,0,2379000000,5769344000
2025-12-16,00757,2270000,910000000,0,0,314000000,3967426000
2025-12-16,1301,3770218000,8688300000,0,0,1016657000,848400000
2025-12-16,00896,146000000,99000000,0,0,2062398000,7254070000
2025-12-16,2356,1556029000,7545000000,137000000,0,791538000,271764000
2025-12-16,2027,3786000000,16283787000,6780000000,0,603530000,369482000
2025-12-16,006208,167216000,1632100000,0,0,1350880000,5405692000
2025-12-16,2801,6217288000,13820676000,2590000000,0,478000000,1143789000
2025-12-16,00650L,112000000,857000000,0,0,1233009000,6193549000
2025-12-16,2327,5139786000,10276933000,111876000,481785000,571000000,1309563000
2025-12-16,4927,5339000000,11598957000,0,0,24000000,33667000
2025-12-16,00984A,130000000,1240000000,0,0,3095000000,8531193000
2025-12-16,5469,3337116000,9827881000,0,0,120735000,199612000
2025-12-16,1102,6033800000,11324697000,3073000000,4970960000,815000000,216470000
2025-12-16,00940,41105000,7573200000,0,0,5022385000,4108007000
2025-12-16,00881,28164000,4983000000,0,0,3200044000,5119164000
2025-12-16,009803,5000000,118000000,0,0,2741920000,9885284000
2025-12-16,1326,7955269000,14946055000,0,16000000,501703000,980666000
2025-12-16,2408,1877634000,7945637000,196191000,343000000,305000000,1606507000
2025-12-16,2313,20671000000,31505279000,3461000000,0,3452500000,4137780000
2025-12-16,00909,61437000,5782000000,0,0,1308000000,3920824000
2025-12-16,1314,2027000000,10082000000,0,0,132000000,521015000
2025-12-16,00985A,310280000,513000000,0,0,3017000000,11273742000
2025-12-16,2330,12301721000,24966800000,2575000000,82931000,2378495000,1132304000
2025-12-16,2882,49798621000,26414071000,140000000,33662256000,2240348000,1032065000
2025-12-16,2891,56062859000,26606545000,1150000000,41928279000,3848139000,1820278000
2025-12-16,00922,32370000,3528000000,0,0,6550821000,12916525000
2025-12-16,00929,3981736000,11316000000,0,0,4604512000,7351785000
2025-12-16,6282,13227032000,21950120000,0,13000000,698605000,2355143000
2025-12-16,00663L,139000000,215000000,0,0,1204730000,11811293000
2025-12-16,00980A,191219000,1388000000,0,0,3852000000,13823689000
2025-12-16,2409,13608291000,24934000000,308809000,76707000,529000000,748651000
2025-12-16,2886,18572302000,33377798000,965000000,64000000,2031309000,512605000
2025-12-16,3231,5405284000,17197786000,485554000,941000000,1087753000,1497997000
2025-12-16,00637L,2435000000,12569000000,0,0,11495346000,14620406000
2025-12-16,2382,6154782000,20655102000,548298000,29139000,1150500000,770226000
2025-12-16,00753L,1283000000,2800000000,0,0,2704000000,15155614000
2025-12-16,00642U,197185000,669000000,0,0,702000000,17138470000
2025-12-16,2371,29788229000,36271335000,9500000,8909631000,1047000000,2901897000
2025-12-16,2317,15695948000,34914010000,1491000000,1192261000,2200611000,1731361000
2025-12-16,2002,4260700000,23211124000,0,85000000,789000000,865052000
2025-12-16,1101,7469000000,26118770000,0,65000000,395000000,1217583000
2025-12-16,2337,17011880000,33627000000,1306000000,0,200319000,4560825000
2025-12-16,00878,182190000,24699000000,0,0,9654813000,6170690000
2025-12-16,2344,71827996000,88153643000,419558000,756000000,5413660000,11266565000
2025-12-16,00665L,363000000,4768000000,0,0,2599000000,21040478000
2025-12-16,3481,16004009000,38326999000,428991000,19000000,325000000,1422865000
2025-12-16,00988A,156000000,8089000000,0,0,1392000000,19148000000
2025-12-16,6770,22888751000,56759036000,164000000,227000000,2404024000,4959627000
2025-12-16,1605,7188001000,43482361000,0,85833000,574000000,3954372000
2025-12-16,00918,379100000,674000000,0,0,3214847000,48277382000
2025-12-16,00715L,150000000,5113000000,0,0,2750000000,45937292000
2025-12-16,00982A,581764000,6523000000,0,0,6513458000,52996748000
2025-12-16,0052,916820000,4317544000,0,0,14936470000,70212504000
2025-12-16,0056,3955672000,14366000000,0,0,302999000,49250569000
2025-12-16,00919,7275477000,30965000000,0,0,16339260000,64022055000
2025-12-16,0050,1693261000,75048853000,0,3523000000,31085738000,45342745000
2025-12-16,00981A,9494801000,9509070000,0,0,9758000000,139876364000
2025-12-16,00679B,17258000000,1364000000,0,0,14914323000,11982446000
2025-12-16,00687B,7523000000,2168000000,0,0,13781067000,6395899000
2025-12-16,00687C,0,0,0,0,50400000,50400000
2025-12-16,00694B,331000000,0,0,0,193924000,504244000
2025-12-16,00695B,58000000,0,0,0,269107000,281113000
2025-12-16,00696B,3037000000,1000000,0,0,2699909000,5478509000
2025-12-16,00697B,16000000,13000000,0,0,135651000,96306000
2025-12-16,00719B,223000000,44000000,0,0,327541000,25950000
2025-12-16,00720B,1063000000,258000000,0,0,2517111000,0
2025-12-16,00722B,183000000,124000000,0,0,2250410000,2183240000
2025-12-16,00723B,0,40000000,0,0,162000000,100000000
2025-12-16,00724B,278000000,11000000,0,0,3526406000,3595250000
2025-12-16,00725B,341000000,938000000,0,0,2353876000,598553000
2025-12-16,00726B,11000000,5000000,0,0,131062000,115442000
2025-12-16,00727B,0,0,0,0,109661000,107199000
2025-12-16,00734B,0,38000000,0,0,524000000,448000000
2025-12-16,00740B,1820000000,0,0,0,1691250000,3365284000
2025-12-16,00741B,0,2000000,0,0,201155000,204000000
2025-12-16,00746B,795000000,1000000,0,0,178000000,963000000
2025-12-16,00749B,4000000,1000000,0,0,103000000,103000000
2025-12-16,00750B,0,1000000,0,0,101000000,100000000
2025-12-16,00751B,480000000,10000000,0,0,612693000,70039000
2025-12-16,00754B,1000000,2000000,0,0,100000000,100000000
2025-12-16,00755B,9000000,31000000,0,0,130004000,100002000
2025-12-16,00756B,12000000,5000000,0,0,138000000,101000000
2025-12-16,00758B,0,0,0,0,100000000,100000000
2025-12-16,00759B,0,0,0,0,101000000,100002000
2025-12-16,00760B,4000000,2000000,0,0,103960000,101528000
2025-12-16,00761B,11000000,141000000,0,0,257469000,103000000
2025-12-16,00764B,990000000,0,0,0,1786034000,2481264000
2025-12-16,00768B,682000000,0,0,0,1343631000,867608000
2025-12-16,00772B,2070330000,31000000,0,0,808697000,1092882000
2025-12-16,00773B,222300000,1000000,0,0,295334000,124384000
2025-12-16,00777B,0,1000000,0,0,100000000,100000000
2025-12-16,00778B,1000000,0,0,0,100000000,100000000
2025-12-16,00779B,3000000,2000000,0,0,300000000,300000000
2025-12-16,00780B,8000000,1000000,0,0,101200000,101000000
2025-12-16,00781B,0,12000000,0,0,136000000,100571000
2025-12-16,00782B,0,7000000,0,0,164000000,100000000
2025-12-16,00785B,25000000,1000000,0,0,101000000,127000000
2025-12-16,00786B,24000000,226000000,0,0,100000000,301000000
2025-12-16,00787B,4000000,0,0,0,21000000,0
2025-12-16,00788B,2000000,5000000,0,0,71000000,0
2025-12-16,00789B,3000000,3000000,0,0,101000000,100000000
2025-12-16,00791B,0,0,0,0,100000000,100000000
2025-12-16,00792B,3000000,36000000,0,0,120149000,100094000
2025-12-16,00793B,0,0,0,0,112001000,101064000
2025-12-16,00795B,2170000000,125000000,0,0,3056519000,2185522000
2025-12-16,00799B,0,0,0,0,168000000,106390000
2025-12-16,00834B,0,0,0,0,100000000,100000000
2025-12-16,00836B,1000000,0,0,0,202000000,200403000
2025-12-16,00840B,0,0,0,0,100000000,100000000
2025-12-16,00841B,0,0,0,0,100000000,100000000
2025-12-16,00842B,0,2000000,0,0,105000000,100000000
2025-12-16,00844B,6000000,0,0,0,0,0
2025-12-16,00845B,0,0,0,0,101000000,101000000
2025-12-16,00846B,0,4000000,0,0,104047000,101000000
2025-12-16,00847B,0,3000000,0,0,305000000,300064000
2025-12-16,00848B,0,0,0,0,302000000,301000000
2025-12-16,00849B,0,0,0,0,303410000,304986000
2025-12-16,00853B,29000000,1000000,0,0,1506072000,1502337000
2025-12-16,00856B,18000000,0,0,0,8000000,12100000
2025-12-16,00857B,567000000,13000000,0,0,897006000,462000000
2025-12-16,00858,0,22000000,0,0,88083000,218951000
2025-12-16,00859B,0,216000000,0,0,2522239000,2569174000
2025-12-16,00860B,0,0,0,0,107928000,102245000
2025-12-16,00862B,74000000,0,0,0,328796000,343062000
2025-12-16,00863B,10000000,16000000,0,0,361000000,351000000
2025-12-16,00864B,1128000000,0,0,0,679000000,546000000
2025-12-16,00870B,10000000,2000000,0,0,2000000,0
2025-12-16,00877,695000000,323000000,0,0,1667678000,1306007000
2025-12-16,00883B,0,3000000,0,0,333252000,302626000
2025-12-16,00884B,0,3000000,0,0,308030000,305788000
2025-12-16,00886,0,0,0,0,1000000,1925000
2025-12-16,00887,2123000000,969000000,0,0,4820355000,2568771000
2025-12-16,00888,0,250000000,0,0,215000000,519921000
2025-12-16,00890B,4000000,27000000,0,0,324000000,300000000
2025-12-16,00928,2000000,114000000,0,0,354265000,279334000
2025-12-16,00931B,964080000,0,0,0,1570895000,791000000
2025-12-16,00933B,4110000000,102000000,0,0,3849235000,1966940000
2025-12-16,00937B,7544000000,2519000000,0,0,11921000000,8166276000
2025-12-16,00942B,2028000000,0,0,0,521001000,416745000
2025-12-16,00948B,2522000000,2225000000,0,0,3796000000,1553400000
2025-12-16,00950B,3304000000,0,0,0,880223000,1685844000
2025-12-16,00955,206500000,1581000000,0,0,800000000,5284989000
2025-12-16,00957B,0,0,0,0,319000000,200063000
2025-12-16,00958B,0,9000000,0,0,936000000,276000000
2025-12-16,00959B,93000000,814000000,0,0,1423837000,59302000
2025-12-16,00966B,0,6000000,0,0,612009000,426243000
2025-12-16,00967B,14000000,0,0,0,706364000,50000000
2025-12-16,00968B,52000000,9000000,0,0,247000000,11968000
2025-12-16,00969B,59000000,17000000,0,0,1102350000,185836000
2025-12-16,00970B,28000000,25000000,0,0,1661118000,549000000
2025-12-16,00980B,0,0,0,0,779000000,88453000
2025-12-16,00980D,13000000,0,0,0,1409000000,557289000
2025-12-16,00980T,0,55000000,0,0,913000000,608470000
2025-12-16,00981B,16000000,504000000,0,0,1166000000,6574934000
2025-12-16,00981D,64000000,9000000,0,0,575000000,4666507000
2025-12-16,00982B,0,1000000,0,0,725065000,734073000
2025-12-16,00983B,0,0,0,0,2023061000,2017000000
2025-12-16,00984B,71000000,0,0,0,2114140000,2125000000
2025-12-16,00986B,20000000,0,0,0,322000000,273000000
2025-12-16,1240,0,3000000,0,0,92000,0
2025-12-16,1264,3000000,0,0,0,0,0
2025-12-16,1268,1000000,1000000,0,0,0,0
2025-12-16,1294,0,2000000,0,0,0,0
2025-12-16,1295,67000000,32000000,0,0,9000,6000000
2025-12-16,1336,0,4000000,0,0,0,0
2025-12-16,1565,18000000,158000000,0,0,2000000,3374000
2025-12-16,1569,92000000,171000000,0,0,1400000,843000
2025-12-16,1570,28000000,26000000,0,0,0,0
2025-12-16,1584,148631000,112000000,0,0,0,815000
2025-12-16,1586,25000000,135000000,0,0,0,0
2025-12-16,1591,27000000,35000000,0,0,5000000,5037000
2025-12-16,1593,1000000,0,0,0,0,0
2025-12-16,1595,21000000,19000000,0,0,1000000,107000
2025-12-16,1599,1000000,0,0,0,0,0
2025-12-16,1777,4000000,6000000,0,0,0,0
2025-12-16,1781,0,1000000,0,0,0,11000
2025-12-16,1784,126002000,104000000,0,0,31925000,64234000
2025-12-16,1785,3367000000,2700000000,7000000,0,253829000,794000000
2025-12-16,1799,30000000,31000000,0,0,0,108000
2025-12-16,1813,0,7000000,0,0,0,0
2025-12-16,1815,5791040000,7206000000,27000000,0,342771000,247990000
2025-12-16,2061,16000000,65000000,0,0,0,0
2025-12-16,2065,8000000,7000000,0,0,0,7000
2025-12-16,2066,8000000,5000000,0,0,0,0
2025-12-16,2067,0,14000000,0,0,0,0
2025-12-16,2070,20000000,3000000,0,0,0,0
2025-12-16,2221,0,6000000,0,0,0,0
2025-12-16,2230,104000000,129000000,0,0,100000,83805000
2025-12-16,2596,5000000,57000000,0,0,0,0
2025-12-16,2640,400000,0,0,0,0,0
2025-12-16,2641,408000000,1275000000,0,0,19000000,49494000
2025-12-16,2643,2000000,0,0,0,0,0
2025-12-16,2718,3000000,10000000,0,0,0,0
2025-12-16,2726,4000000,9000000,0,0,0,1000000
2025-12-16,2729,2000000,0,0,0,0,0
2025-12-16,2732,1000000,5000000,0,0,0,0
2025-12-16,2734,4000000,0,0,0,0,0
2025-12-16,2736,7000000,14000000,0,0,0,0
2025-12-16,2740,0,3000000,0,0,0,0
2025-12-16,2743,21050000,40000000,0,0,2000000,2769000
2025-12-16,2745,41000000,63000000,0,0,7000000,5622000
2025-12-16,2754,2000000,1000000,0,0,0,0
2025-12-16,2755,14000000,29000000,0,0,13000000,0
2025-12-16,2756,4000000,1000000,0,0,0,0
2025-12-16,2916,0,2000000,0,0,0,0
2025-12-16,2926,1000000,0,0,0,0,0
2025-12-16,3066,10000000,0,0,0,0,0
2025-12-16,3071,25000000,53000000,0,0,0,0
2025-12-16,3073,76000000,50000000,0,0,0,0
2025-12-16,3078,581000000,751000000,0,0,24000000,54747000
2025-12-16,3081,2067000000,2349000000,72000000,243000000,662358000,865576000
2025-12-16,3083,28000000,2000000,0,0,1000,0
2025-12-16,3086,16000000,45000000,0,0,0,1125000
2025-12-16,3088,24000000,141688000,0,0,10804000,14000000
2025-12-16,3093,4000000,15000000,0,0,0,0
2025-12-16,3095,0,0,0,0,14000,0
2025-12-16,3105,8103466000,12273022000,14000000,32083000,768282000,1346908000
2025-12-16,3114,0,3000000,0,0,0,0
2025-12-16,3118,1000000,5000000,0,0,0,0
2025-12-16,3122,6000000,17000000,0,0,0,5000
2025-12-16,3128,30000000,150000000,0,0,354000,1153000
2025-12-16,3131,91000000,131150000,4000000,0,21470000,68278000
2025-12-16,3141,198000000,139000000,0,0,1306000,13526000
2025-12-16,3147,23240000,32000000,0,0,0,3672000
2025-12-16,3152,452000000,444000000,0,0,21089000,46755000
2025-12-16,3158,0,2000000,0,0,0,0
2025-12-16,3162,287000000,403000000,0,0,0,0
2025-12-16,3163,260020000,1072608000,0,0,172000000,232298000
2025-12-16,3169,18000000,48000000,0,0,864000,581000
2025-12-16,3171,16000000,7000000,0,0,0,0
2025-12-16,3176,128000000,125000000,0,0,0,0
2025-12-16,3178,1000000,0,0,0,0,0
2025-12-16,3188,103000000,61000000,0,0,1000000,7328000
2025-12-16,3205,17000000,48000000,0,0,0,0
2025-12-16,3206,0,6000000,0,0,0,0
2025-12-16,3207,65000000,216000000,0,0,37117000,6087000
2025-12-16,3211,1714005000,1578000000,144000000,603000000,60511000,153600000
2025-12-16,3213,74025000,149000000,0,2012000,1000000,6263000
2025-12-16,3217,72150000,444000000,0,0,47000000,29278000
2025-12-16,3218,20000000,24000000,0,0,2000000,1766000
2025-12-16,3219,102000000,119000000,0,0,2000000,2183000
2025-12-16,3221,49000000,104000000,0,0,0,0
2025-12-16,3224,1000000,1000000,0,0,0,0
2025-12-16,3227,712000000,756000000,148000000,0,60000000,69266000
2025-12-16,3228,53000000,78000000,0,0,4081000,3524000
2025-12-16,3230,35000000,96000000,0,0,1000,8001000
2025-12-16,3232,0,1000000,0,0,0,0
2025-12-16,3234,317000000,129000000,0,0,2000000,1374000
2025-12-16,3236,498000000,764000000,0,0,0,435000
2025-12-16,3252,0,0,0,0,9000,0
2025-12-16,3259,0,2000000,0,0,0,0
2025-12-16,3260,2681010000,3603450000,301576000,450000000,47338000,1592454000
2025-12-16,3264,1892700000,3051000000,41900000,1772000,84277000,554192000
2025-12-16,3265,241100000,561000000,0,0,15148000,104958000
2025-12-16,3268,3000000,1000000,0,0,0,0
2025-12-16,3272,0,4000000,0,0,0,0
2025-12-16,3276,27000000,7000000,0,0,0,0
2025-12-16,3284,2000000,54000000,0,0,0,1000
2025-12-16,3285,2000000,1000000,0,0,0,0
2025-12-16,3287,16000000,20000000,0,0,1000000,541000
2025-12-16,3289,123275000,155000000,0,0,4172000,4627000
2025-12-16,3290,150000000,86000000,0,0,25100000,5563000
2025-12-16,3293,187845000,884100000,1000000,0,202000000,226250000
2025-12-16,3294,198000000,228000000,0,0,2000000,8945000
2025-12-16,3297,173000000,39000000,0,0,1000000,1255000
2025-12-16,3303,7000000,47000000,0,0,0,268000
2025-12-16,3306,92000000,46000000,0,0,0,0
2025-12-16,3310,13000000,27000000,0,0,0,5000000
2025-12-16,3313,75000000,100000000,0,0,2000000,2232000
2025-12-16,3317,91000000,128000000,0,0,1000000,2729000
2025-12-16,3322,472000000,835000000,0,0,0,2815000
2025-12-16,3323,1013050000,561000000,0,0,3454000,4645000
2025-12-16,3324,639556000,617300000,2000000,18000000,27691000,189371000
2025-12-16,3325,20000000,0,0,0,0,0
2025-12-16,3332,3000000,47000000,0,0,0,0
2025-12-16,3339,30000000,116000000,0,0,0,1000000
2025-12-16,3349,73000000,4000000,0,0,0,0
2025-12-16,3354,35000000,40000000,0,0,5000000,5000000
2025-12-16,3357,252000000,156000000,0,1983000,2071000,49325000
2025-12-16,3360,28000000,4000000,0,0,0,1000
2025-12-16,3362,126000000,284000000,0,0,6200000,8541000
2025-12-16,3363,37000000,87385000,0,0,2000000,21087000
2025-12-16,3372,110000000,242000000,0,0,2000000,2416000
2025-12-16,3373,3000000,16000000,0,0,0,0
2025-12-16,3374,437000000,734130000,0,0,68000000,69350000
2025-12-16,3379,83000000,86000000,0,0,0,0
2025-12-16,3388,0,4000000,0,0,0,0
2025-12-16,3390,27000000,36000000,0,0,0,0
2025-12-16,3402,195000000,126000000,0,2155000,8000000,42052000
2025-12-16,3430,104000000,186000000,0,0,1000000,384000
2025-12-16,3434,38000000,50000000,0,0,0,0
2025-12-16,3438,30000000,58000000,0,0,0,0
2025-12-16,3441,147000000,87000000,0,0,2000000,0
2025-12-16,3444,40000000,42000000,0,0,0,0
2025-12-16,3455,97000000,140000000,0,0,3000000,6785000
2025-12-16,3466,107500000,217000000,0,0,0,91000
2025-12-16,3467,15000000,9000000,0,0,0,0
2025-12-16,3479,74000000,157000000,0,1973000,6000000,10648000
2025-12-16,3483,76000000,143000000,0,0,1884000,519000
2025-12-16,3484,4000000,103000000,0,0,0,278000
2025-12-16,3489,0,11000000,0,0,0,0
2025-12-16,3490,295000000,440000000,0,0,8000000,4028000
2025-12-16,3491,1543000000,1472837000,0,0,34300000,167901000
2025-12-16,3492,4000000,26000000,0,0,0,2000
2025-12-16,3498,75000000,220000000,0,0,84511000,7363000
2025-12-16,3499,5000000,9000000,0,0,2000000,2551000
2025-12-16,3508,1000000,3000000,0,0,0,9000
2025-12-16,3511,14000000,46000000,0,0,1000000,472000
2025-12-16,3516,0,1000000,0,0,0,0
2025-12-16,3520,55000000,62000000,0,0,0,0
2025-12-16,3521,10000000,28000000,0,0,0,0
2025-12-16,3522,4000000,4000000,0,0,176000,0
2025-12-16,3526,56000000,42000000,0,904000,2410000,10952000
2025-12-16,3527,87000000,85000000,0,0,0,271000
2025-12-16,3529,187182000,574880000,0,41389000,74069000,139924000
2025-12-16,3537,79000000,188000000,0,0,0,1000
2025-12-16,3540,22000000,31000000,0,0,0,326000
2025-12-16,3546,42000000,66001000,0,0,2100000,12611000
2025-12-16,3548,120000000,75000000,0,0,1199000,1741000
2025-12-16,3551,1004001000,406000000,0,0,4936000,158916000
2025-12-16,3552,24000000,94000000,0,0,2000000,1973000
2025-12-16,3555,682000000,847000000,0,0,20000,8002000
2025-12-16,3556,1000000,1000000,0,0,0,0
2025-12-16,3558,31000000,62000000,0,0,2694000,8046000
2025-12-16,3564,30000000,35000000,0,0,10000,1000
2025-12-16,3567,0,1000000,0,0,0,0
2025-12-16,3570,0,1000000,0,0,0,0
2025-12-16,3577,16000000,39000000,0,0,230000,8141000
2025-12-16,3580,9000000,74000000,0,0,1021000,966000
2025-12-16,3581,165000000,156000000,0,0,1000000,852000
2025-12-16,3587,85000000,99000000,0,0,25000000,19722000
2025-12-16,3594,7000000,30000000,0,0,1000000,1303000
2025-12-16,3597,0,2000000,0,0,0,0
2025-12-16,3609,12000000,42000000,0,0,0,3000000
2025-12-16,3611,15000000,14000000,0,0,0,0
2025-12-16,3615,76000000,159000000,0,0,0,0
2025-12-16,3623,1000000,3000000,0,0,503000,1000000
2025-12-16,3624,608000000,574000000,0,0,1777000,73012000
2025-12-16,3625,138000000,120000000,0,0,0,0
2025-12-16,3628,208000000,122000000,0,0,8000000,7983000
2025-12-16,3630,208000000,152000000,0,0,1325000,1355000
2025-12-16,3631,0,4000000,0,0,0,0
2025-12-16,3646,0,4000000,0,0,0,0
2025-12-16,3663,146000000,411000000,0,0,16808000,18841000
2025-12-16,3664,0,2000000,0,0,0,0
2025-12-16,3666,2000000,13000000,0,0,0,0
2025-12-16,3672,9000000,4000000,0,0,0,0
2025-12-16,3675,23000000,30000000,0,0,8000000,7985000
2025-12-16,3680,247000000,1316000000,0,0,83000000,253514000
2025-12-16,3684,8000000,6000000,0,0,0,0
2025-12-16,3685,11000000,0,0,0,0,0
2025-12-16,3687,47000000,23000000,0,0,0,3000000
2025-12-16,3689,174000000,520000000,0,0,3000000,35639000
2025-12-16,3691,280000000,381000000,0,0,25000000,18063000
2025-12-16,3693,100000000,113000000,0,15000000,1000000,17480000
2025-12-16,3707,465005000,770000000,0,0,7006000,22154000
2025-12-16,3709,785000000,574000000,0,0,9622000,113426000
2025-12-16,3710,101000000,106475000,0,0,0,0
2025-12-16,3713,5000000,18000000,0,0,0,0
2025-12-16,4102,0,8000000,0,0,0,0
2025-12-16,4105,175000000,276000000,0,2000000,105000000,0
2025-12-16,4107,25000000,2000000,0,0,0,4000
2025-12-16,4109,8000000,4000000,0,0,0,1000
2025-12-16,4111,3100000,40000000,0,0,0,0
2025-12-16,4113,38000000,15007000,0,0,0,0
2025-12-16,4114,156000000,255007000,0,0,1000000,6535000
2025-12-16,4116,0,1000000,0,0,0,0
2025-12-16,4120,21000000,5000000,0,0,0,0
2025-12-16,4121,7000000,20000000,0,0,0,0
2025-12-16,4123,409933000,230709000,0,0,4000000,30656000
2025-12-16,4126,1000000,12000000,0,0,97000,0
2025-12-16,4127,0,1000000,0,0,0,0
2025-12-16,4128,215005000,291000000,0,0,6000000,1000
2025-12-16,4129,53000000,19000000,0,0,0,10965000
2025-12-16,4130,113000000,46000000,0,0,0,0
2025-12-16,4131,1000000,8000000,0,0,0,0
2025-12-16,4138,18000000,0,0,0,0,0
2025-12-16,4139,2000000,2000000,0,0,0,0
2025-12-16,4147,29000000,262000000,0,0,3000000,3430000
2025-12-16,4153,0,1000000,0,0,0,0
2025-12-16,4157,5007003000,5791000000,0,0,225115000,18168000
2025-12-16,4160,2001000,7000000,0,0,0,0
2025-12-16,4161,0,1000000,0,0,0,0
2025-12-16,4162,114000000,62000000,0,0,0,3197000
2025-12-16,4163,3000000,1000000,0,0,0,0
2025-12-16,4166,20000000,0,0,0,0,0
2025-12-16,4167,46000000,221000000,0,0,5000000,6596000
2025-12-16,4168,159000000,310000000,0,0,1309000,932000
2025-12-16,4171,7000000,10000000,0,0,0,219000
2025-12-16,4173,5000000,17000000,0,0,0,0
2025-12-16,4174,128068000,228052000,0,0,1000000,583000
2025-12-16,4175,1000000,4000000,0,0,0,0
2025-12-16,4188,0,1000000,0,0,0,0
2025-12-16,4207,59000000,59000000,0,0,0,0
2025-12-16,4303,183100000,166000000,0,0,16000000,62607000
2025-12-16,4305,0,2000000,0,0,0,0
2025-12-16,4401,2000000,3000000,0,0,0,0
2025-12-16,4413,2000000,0,0,0,0,0
2025-12-16,4416,18000000,15000000,0,0,0,5052000
2025-12-16,4417,5000000,70000000,0,0,1000000,519000
2025-12-16,4420,8000000,1000000,0,0,0,0
2025-12-16,4433,16000000,1000000,0,0,636000,1000000
2025-12-16,4442,0,3000000,0,0,0,0
2025-12-16,4502,1000000,0,0,0,0,0
2025-12-16,4503,62000000,83000000,0,0,100000,1711000
2025-12-16,4506,41000000,43000000,0,0,0,0
2025-12-16,4510,285400000,145000000,0,0,1134000,2684000
2025-12-16,4513,36001000,21000000,0,0,2000000,2387000
2025-12-16,4523,28000000,72000000,0,0,0,4506000
2025-12-16,4527,1000000,4000000,0,0,0,0
2025-12-16,4528,0,2000000,0,0,0,0
2025-12-16,4530,0,1000000,0,0,18000,0
2025-12-16,4533,143000000,217000000,0,0,0,1001000
2025-12-16,4534,11000000,26000000,0,0,1000000,887000
2025-12-16,4538,0,1000000,0,0,0,0
2025-12-16,4541,98000000,242000000,0,0,4000000,12897000
2025-12-16,4542,35000000,0,0,0,134000000,1000000
2025-12-16,4543,34000000,28000000,0,0,0,0
2025-12-16,4549,20000000,58020000,0,30000000,2177000,6089000
2025-12-16,4554,0,1000000,0,0,0,0
2025-12-16,4556,1000000,0,0,0,0,0
2025-12-16,4558,0,11000000,0,0,0,0
2025-12-16,4561,17000000,32000000,0,0,10000,0
2025-12-16,4563,15000000,15000000,0,0,1000000,299000
2025-12-16,4568,2000000,0,0,0,0,0
2025-12-16,4577,415000000,1299000000,0,0,8000000,8651000
2025-12-16,4580,8000000,29000000,0,0,0,0
2025-12-16,4702,4000000,6000000,0,0,0,0
2025-12-16,4707,37000000,12000000,0,0,0,0
2025-12-16,4711,0,0,0,0,0,135000
2025-12-16,4714,159000000,289000000,0,0,0,59000
2025-12-16,4716,20000000,51000000,0,0,0,0
2025-12-16,4721,82000000,135000000,0,0,4000,20254000
2025-12-16,4726,11000000,34000000,0,0,2000000,1788000
2025-12-16,4728,3000000,0,0,0,0,0
2025-12-16,4729,112000000,85000000,0,0,0,0
2025-12-16,4735,1000000,2000000,0,0,0,0
2025-12-16,4741,2000000,3000000,0,0,356000,0
2025-12-16,4743,558012000,845088000,0,0,12000000,3399000
2025-12-16,4744,6000000,136000000,0,0,0,0
2025-12-16,4745,20000000,16000000,0,0,0,0
2025-12-16,4747,1000000,2000000,0,0,0,0
2025-12-16,4749,125005000,304000000,25000000,0,46130000,143258000
2025-12-16,4760,112000000,84000000,0,0,5000000,10346000
2025-12-16,4768,1945185000,1231000000,0,0,17878000,32191000
2025-12-16,4772,236125000,473000000,0,0,30135000,99161000
2025-12-16,4903,2027000000,1114000000,0,0,5000000,5526000
2025-12-16,4907,5000000,4000000,0,0,0,0
2025-12-16,4908,49000000,125000000,0,0,2000000,7098000
2025-12-16,4909,893000000,1184000000,0,0,54163000,30400000
2025-12-16,4911,1000000,2000000,0,0,0,0
2025-12-16,4923,0,1000000,0,0,0,0
2025-12-16,4931,80000000,140000000,0,66000000,26000000,23809000
2025-12-16,4933,25000000,42000000,0,0,0,1000000
2025-12-16,4939,1579000000,2068000000,0,0,0,0
2025-12-16,4946,0,12000000,0,0,0,0
2025-12-16,4950,2000000,1000000,0,0,0,0
2025-12-16,4951,5000000,37000000,0,0,0,41000
2025-12-16,4953,123000000,134000000,0,2003000,5132000,2541000
2025-12-16,4966,245595000,436519000,124000000,66000000,11000000,22044000
2025-12-16,4971,5297204000,5909000000,15000000,0,244112000,347881000
2025-12-16,4972,0,1000000,0,0,0,0
2025-12-16,4973,122000000,239000000,0,0,0,0
2025-12-16,4974,23000000,64000000,0,0,1169000,9693000
2025-12-16,4979,6073270000,3712997000,0,2438000000,285101000,509389000
2025-12-16,4987,0,3000000,0,0,0,0
2025-12-16,4991,744000000,166005000,0,0,193000000,345000000
2025-12-16,4995,0,2000000,0,0,0,0
2025-12-16,5009,312000000,1305000000,0,0,48000000,115156000
2025-12-16,5014,7000000,3000000,0,0,1000000,500000
2025-12-16,5015,0,2000000,0,0,0,0
2025-12-16,5016,0,6000000,0,0,0,0
2025-12-16,5201,74000000,167000000,0,0,0,0
2025-12-16,5202,31000000,63000000,0,0,0,0
2025-12-16,5206,4000000,4000000,0,0,0,0
2025-12-16,5209,7000000,1000000,0,0,0,0
2025-12-16,5210,6000000,9000000,0,0,1000000,47000
2025-12-16,5213,187014000,35000000,0,0,0,0
2025-12-16,5220,0,1000000,0,0,0,0
2025-12-16,5223,0,2000000,0,0,0,0
2025-12-16,5227,20000000,15001000,0,0,0,613000
2025-12-16,5228,1000000,0,0,0,0,0
2025-12-16,5230,1000000,47000000,0,0,0,6000
2025-12-16,5236,6000000,72004000,0,0,2000000,7142000
2025-12-16,5245,1000000,2000000,0,0,0,0
2025-12-16,5251,53000000,44000000,0,0,5000000,5152000
2025-12-16,5263,33000000,50000000,0,0,20000000,0
2025-12-16,5272,4000000,3000000,0,0,0,7000
2025-12-16,5274,372007000,500688000,108483000,24000000,17193000,13401000
2025-12-16,5278,65000000,135000000,0,0,2000000,1481000
2025-12-16,5287,19000000,16864000,0,0,0,0
2025-12-16,5289,641010000,948002000,1000000,6000000,54873000,110174000
2025-12-16,5291,4000000,1000000,0,0,0,0
2025-12-16,5299,1000000,6000000,0,0,0,0
2025-12-16,5301,0,5000000,0,0,0,0
2025-12-16,5302,8000000,8000000,0,0,0,0
2025-12-16,5309,8014130000,12176010000,0,5000000,299912000,677043000
2025-12-16,5312,7000000,5000000,0,0,0,0
2025-12-16,5314,1631315000,1213050000,0,0,60518000,59764000
2025-12-16,5315,390000000,149000000,0,0,0,0
2025-12-16,5321,2000000,15000000,0,0,0,0
2025-12-16,5328,659000000,747000000,0,0,3000000,2455000
2025-12-16,5340,1277000000,579000000,0,0,4000000,60519000
2025-12-16,5347,3363080000,3588000000,489430000,6165000,231170000,226918000
2025-12-16,5351,923000000,2145000000,0,0,17000000,17655000
2025-12-16,5353,0,1000000,0,0,0,0
2025-12-16,5355,0,32000000,0,0,0,0
2025-12-16,5356,0,9000000,0,0,0,0
2025-12-16,5364,2000000,12000000,0,0,0,0
2025-12-16,5371,875150000,1741730000,0,3457000,87050000,712182000
2025-12-16,5381,1188000000,2214000000,0,0,14188000,730000
2025-12-16,5386,94075000,233001000,0,0,0,0
2025-12-16,5392,516000000,300000000,0,0,7000,238097000
2025-12-16,5398,17000000,68000000,0,0,0,0
2025-12-16,5403,3000000,1000000,0,0,0,0
2025-12-16,5410,18000000,127000000,0,0,2000000,1447000
2025-12-16,5425,348000000,753084000,0,4127000,40000000,131488000
2025-12-16,5426,20000000,114000000,0,0,8000000,8163000
2025-12-16,5432,100000000,155000000,0,0,0,1000
2025-12-16,5438,58000000,40000000,0,0,0,1000
2025-12-16,5439,2386000000,3221000000,33000000,1000000,240728000,297600000
2025-12-16,5443,242000000,196000000,0,0,5146000,26357000
2025-12-16,5450,4000000,0,0,0,0,0
2025-12-16,5452,329000000,643000000,0,0,1000000,287000
2025-12-16,5455,0,2000000,0,0,0,0
2025-12-16,5457,97000000,66000000,0,7000000,9489000,6000000
2025-12-16,5460,5000000,1000000,0,0,0,0
2025-12-16,5464,1000000,0,0,0,1000000,0
2025-12-16,5465,41000000,112000000,0,0,50000,35000
2025-12-16,5468,9000000,48000000,0,0,0,0
2025-12-16,5474,9000000,47000000,0,0,4024000,6822000
2025-12-16,5475,229000000,108000000,0,0,0,0
2025-12-16,5478,18000000,79276000,0,0,1000000,990000
2025-12-16,5481,60000000,200000000,0,0,0,0
2025-12-16,5483,2393830000,1133000000,558000000,2190107000,73933000,75360000
2025-12-16,5488,1000000,0,0,0,3000000,3000000
2025-12-16,5489,7000000,3000000,0,0,1000,0
2025-12-16,5490,57000000,299000000,0,0,0,2073000
2025-12-16,5493,181000000,61000000,0,0,40000,0
2025-12-16,5498,19765086000,20726000000,0,0,1527633000,768970000
2025-12-16,5508,2000000000,603000000,0,2720000000,120233000,43578000
2025-12-16,5511,11000000,10000000,0,0,0,0
2025-12-16,5512,92000000,326000000,0,0,0,0
2025-12-16,5514,107000000,102000000,0,0,0,0
2025-12-16,5520,1000000,1000000,0,0,0,0
2025-12-16,5523,0,1000000,0,0,0,0
2025-12-16,5529,1000000,1000000,0,0,0,0
2025-12-16,5530,52000000,234000000,0,0,0,0
2025-12-16,5536,915000000,916350000,109000000,58000000,40830000,120775000
2025-12-16,5543,3000000,0,0,0,0,0
2025-12-16,5548,5000000,0,0,0,0,0
2025-12-16,5601,0,0,0,0,340000,0
2025-12-16,5603,4000000,1000000,0,0,0,5000
2025-12-16,5604,1000000,0,0,0,0,0
2025-12-16,5609,4000000,25000000,0,0,0,0
2025-12-16,5864,82882000,207000000,0,0,0,0
2025-12-16,5903,10000000,9000000,0,8000000,7000000,99000
2025-12-16,5904,161000000,160009000,0,1000000,200000,0
2025-12-16,5905,273000000,275000000,0,0,5000000,5029000
2025-12-16,6015,10000000,10000000,0,0,0,0
2025-12-16,6016,246000000,69000000,0,0,0,0
2025-12-16,6020,1000000,9000000,0,0,0,0
2025-12-16,6021,0,31000000,0,0,0,0
2025-12-16,6023,6000000,34000000,0,0,0,0
2025-12-16,6026,67000000,178000000,0,0,0,0
2025-12-16,6104,1695300000,1816000000,0,0,45266000,27526000
2025-12-16,6109,0,0,0,0,0,4000
2025-12-16,6111,47000000,108000000,0,0,134000,27310000
2025-12-16,6113,37000000,47000000,0,0,0,107000
2025-12-16,6114,5000000,6000000,0,0,0,0
2025-12-16,6118,38000000,110000000,0,0,5000000,5000000
2025-12-16,6121,223000000,487750000,232000000,7966000,29224000,13815000
2025-12-16,6122,68001000,63000000,0,0,0,2000
2025-12-16,6123,4000000,9000000,0,0,0,105000
2025-12-16,6124,0,1000000,0,0,0,0
2025-12-16,6125,468000000,619001000,0,0,9490000,36232000
2025-12-16,6126,224000000,639000000,0,0,0,236000
2025-12-16,6127,5222000000,5704000000,0,0,16471000,136231000
2025-12-16,6129,51000000,1000000,0,0,0,113000
2025-12-16,6130,85000000,77000000,0,0,0,0
2025-12-16,6134,117000000,308000000,0,0,1000000,2708000
2025-12-16,6138,196000000,140000000,0,13229000,789000,7115000
2025-12-16,6140,13000000,39000000,0,0,60000,0
2025-12-16,6143,114000000,192000000,0,0,10000000,18285000
2025-12-16,6146,108000000,142000000,0,0,0,1456000
2025-12-16,6147,881000000,1595000000,527000000,12770000,11391000,6446000
2025-12-16,6148,62000000,127000000,0,0,0,68000
2025-12-16,6150,45000000,107000000,0,0,1000000,5819000
2025-12-16,6151,3000000,56000000,0,0,0,0
2025-12-16,6154,3000000,0,0,0,0,0
2025-12-16,6156,86000000,81000000,0,0,0,0
2025-12-16,6158,0,1000000,0,0,0,0
2025-12-16,6160,79000000,14000000,0,0,0,9000
2025-12-16,6161,28000000,68000000,0,0,0,0
2025-12-16,6163,72000000,218000000,0,0,1000000,37000000
2025-12-16,6167,276000000,113000000,0,0,0,0
2025-12-16,6169,0,1000000,0,0,0,0
2025-12-16,6170,35000000,77000000,0,0,0,0
2025-12-16,6171,0,4000000,0,0,0,0
2025-12-16,6173,702005000,568000000,0,0,12000000,143673000
2025-12-16,6174,1000000,12000000,0,0,0,0
2025-12-16,6175,806000000,556000000,0,0,9000000,78582000
2025-12-16,6179,557000000,173000000,0,0,1000000,93382000
2025-12-16,6180,152000000,212000000,0,876000,3000000,2169000
2025-12-16,6182,928003000,1859486000,0,0,184408000,268559000
2025-12-16,6185,119000000,146000000,0,0,0,15000000
2025-12-16,6186,58000000,115001000,0,0,1000000,557000
2025-12-16,6187,531000000,575011000,1000000,0,12889000,26488000
2025-12-16,6188,604000000,484000000,87000000,0,8036000,44341000
2025-12-16,6190,2623000000,1815150000,0,0,195544000,120992000
2025-12-16,6194,27000000,33000000,0,0,14000,0
2025-12-16,6195,1000000,10000000,0,0,0,0
2025-12-16,6199,29000000,13000000,0,0,315000,1000000
2025-12-16,006201,0,14000000,30000000,0,22490000,77398000
2025-12-16,6203,36000000,140000000,0,0,14000000,3510000
2025-12-16,6204,115000000,62000000,0,0,34000,0
2025-12-16,6207,76000000,67000000,0,0,4000000,4523000
2025-12-16,6208,1000000,9000000,0,0,0,21000
2025-12-16,6212,0,2000000,0,0,0,0
2025-12-16,6217,541000000,610000000,0,0,1178000,10699000
2025-12-16,6218,62000000,69000000,0,0,3000,0
2025-12-16,6219,3000000,2000000,0,0,1000000,855000
2025-12-16,6220,54000000,142000000,0,0,1000000,0
2025-12-16,6221,120513000,77000000,0,0,0,0
2025-12-16,6222,2000000,2000000,0,0,0,0
2025-12-16,6223,469006000,590871000,85000000,62000000,56420000,82234000
2025-12-16,6227,19000000,78000000,0,0,2003000,7111000
2025-12-16,6229,0,7000000,0,0,0,7000
2025-12-16,6231,144000000,261000000,0,0,31696000,18784000
2025-12-16,6233,27000000,23000000,0,0,0,0
2025-12-16,6234,305000000,1046000000,0,0,11000000,3676000
2025-12-16,6237,78000000,49000000,0,0,1000,1399000
2025-12-16,6240,0,0,0,0,1000000,0
2025-12-16,6241,2000000,0,0,0,0,0
2025-12-16,6242,0,1000000,0,0,0,0
2025-12-16,6244,1285000000,1318420000,0,0,71984000,43000000
2025-12-16,6245,59000000,240000000,0,2540000,7000000,14607000
2025-12-16,6246,0,8000000,0,0,0,0
2025-12-16,6248,8000000,4000000,0,0,0,20000
2025-12-16,6259,4000000,15000000,0,0,0,0
2025-12-16,6261,147000000,92000000,0,0,26000000,0
2025-12-16,6263,0,13000000,0,0,0,0
2025-12-16,6264,5000000,0,0,0,0,0
2025-12-16,6265,847000000,2231000000,0,0,0,0
2025-12-16,6266,49000000,18002000,0,0,3000000,3446000
2025-12-16,6270,15000000,15000000,0,0,0,0
2025-12-16,6274,2727640000,5712600000,335000000,6000000,488598000,1572952000
2025-12-16,6275,202000000,119000000,0,0,0,0
2025-12-16,6276,1000000,3000000,0,0,0,0
2025-12-16,6279,55550000,158002000,0,0,2000000,3442000
2025-12-16,6284,230000000,122000000,0,0,6000000,24471000
2025-12-16,6290,1841087000,3290050000,1700000,0,45000000,182277000
2025-12-16,6291,718000000,675000000,0,0,59805000,3555000
2025-12-16,6292,7000000,1000000,0,0,0,0
2025-12-16,6294,2000000,1000000,0,0,0,0
2025-12-16,6411,62000000,100000000,0,0,4000000,5404000
2025-12-16,6417,0,6000000,0,0,0,0
2025-12-16,6418,341000000,104000000,0,0,5000000,5000000
2025-12-16,6419,114000000,46000000,0,0,0,114000
2025-12-16,6425,194000000,192000000,0,0,0,0
2025-12-16,6432,125000000,125000000,0,0,0,0
2025-12-16,6435,104000000,111000000,0,0,1000000,4741000
2025-12-16,6461,17000000,4000000,0,0,0,107000
2025-12-16,6462,193000000,206000000,0,0,17703000,20220000
2025-12-16,6465,171000000,27000000,0,0,22075000,23000000
2025-12-16,6469,73011000,206000000,0,0,5000000,8221000
2025-12-16,6470,6000000,25000000,0,0,0,120000
2025-12-16,6474,0,0,0,0,0,882000
2025-12-16,6485,125030000,112018000,0,0,3000000,3119000
2025-12-16,6486,18000000,34000000,0,0,0,0
2025-12-16,6488,920000000,847000000,6955000,425000000,121450000,119868000
2025-12-16,6492,60000000,54000000,0,0,1000000,718000
2025-12-16,6494,2000000,8000000,0,0,0,0
2025-12-16,6496,0,1000000,0,0,0,0
2025-12-16,6498,24000000,11000000,0,0,175000,0
2025-12-16,6499,46000000,217000000,0,0,4000000,3799000
2025-12-16,6508,4000000,1000000,0,0,0,0
2025-12-16,6509,108000000,248000000,0,11000000,0,0
2025-12-16,6510,406000000,644900000,0,0,28554000,89069000
2025-12-16,6516,1000000,6000000,0,0,0,0
2025-12-16,6517,46000000,58000000,0,0,1000000,540000
2025-12-16,6523,21000000,11000000,0,0,563000,1000000
2025-12-16,6530,352000000,184000000,0,0,1000000,2017000
2025-12-16,6532,13000000,18000000,0,0,0,0
2025-12-16,6535,67000000,48001000,0,0,1000000,991000
2025-12-16,6538,79000000,211000000,0,155000,1000000,3062000
2025-12-16,6542,0,1000000,0,0,0,0
2025-12-16,6546,56000000,71000000,0,0,1008000,1027000
2025-12-16,6547,211000000,233000000,0,0,26305000,61828000
2025-12-16,6548,947000000,592000000,1000000,4000000,15000000,32991000
2025-12-16,6556,1000000,0,0,0,0,0
2025-12-16,6560,22000000,47000000,0,0,0,301000
2025-12-16,6561,15000000,109000000,0,0,0,0
2025-12-16,6568,164000000,197000000,0,0,9884000,1452000
2025-12-16,6569,6000000,3000000,0,0,0,0
2025-12-16,6570,4000000,2000000,0,0,0,0
2025-12-16,6576,9000000,12000000,0,0,0,0
2025-12-16,6577,290000,14000000,0,0,0,0
2025-12-16,6578,13000000,25000000,0,0,0,0
2025-12-16,6584,702000000,411000000,0,0,13465000,46516000
2025-12-16,6588,1192000000,1059000000,0,0,0,7343000
2025-12-16,6593,3000000,0,0,0,0,1000
2025-12-16,6596,28000000,138000000,0,0,20000000,13313000
2025-12-16,6603,1241000000,1674000000,0,0,1000000,571000
2025-12-16,6609,98000000,17000000,0,0,0,8000000
2025-12-16,6612,2000000,3000000,0,0,0,0
2025-12-16,6613,43000000,36000000,0,2196000,2569000,1172000
2025-12-16,6615,0,1000000,0,0,0,0
2025-12-16,6616,0,1000000,0,0,0,0
2025-12-16,6617,30000000,88000000,0,0,0,50000
2025-12-16,6624,1000000,0,0,0,23000000,9000000
2025-12-16,6629,6000000,0,0,0,0,31000
2025-12-16,6637,1000000,0,0,0,0,0
2025-12-16,6640,67000000,22000000,0,0,2828000,8897000
2025-12-16,6642,27000000,24000000,0,0,0,0
2025-12-16,6643,75150000,242000000,0,0,17105000,23828000
2025-12-16,6649,36000000,6000000,0,0,2000,19000
2025-12-16,6651,20015000,5000000,0,0,13000,0
2025-12-16,6654,0,1000000,0,0,0,0
2025-12-16,6664,273000000,418500000,0,0,92956000,14235000
2025-12-16,6667,538000000,317000000,0,0,20372000,53295000
2025-12-16,6679,45000000,64000000,0,0,3227000,7818000
2025-12-16,6680,2000000,3000000,0,0,0,312000
2025-12-16,6683,135000000,265000000,2000000,0,17589000,27672000
2025-12-16,6684,18000000,53000000,0,0,0,0
2025-12-16,6690,9000000,2006000,0,0,0,0
2025-12-16,6692,2000000,0,0,0,5004000,5000000
2025-12-16,6693,16000000,38000000,0,0,0,0
2025-12-16,6697,1000000,3000000,0,0,0,0
2025-12-16,6703,2001000,0,0,0,0,45000
2025-12-16,6708,3000000,0,0,0,0,0
2025-12-16,6712,30000000,24005000,0,0,0,4273000
2025-12-16,6716,9000000,3000000,0,0,0,0
2025-12-16,6720,3000000,1000000,0,0,0,0
2025-12-16,6727,298000000,120000000,0,0,12000000,30000000
2025-12-16,6728,1000000,4000000,0,0,0,0
2025-12-16,6732,34000000,15000000,0,0,724000,2555000
2025-12-16,6733,20000000,62000000,0,0,0,0
2025-12-16,6735,14000000,29001000,0,0,9895000,10431000
2025-12-16,6739,83000000,142000000,0,0,5879000,10639000
2025-12-16,6741,35010000,102000000,0,0,3000000,3000000
2025-12-16,6751,8000000,2000000,0,0,0,0
2025-12-16,6752,8000000,24000000,0,0,1029000,985000
2025-12-16,6761,24000000,55000000,0,0,5000,1721000
2025-12-16,6762,0,1000000,0,0,0,0
2025-12-16,6763,39000000,150000000,0,0,0,40738000
2025-12-16,6767,0,1000000,0,0,0,0
2025-12-16,6785,24000000,17000000,0,0,1354000,1094000
2025-12-16,6788,2624121000,746000000,105000000,0,206443000,123555000
2025-12-16,6791,0,3000000,0,0,0,5000
2025-12-16,6803,7000000,13000000,0,0,0,0
2025-12-16,6804,0,0,0,0,0,1000000
2025-12-16,6811,14000000,53000000,0,0,7000000,2870000
2025-12-16,6821,0,9000000,0,0,0,0
2025-12-16,6823,57000000,225000000,0,0,0,404000
2025-12-16,6829,10000000,37000000,0,0,1000000,8132000
2025-12-16,6840,5000000,2000000,0,0,0,0
2025-12-16,6841,110000000,111000000,0,0,2104000,1000000
2025-12-16,6843,0,1000000,0,0,0,0
2025-12-16,6859,49000000,17001000,0,0,423000,0
2025-12-16,6865,0,0,0,0,0,2000000
2025-12-16,6870,25000000,5000000,0,0,0,3000000
2025-12-16,6875,13000000,27000000,0,0,0,0
2025-12-16,6877,25000000,88004000,0,0,1054000,2000000
2025-12-16,6894,0,2000000,0,0,2000000,2000000
2025-12-16,6895,24000000,23000000,0,0,1000000,1576000
2025-12-16,6903,705000000,951000000,0,0,19253000,2997000
2025-12-16,6910,12000000,0,0,0,0,0
2025-12-16,6913,63000000,33000000,0,0,1000,20952000
2025-12-16,6922,14000000,95000000,0,0,154000,6211000
2025-12-16,6925,21000000,32000000,0,0,0,51000
2025-12-16,6953,1000000,0,0,0,0,0
2025-12-16,6967,85000000,125000000,0,0,0,86000
2025-12-16,6968,6000000,2000000,0,0,0,0
2025-12-16,6971,0,2000000,0,0,0,1000000
2025-12-16,6982,1000000,17000000,0,0,19000,0
2025-12-16,6996,4000000,24000000,0,0,0,0
2025-12-16,7402,5000000,2000000,0,0,0,34000000
2025-12-16,7547,0,1000000,0,0,0,0
2025-12-16,7556,2774000,7000000,0,0,0,1000000
2025-12-16,7584,0,1000000,0,0,0,0
2025-12-16,7642,4000000,12000000,0,0,1000000,478000
2025-12-16,7703,54000000,40000000,0,0,0,5623000
2025-12-16,7704,3000000,1000000,0,0,0,0
2025-12-16,7712,54000000,93000000,0,0,0,8000000
2025-12-16,7713,0,1000000,0,0,0,0
2025-12-16,7714,10000000,148000000,0,0,0,0
2025-12-16,7715,7000000,4000000,0,0,0,0
2025-12-16,7717,79021000,56000000,0,0,6215000,27911000
2025-12-16,7723,21000000,18000000,0,0,0,0
2025-12-16,7728,2000000,1000000,0,0,32000000,5000000
2025-12-16,7734,4000000,5003000,0,0,927000,295000
2025-12-16,7738,0,12000000,0,0,0,0
2025-12-16,7744,5000000,13000000,0,0,0,0
2025-12-16,7751,5000000,2000000,0,0,16000000,0
2025-12-16,7753,0,0,0,0,0,1000000
2025-12-16,7757,5000000,2000000,0,0,0,0
2025-12-16,7767,8000000,1000000,0,0,0,0
2025-12-16,7770,0,1000000,0,0,0,0
2025-12-16,7782,4000000,0,0,0,0,0
2025-12-16,8024,1000000,0,0,0,0,0
2025-12-16,8027,1792000000,1785000000,0,0,83009000,82367000
2025-12-16,8032,12000000,30000000,0,0,1000000,83000
2025-12-16,8034,305000000,439000000,0,0,0,0
2025-12-16,8038,35000000,87000000,0,0,0,98000
2025-12-16,8040,59000000,46000000,0,0,4000000,3530000
2025-12-16,8042,1102000000,1116000000,0,0,5831000,59973000
2025-12-16,8043,3786000000,4235887000,0,0,22117000,60623000
2025-12-16,8044,64000000,100000000,0,0,5000000,5000000
2025-12-16,8047,34000000,13000000,0,0,0,10085000
2025-12-16,8048,208000000,78140000,0,0,1000000,1215000
2025-12-16,8049,0,8000000,0,0,1000000,1040000
2025-12-16,8050,33000000,131000000,0,3304000,21000000,4125000
2025-12-16,8054,679000000,895000000,0,0,35543000,133240000
2025-12-16,8059,60000000,37000000,0,0,0,123000
2025-12-16,8064,327000000,370000000,0,0,20661000,55438000
2025-12-16,8066,0,9000000,0,0,0,0
2025-12-16,8067,0,0,0,0,8000,0
2025-12-16,8068,74000000,37000000,0,0,1000000,384000
2025-12-16,8069,1475865000,2913000000,4342000,3000000,292747000,159217000
2025-12-16,8071,92000000,37000000,0,0,0,0
2025-12-16,8074,4486000000,4072000000,0,0,23182000,9412000
2025-12-16,8076,68000000,76000000,0,0,0,11000
2025-12-16,8080,0,0,0,0,1000,0
2025-12-16,8083,0,1000000,0,0,0,0
2025-12-16,8084,40000000,183000000,0,0,1000000,125010000
2025-12-16,8085,53000000,370000000,0,0,2000000,1545000
2025-12-16,8086,1334015000,1210000000,0,0,64024000,248948000
2025-12-16,8087,2000000,2000000,0,0,0,0
2025-12-16,8088,424000000,740000000,0,0,7000000,7576000
2025-12-16,8089,280250000,470000000,0,0,5812000,10001000
2025-12-16,8091,29000000,37004000,0,1915000,40000,1004000
2025-12-16,8092,0,2000000,0,0,0,0
2025-12-16,8096,927999000,519000000,0,0,22793000,598460000
2025-12-16,8097,103000000,39000000,0,0,2000000,32541000
2025-12-16,8099,31000000,8000000,0,0,2000,0
2025-12-16,8107,1000000,1000000,0,0,0,213000
2025-12-16,8109,32000000,37000000,0,0,3000,1020000
2025-12-16,8111,112000000,60000000,0,0,44000000,10000000
2025-12-16,8121,36000000,95000000,0,0,101000,1337000
2025-12-16,8147,31000000,39000000,0,0,6630000,3134000
2025-12-16,8155,454078000,254000000,10000000,0,16000000,83158000
2025-12-16,8171,28000000,41000000,0,0,0,0
2025-12-16,8176,4000000,56000000,0,0,62000,2000
2025-12-16,8182,0,6000000,0,0,0,0
2025-12-16,8183,38000000,155000000,0,0,1000000,217000
2025-12-16,8227,83000000,128000000,0,0,3001000,7661000
2025-12-16,8234,179000000,203000000,0,0,2000000,11000000
2025-12-16,8240,20000000,40000000,0,0,0,173000
2025-12-16,8255,33000000,121020000,0,0,3410000,3348000
2025-12-16,8277,37000000,70000000,0,0,0,609000
2025-12-16,8279,0,6000000,0,0,0,0
2025-12-16,8284,4000000,2000000,0,0,0,0
2025-12-16,8289,17000000,43000000,0,0,0,0
2025-12-16,8299,2995026000,3091527000,71000000,2002000000,289575000,466198000
2025-12-16,8349,24001000,3000000,0,0,0,0
2025-12-16,8358,3894501000,7457091000,48000000,180000000,375612000,1736189000
2025-12-16,8383,43000000,137000000,0,0,0,0
2025-12-16,8390,459000000,808000000,0,0,14909000,23389000
2025-12-16,8401,0,4000000,0,0,0,0
2025-12-16,8403,3000,12000000,0,0,0,0
2025-12-16,8409,0,0,0,0,0,2000
2025-12-16,8410,1000000,3000000,0,0,0,0
2025-12-16,8415,60000000,222000000,0,0,0,5000000
2025-12-16,8421,0,1000000,0,0,0,0
2025-12-16,8423,0,1000000,0,0,0,0
2025-12-16,8424,0,1000000,0,0,0,0
2025-12-16,8426,0,2000000,0,0,0,0
2025-12-16,8431,1536000000,1363000000,0,0,7000000,13617000
2025-12-16,8432,2000000,1000000,0,0,0,0
2025-12-16,8433,0,2000000,0,0,0,0
2025-12-16,8435,3000000,0,0,0,21000,0
2025-12-16,8436,140000000,129000000,0,2284000,0,533000
2025-12-16,8437,3000000,1000000,0,0,0,0
2025-12-16,8440,1000000,36000000,0,0,0,0
2025-12-16,8444,46000000,58000000,0,0,0,0
2025-12-16,8446,20000000,2000000,0,0,1000000,93000
2025-12-16,8450,0,1000000,0,0,0,0
2025-12-16,8472,4000000,1000000,0,0,0,0
2025-12-16,8489,0,5000000,0,0,0,0
2025-12-16,8905,0,8000000,0,0,0,0
2025-12-16,8906,0,3000000,0,0,4000,0
2025-12-16,8908,3000000,1000000,0,0,0,0
2025-12-16,8916,17000000,4000000,0,0,0,11000000
2025-12-16,8917,0,2000000,0,0,0,0
2025-12-16,8924,5000000,21000000,0,0,1000000,1000000
2025-12-16,8927,42734000,86000000,0,0,2000000,1000000
2025-12-16,8929,0,1000000,0,0,0,0
2025-12-16,8930,3000000,12000000,0,0,0,0
2025-12-16,8931,5000000,1000000,0,0,0,0
2025-12-16,8932,325001000,208000000,0,0,14597000,49155000
2025-12-16,8933,6000000,48000000,0,0,0,648000
2025-12-16,8935,329000000,226000000,0,0,5000000,5963000
2025-12-16,8936,287000000,863000000,0,0,33000000,5779000
2025-12-16,8937,9000000,58000000,0,0,30000000,19000000
2025-12-16,8938,17000000,39000000,0,0,0,0
2025-12-16,8942,37000000,29000000,0,0,0,0
2025-12-16,009806,0,0,0,0,25000000,11106000
2025-12-16,009807,0,0,0,0,35000000,56276000
2025-12-16,9949,10000000,14000000,0,0,0,0
2025-12-16,9951,0,62000000,0,0,0,0
2025-12-16,9962,0,1000000,0,0,0,0
2025-12-16,020025,0,0,0,0,50000000,100000000
2025-12-16,020027,0,0,0,0,1000000,3000000
2025-12-16,020033,0,0,0,0,17000000,28000000
2025-12-16,020035,0,0,0,0,10000000,0
2025-12-16,020040,0,0,0,0,0,50000000
2025-12-17,2887,260930915000,241659666000,171100000000,12098000000,6000697000,13366273000
2025-12-17,00919,110966837000,4308490000,0,0,72275613000,9288582000
2025-12-17,2303,94107885000,21109346000,1001000000,24634730000,6051771000,1122101000
2025-12-17,00878,10925351000,1734700000,0,0,43414240000,3125000000
2025-12-17,00900,4416000000,317000000,0,0,31159720000,1792000000
2025-12-17,2883,46234031000,17790038000,1792000000,1509000000,1633602000,568000000
2025-12-17,2344,124376485000,101446764000,193000000,0,11100703000,6373325000
2025-12-17,6770,58770150000,41378551000,1223000000,0,6943920000,1834178000
2025-12-17,2882,55980603000,19425435000,116000000,19147119000,1952409000,1171055000
2025-12-17,2890,43468694000,26964211000,1680000000,2139696000,2301207000,137447000
2025-12-17,00939,1359000000,340000000,0,0,15484018000,1502993000
2025-12-17,2884,41401317000,41217968000,14211000000,137172000,527558000,357000000
2025-12-17,00713,365600000,218100000,0,0,12220127000,1743584000
2025-12-17,00929,4640261000,266000000,0,0,8853268000,2684537000
2025-12-17,2891,92130184000,56999803000,684000000,25263534000,2024678000,2162338000
2025-12-17,00680L,0,0,0,0,11783401000,1549389000
2025-12-17,2313,16105000000,11983000000,4000000000,0,2683925000,670381000
2025-12-17,2337,35233677000,26938800000,900000000,0,2776669000,1931332000
2025-12-17,00637L,3591000000,579000000,0,0,9549527000,3507000000
2025-12-17,1216,4504200000,23255557000,24933000000,32196000,422218000,217611000
2025-12-17,2801,18280000000,11980750000,0,9438000,719293000,867000000
2025-12-17,5880,12653027000,7236240000,0,14495000,315122000,202000000
2025-12-17,00915,102000000,277000000,0,0,6396758000,759000000
2025-12-17,00940,925300000,111000000,0,0,7237032000,2725339000
2025-12-17,2329,14374025000,10173025000,0,0,1185010000,198000000
2025-12-17,00664R,0,0,0,0,7855000000,2743000000
2025-12-17,2486,8353200000,3546000000,0,0,725097000,584328000
2025-12-17,5522,6429195000,1506000000,35000000,0,203171000,267000000
2025-12-17,2881,26585722000,14793700000,446000000,6748154000,399961000,1015000000
2025-12-17,2880,10656585000,17644610000,11789000000,334000000,439019000,232000000
2025-12-17,1303,22853850000,18515004000,1268000000,341665000,1613650000,2300359000
2025-12-17,2618,13493500000,9062881000,49000000,250611000,723469000,632620000
2025-12-17,2542,8416759000,2314450000,0,1662000000,90020000,269287000
2025-12-17,2812,6941075000,2476393000,0,5933000,326731000,763777000
2025-12-17,2637,5845000000,2300000000,0,0,511741000,47000000
2025-12-17,2834,9298540000,5741380000,0,5837000,182863000,126001000
2025-12-17,00665L,3095000000,274000000,0,0,4375330000,3596338000
2025-12-17,2867,10552000000,6933796000,0,0,214000000,279000000
2025-12-17,00945B,5123000000,0,0,0,2134731000,3707000000
2025-12-17,00885,3070595000,253100000,0,0,1400000000,909205000
2025-12-17,8110,2491000000,139000000,0,0,992000000,60000000
2025-12-17,2845,4654000000,1357230000,0,13000000,4435000,17000000
2025-12-17,2605,7194000000,4544000000,1313000000,0,526568000,1241852000
2025-12-17,6443,1661213000,507000000,0,0,2210783000,403803000
2025-12-17,00753L,4021000000,1263000000,0,0,2512000000,2337130000
2025-12-17,2408,4780203000,5147539000,13000000,0,4125131000,878374000
2025-12-17,4927,5132760000,2565656000,0,0,3000000,0
2025-12-17,6239,9646300000,2433000000,6000000,4545000000,386287000,497179000
2025-12-17,5521,14916000000,12380000000,0,0,25090000,64915000
2025-12-17,8150,7292000000,3965000000,0,11000000,115064000,1149574000
2025-12-17,00673R,0,0,0,0,2282729000,80400000
2025-12-17,00861,104547000,2000000,0,0,2145000000,210735000
2025-12-17,4967,3296109000,1551305000,0,0,198934000,40480000
2025-12-17,6116,4561000000,3039000000,0,0,551961000,178000000
2025-12-17,00850,57370000,88000000,0,0,2241000000,335731000
2025-12-17,1319,2495000000,1461000000,721000000,2863000,123418000,73692000
2025-12-17,2606,3306160000,4446030000,3182000000,34000000,946395000,1160947000
2025-12-17,3030,4955000000,1993850000,0,1479000000,397586000,86357000
2025-12-17,2892,62671000000,23861175000,0,36629000000,331454000,775000000
2025-12-17,00985B,1043000000,20000000,0,0,4724602000,4133894000
2025-12-17,3006,2340015000,1079000000,0,0,501973000,162848000
2025-12-17,00650L,1492000000,56000000,0,0,1686454000,1562493000
2025-12-17,2324,17075000000,8508700000,31000000,8190000000,1414827000,262653000
2025-12-17,2603,3950760000,2012120000,21000000,47269000,75156000,436298000
2025-12-17,6209,4998000000,3556000000,0,0,22000000,11411000
2025-12-17,9945,2394000000,878000000,0,7000000,23293000,103105000
2025-12-17,6191,2518000000,1284254000,2000000,35000000,244538000,17654000
2025-12-17,00688L,84000000,0,0,0,1502575000,164120000
2025-12-17,3056,1575773000,676588000,0,0,538843000,34852000
2025-12-17,2609,11036332000,8513673000,0,1609087000,741000000,251774000
2025-12-17,3044,4636000000,1845169000,33000000,1430000000,61159000,58922000
2025-12-17,00983A,29000000,361000000,0,0,2248055000,546100000
2025-12-17,8112,4976000000,4077000000,0,2009000,657475000,243333000
2025-12-17,2495,4157000000,2904000000,0,4000000,13075000,7357000
2025-12-17,3535,2481000000,1257100000,0,0,5360000,4299000
2025-12-17,2836,1593000000,366630000,0,0,0,14000000
2025-12-17,009802,36000000,65000000,0,0,1474000000,260865000
2025-12-17,00738U,394721000,65000000,0,0,4437997000,3605667000
2025-12-17,00633L,378000000,0,0,0,1338501000,655403000
2025-12-17,009811,668000000,0,0,0,833000000,481249000
2025-12-17,2301,5643243000,5417207000,1725000000,851000000,209549000,305336000
2025-12-17,009809,30000000,18000000,0,0,2695000000,1707000000
2025-12-17,6271,1420000000,521593000,0,0,92229000,21525000
2025-12-17,6944,1341503000,731309000,290000000,0,96300000,61042000
2025-12-17,00946,843000000,43000000,0,0,1716204000,1582278000
2025-12-17,2889,2995000000,2110120000,0,8000000,52000000,0
2025-12-17,00693U,37000000,18000000,0,0,1352000000,443164000
2025-12-17,2354,2217201000,1539000000,7000000,1000000,269392000,28124000
2025-12-17,00923,73000000,22000000,0,0,1190315000,326892000
2025-12-17,1409,2378000000,1561000000,0,0,72000000,1021000
2025-12-17,8422,9282000000,18573000000,10871000000,0,137044000,830338000
2025-12-17,00927,9000000,111000000,0,0,1403336000,434746000
2025-12-17,00982D,0,43000000,0,0,4394000000,3496000000
2025-12-17,00961,31000000,3000000,0,0,1499972000,699861000
2025-12-17,2451,2710000000,1963000000,0,408000000,550471000,77348000
2025-12-17,2454,4405562000,4621551000,508000000,25472000,582393000,47399000
2025-12-17,00655L,48000000,0,0,0,894010000,153650000
2025-12-17,00701,26000000,28000000,0,0,1777797000,994652000
2025-12-17,009805,26000000,61000000,0,0,1154000000,352329000
2025-12-17,00936,39000000,79000000,0,0,1208356000,408598000
2025-12-17,1316,980881000,220000000,0,4000000,0,4000000
2025-12-17,4763,5281765000,7434000000,2680000000,7856000,339767000,110827000
2025-12-17,00930,22000000,4000000,0,0,785044000,72573000
2025-12-17,00926,1600000,0,0,0,1252000000,527699000
2025-12-17,7769,769300000,250000000,194000000,0,6000000,14000000
2025-12-17,1504,5896145000,3051000000,2000000,1892743000,112759000,362942000
2025-12-17,2406,12661000000,11983000000,0,0,52000000,29184000
2025-12-17,00965,24000000,241000000,0,0,1212000000,307035000
2025-12-17,5243,907000000,305000000,50000000,0,43255000,11186000
2025-12-17,3033,854000000,177000000,0,2139000,4425000,21000000
2025-12-17,1522,708000000,80100000,0,1370000,6415000,2202000
2025-12-17,2491,0,4000000,0,0,616000000,0
2025-12-17,6133,1669000000,1056000000,0,0,3000000,8000000
2025-12-17,00700,4000000,60000000,0,0,1044305000,388507000
2025-12-17,00669R,0,0,0,0,2331380000,1766000000
2025-12-17,3028,839000000,272000000,0,0,2000000,16000000
2025-12-17,2464,904000000,374000000,0,0,24155000,9000000
2025-12-17,00960,19000000,6000000,0,0,532000000,1000000
2025-12-17,00731,65000000,3000000,0,0,841874000,376000000
2025-12-17,2610,16140000000,15645399000,0,278753000,1203470000,918881000
2025-12-17,5534,942000000,343000000,0,0,46472000,153000000
2025-12-17,00944,1000000,0,0,0,497000000,7627000
2025-12-17,006205,137000000,2000000,0,0,902549000,553000000
2025-12-17,00897,200000,102200000,0,0,696000000,142206000
2025-12-17,2472,755000000,539000000,0,0,245423000,10271000
2025-12-17,2528,589000000,160150000,0,0,14000000,0
2025-12-17,00907,9000000,0,0,0,504435000,73274000
2025-12-17,00639,104000000,0,0,0,999079000,678939000
2025-12-17,009813,15000000,1767000000,0,0,4224000000,2049000000
2025-12-17,6120,702080000,289300000,0,0,7000000,0
2025-12-17,3047,5750000000,5492000000,0,0,196000000,42481000
2025-12-17,00941,97000000,1300000,0,0,532882000,217947000
2025-12-17,2905,825000000,445000000,0,0,5000000,4000000
2025-12-17,8131,1728000000,1341000000,0,0,2032000,12471000
2025-12-17,00730,12000000,0,0,0,400833000,39945000
2025-12-17,6605,947000000,137000000,0,454000000,19451000,5000000
2025-12-17,2501,797000000,752000000,0,6000000,325000000,4001000
2025-12-17,4958,4086699000,3112251000,7000000,1110000000,546886000,59300000
2025-12-17,5469,1828000000,1391000000,0,0,26512000,115548000
2025-12-17,2405,532000000,186000000,0,0,4000000,4000000
2025-12-17,00932,9000000,1000000,0,0,337497000,7144000
2025-12-17,2504,4069000000,1273000000,0,2460066000,0,3296000
2025-12-17,8271,1357005000,1023000000,0,1000000,9118000,15563000
2025-12-17,2349,331100000,6000000,0,0,1000000,0
2025-12-17,2548,594000000,188150000,0,0,25852000,106000000
2025-12-17,2419,1076000000,734005000,0,0,5715000,23047000
2025-12-17,6155,1279000000,946000000,0,0,11095000,26730000
2025-12-17,009801,15000000,5000000,0,0,1580000000,1275759000
2025-12-17,8070,619000000,296000000,0,0,2000000,15397000
2025-12-17,4915,1841000000,1138000000,0,394000000,4227000,5922000
2025-12-17,6196,3186000000,2060010000,0,1052000000,300780000,72171000
2025-12-17,6414,321000000,610000000,600000000,7000000,23033000,26340000
2025-12-17,009804,315000000,311000000,0,0,914226000,623404000
2025-12-17,00902,453000000,27000000,0,0,622605000,761306000
2025-12-17,00636,168000000,0,0,0,758774000,646871000
2025-12-17,1307,467000000,124000000,0,0,15000000,82000000
2025-12-17,2009,666000000,437000000,0,0,55807000,12013000
2025-12-17,1560,1519000000,1229000000,0,1000000,45470000,63095000
2025-12-17,00986A,0,43000000,0,0,385000000,81191000
2025-12-17,2365,562000000,305000000,0,0,1520000,2340000
2025-12-17,00938,0,1000000,0,0,550566000,295190000
2025-12-17,6962,586000000,334000000,0,0,4787000,2898000
2025-12-17,2524,467000000,223000000,0,0,13000000,5000000
2025-12-17,2345,2961265000,3408193000,544000000,6320000,264315000,106710000
2025-12-17,2375,453000000,206000000,0,0,4575000,9025000
2025-12-17,5608,757000000,513000000,0,0,3280000,10001000
2025-12-17,8011,503000000,271000000,0,0,3000000,3000000
2025-12-17,00752,76000000,27000000,0,0,1035798000,854352000
2025-12-17,2537,443000000,200000000,0,0,0,13003000
2025-12-17,1712,309100000,154000000,0,0,70000000,32000
2025-12-17,2369,4518000000,4382000000,0,0,113719000,25005000
2025-12-17,4919,825000000,781000000,0,0,200059000,19373000
2025-12-17,0061,23000000,0,0,0,206313000,6261000
2025-12-17,5519,347000000,129000000,0,0,6000000,1025000
2025-12-17,00989A,14000000,562000000,0,0,842638000,72291000
2025-12-17,3661,1089677000,780529000,11000000,136000000,117301000,82675000
2025-12-17,8210,807005000,943720000,309000000,0,64730000,20326000
2025-12-17,6139,3538119000,3229180000,31000000,31000000,215352000,309151000
2025-12-17,3645,465000000,252000000,0,0,2224000,773000
2025-12-17,3048,476000000,262000000,0,0,5000000,5053000
2025-12-17,00634R,0,0,0,0,211000000,1000000
2025-12-17,00646,94199000,57000000,0,0,913000000,742835000
2025-12-17,8404,388000000,174100000,0,2000000,6000000,18535000
2025-12-17,00648R,0,8000000,0,0,490000000,283000000
2025-12-17,1536,509000000,400000000,0,0,158780000,70000000
2025-12-17,3550,301000000,112000000,0,0,11440000,3051000
2025-12-17,3533,858000000,734983000,55000000,177000,48754000,30806000
2025-12-17,2399,478000000,287000000,0,0,3000000,7000
2025-12-17,00733,7118000,120000000,0,0,582577000,276257000
2025-12-17,3059,508000000,317000000,0,5000000,3925000,3887000
2025-12-17,3025,537000000,353000000,0,0,2000000,1000000
2025-12-17,9939,643000000,439000000,31000000,0,5000000,55396000
2025-12-17,5234,372050000,191000000,0,0,16734000,13248000
2025-12-17,00893,38492000,15000000,0,0,510000000,349183000
2025-12-17,2383,1870700000,1863902000,253000000,296000,104058000,185373000
2025-12-17,2543,398000000,227020000,0,0,5365000,6000000
2025-12-17,2316,508000000,357000000,0,0,23668000,6248000
2025-12-17,3019,2734000000,3298400000,0,0,837761000,105093000
2025-12-17,2363,626000000,451100000,0,0,2334000,10249000
2025-12-17,2539,538000000,363200000,0,4931000,4455000,11000000
2025-12-17,2478,314000000,154000000,0,0,1000000,0
2025-12-17,00898,0,5000000,0,0,161016000,1136000
2025-12-17,3257,200000000,46000000,0,0,0,0
2025-12-17,006206,71000000,0,0,0,82358000,0
2025-12-17,8261,838000000,693000000,0,1000000,23468000,14685000
2025-12-17,00676R,0,0,0,0,321690000,171160000
2025-12-17,912000,209000000,62000000,0,0,0,0
2025-12-17,2458,443000000,1772000000,1410000000,10735000,96000000,20043000
2025-12-17,3149,506000000,361000000,0,0,1000000,1000000
2025-12-17,3022,236000000,116000000,0,0,24570000,546000
2025-12-17,00717,89000000,0,0,0,55000000,0
2025-12-17,3715,4797000000,4185500000,103000000,0,108664000,679626000
2025-12-17,6177,563000000,320150000,0,100000000,13195000,17000000
2025-12-17,009808,0,58000000,0,0,1112000000,915032000
2025-12-17,3049,338000000,228000000,0,0,28144000,0
2025-12-17,1325,149000000,11000000,0,0,0,0
2025-12-17,6558,282000000,144000000,0,0,0,390000
2025-12-17,6189,237000000,104792000,0,0,7000000,3057000
2025-12-17,9904,5796000000,5655000000,437000000,56456000,158981000,546418000
2025-12-17,2540,519000000,389500000,0,3000000,6241000,2000000
2025-12-17,8213,206000000,78000000,0,0,2000000,0
2025-12-17,2530,311000000,146000000,0,0,5000000,41000000
2025-12-17,3605,352000000,224000000,0,0,1100000,1003000
2025-12-17,2498,2000000000,4681000000,0,0,3361568000,552889000
2025-12-17,6206,452000000,132000000,0,185000000,3296000,10797000
2025-12-17,00686R,0,0,0,0,978000000,852000000
2025-12-17,2474,2621011000,1790416000,4000000,585056000,48765000,173000000
2025-12-17,8072,175000000,52000000,0,0,0,0
2025-12-17,6719,170000000,67000000,0,0,19083000,617000
2025-12-17,4545,278000000,156000000,0,0,3000000,5000000
2025-12-17,3015,184000000,73000000,1000000,0,8000000,2000
2025-12-17,9919,135000000,17000000,0,0,1000000,0
2025-12-17,6805,380255000,266040000,27000000,4500000,19009000,38241000
2025-12-17,8039,5483200000,4711000000,0,2000000,189468000,843710000
2025-12-17,6202,280000000,165000000,0,0,1355000,1108000
2025-12-17,3138,1216000000,1073000000,0,0,2170000,31027000
2025-12-17,2617,264000000,174000000,0,0,20000000,745000
2025-12-17,2852,207000000,102000000,0,1139000,4000000,0
2025-12-17,1532,269000000,168000000,0,1350000,7000000,0
2025-12-17,1711,446000000,338000000,0,0,0,2050000
2025-12-17,3052,380000000,275000000,0,0,0,0
2025-12-17,9955,216000000,111000000,0,0,0,1000000
2025-12-17,6591,130000000,26000000,0,0,196000,1000000
2025-12-17,6531,345015000,176000000,3000000,76000000,16707000,13222000
2025-12-17,2727,218000000,118356000,0,1038000,0,1000000
2025-12-17,00908,0,0,0,0,295041000,200001000
2025-12-17,5258,141000000,47000000,0,0,1024000,0
2025-12-17,1806,336000000,218000000,0,23054000,0,0
2025-12-17,00678,0,50000000,0,0,346000000,201977000
2025-12-17,8478,124000000,30000000,0,0,3000000,3001000
2025-12-17,1437,106000000,17000000,0,0,1000000,0
2025-12-17,3437,212000000,124000000,0,0,2000000,1000000
2025-12-17,00921,3000000,91000,0,0,112000000,29060000
2025-12-17,6269,428394000,440000000,0,0,112452000,17376000
2025-12-17,2442,313000000,232047000,0,0,4000000,4000000
2025-12-17,6994,95000000,24000000,0,0,9423000,0
2025-12-17,00983D,194000000,0,0,0,1544000000,1661000000
2025-12-17,3588,99000000,22058000,0,0,1004000,1000000
2025-12-17,2239,82000000,10000000,0,0,2015000,1000000
2025-12-17,1217,157000000,87000000,0,0,1000000,0
2025-12-17,5607,193000000,124080000,0,0,2000000,0
2025-12-17,5225,91000000,22000000,0,0,1000000,423000
2025-12-17,1340,91000000,23000000,0,0,0,0
2025-12-17,1563,139000000,68000000,0,0,0,4000000
2025-12-17,4960,250000000,188000000,0,0,4000000,0
2025-12-17,2387,198000000,132000000,0,0,0,1226000
2025-12-17,2611,84000000,24000000,0,0,4000000,0
2025-12-17,8429,83000000,20000000,0,0,2000000,1000000
2025-12-17,3406,574000000,860000000,407000000,21000000,34659000,70810000
2025-12-17,009810,0,5000000,0,0,392000000,323658000
2025-12-17,009800,12005000,227000000,0,0,760000000,482463000
2025-12-17,1809,109000000,47000000,0,0,7000000,8000000
2025-12-17,020032,0,0,0,0,60000000,0
2025-12-17,2427,240000000,180000000,0,0,0,0
2025-12-17,2440,223000000,157000000,0,0,0,6009000
2025-12-17,6277,66000000,12000000,0,0,16000000,10108000
2025-12-17,1419,161000000,101000000,0,0,6001000,7000000
2025-12-17,2850,214000000,186000000,32000000,0,0,1000000
2025-12-17,2102,131000000,76000000,0,0,3000000,0
2025-12-17,2484,86000000,26000000,0,0,2000000,4000000
2025-12-17,2428,110000000,57000000,0,1000000,7898000,2050000
2025-12-17,3665,1047042000,928372000,4000000,47826000,27751000,45243000
2025-12-17,6742,102000000,46000000,0,0,1000000,0
2025-12-17,5471,92000000,34000000,0,0,0,1230000
2025-12-17,2364,87000000,31000000,0,0,0,0
2025-12-17,2538,89000000,40000000,0,0,6000000,0
2025-12-17,4949,124000000,68000000,0,0,0,1000000
2025-12-17,2348,219000000,163000000,0,0,7365000,10194000
2025-12-17,2545,287000000,233522000,0,0,0,348000
2025-12-17,3686,115000000,63000000,0,0,0,11000
2025-12-17,3029,191000000,139000000,0,3000000,8000000,5242000
2025-12-17,6166,213030000,180000000,0,0,18722000,542000
2025-12-17,1789,554000000,487000000,0,0,0,19000000
2025-12-17,1524,173000000,126000000,0,0,0,432000
2025-12-17,4766,155000000,106000000,0,3000000,1214000,708000
2025-12-17,4576,99000000,56000000,0,0,2000000,0
2025-12-17,2453,90000000,46000000,0,0,1000000,0
2025-12-17,6668,108000000,63000000,0,0,0,0
2025-12-17,1436,144000000,107109000,0,0,15177000,7233000
2025-12-17,6834,63000000,19000000,0,0,0,0
2025-12-17,2351,162000000,112000000,0,0,3050000,9693000
2025-12-17,006207,0,1000000,0,0,145153000,100999000
2025-12-17,3032,161000000,114000000,0,0,1000000,5172000
2025-12-17,3094,58000000,16000000,0,0,0,0
2025-12-17,6672,198000000,180000000,0,0,24000000,0
2025-12-17,2534,220000000,181000000,0,0,3000000,45000
2025-12-17,3596,369171000,329000000,0,0,1000000,0
2025-12-17,3058,225000000,178000000,0,0,0,6000000
2025-12-17,6525,59000000,18000000,0,0,0,0
2025-12-17,00652,0,0,0,0,247000000,206144000
2025-12-17,6449,108100000,96393000,0,0,30037000,1899000
2025-12-17,1733,54000000,13000000,0,1000000,0,1000000
2025-12-17,00947,4000000,41000000,0,0,201000000,125447000
2025-12-17,2367,7477000000,9484000000,0,0,2353315000,308174000
2025-12-17,8442,43000000,8000000,0,0,3000000,0
2025-12-17,9958,186000000,225000000,0,0,81761000,5581000
2025-12-17,3321,102000000,65000000,0,0,0,0
2025-12-17,00739,4000000,0,0,0,52334000,21113000
2025-12-17,7750,81000000,45025000,0,0,0,1000000
2025-12-17,3312,213262000,179196000,0,0,0,0
2025-12-17,2636,88000000,55000000,0,0,1000000,89000
2025-12-17,2731,333000000,317000000,1000000,0,22000000,5720000
2025-12-17,6799,98200000,65000000,0,0,0,0
2025-12-17,3046,68000000,39000000,0,0,4000000,0
2025-12-17,1516,36000000,5000000,0,0,2000000,0
2025-12-17,6224,62000000,30000000,0,0,0,0
2025-12-17,1533,55000000,22000000,0,0,2000000,3000000
2025-12-17,2029,78000000,48000000,0,0,1000000,0
2025-12-17,00683L,0,0,0,0,43000000,12000000
2025-12-17,00875,0,103000000,0,0,139000000,5052000
2025-12-17,020029,0,0,0,0,31000000,1000000
2025-12-17,6782,60000000,30000000,0,0,0,0
2025-12-17,6658,50000000,20000000,0,0,0,0
2025-12-17,1702,102000000,73000000,0,0,1000000,0
2025-12-17,4557,41000000,11000000,0,0,0,0
2025-12-17,1786,112000000,81000000,0,0,1115000,2127000
2025-12-17,2462,41000000,11000000,0,0,0,99000
2025-12-17,3034,2206566000,1486763000,181000000,860969000,59014000,69353000
2025-12-17,00943,1000000,0,0,0,128304000,100009000
2025-12-17,4737,64000000,35000000,0,0,0,0
2025-12-17,2015,197000000,301000000,123000000,0,12000000,2450000
2025-12-17,3041,179000000,151000000,0,0,0,5000
2025-12-17,1597,69000000,39000000,0,0,72000,2339000
2025-12-17,2417,127000000,96000000,0,0,2000000,5320000
2025-12-17,6235,286000000,258000000,0,2000000,9000000,7912000
2025-12-17,5285,37000000,10000000,0,0,0,0
2025-12-17,00920,0,102000000,0,0,136187000,7593000
2025-12-17,6838,69000000,44000000,0,0,1000000,0
2025-12-17,020038,0,0,0,0,26000000,0
2025-12-17,00771,0,0,0,0,25031000,0
2025-12-17,6164,287000000,291000000,0,0,34983000,6000000
2025-12-17,2439,2877100000,633000000,0,2322148000,141254000,38240000
2025-12-17,2236,58000000,34000000,0,0,1000000,1000000
2025-12-17,6861,45000000,21000000,0,1000000,2000000,1000000
2025-12-17,2471,64000000,38000000,0,0,0,2000000
2025-12-17,00737,20000000,4000000,0,0,91409000,83797000
2025-12-17,3003,49000000,36000000,0,0,13000000,2467000
2025-12-17,1231,100000000,75100000,0,0,3000000,4649000
2025-12-17,3543,506000000,478000000,0,0,0,5000000
2025-12-17,1503,224080000,206000000,0,9000000,34482000,20926000
2025-12-17,2597,136000000,113800000,0,0,1000000,1000000
2025-12-17,1903,80000000,46000000,0,0,4000000,16000000
2025-12-17,3416,52000000,31000000,0,0,3000000,2000000
2025-12-17,020034,0,0,0,0,22000000,0
2025-12-17,00895,348000,81000000,0,0,249000000,146383000
2025-12-17,3026,153000000,128000000,0,1000000,1000000,3457000
2025-12-17,3356,38000000,20000000,0,0,3002000,0
2025-12-17,2881B,0,0,0,0,21000000,0
2025-12-17,2107,45000000,24000000,0,0,0,0
2025-12-17,2022,74000000,53000000,0,0,0,0
2025-12-17,00964,0,0,0,0,909030000,889071000
2025-12-17,6456,448000000,456000000,0,0,30002000,2362000
2025-12-17,5244,30000000,11000000,0,0,0,0
2025-12-17,3504,62000000,43000000,0,0,0,1000000
2025-12-17,6585,32000000,14000000,0,0,1000000,1237000
2025-12-17,2477,27600000,10000000,0,0,0,0
2025-12-17,1337,33000000,17000000,0,0,0,0
2025-12-17,2908,77000000,62000000,0,0,1000000,0
2025-12-17,1342,21000000,5000000,0,0,1959000,2000000
2025-12-17,6906,25000000,3000000,0,7000000,0,0
2025-12-17,9103,15000000,0,0,0,0,0
2025-12-17,020030,0,0,0,0,17000000,2000000
2025-12-17,7610,42000000,31000000,0,0,5000000,2000000
2025-12-17,2421,1293000000,1188029000,0,5000000,34272000,121108000
2025-12-17,1732,44000000,30000000,0,0,3000000,5000000
2025-12-17,3494,17000000,5000000,0,0,0,0
2025-12-17,4569,63000000,51000000,0,0,0,0
2025-12-17,6835,22000000,10000000,0,0,0,0
2025-12-17,6283,76000000,62000000,0,0,0,2000000
2025-12-17,2465,78000000,67000000,0,0,1000000,0
2025-12-17,3528,51000000,38050000,0,0,0,1000000
2025-12-17,8467,88000000,72000000,0,0,1000000,5347000
2025-12-17,3311,26000000,14752000,0,0,2000000,2154000
2025-12-17,2424,11000000,2000000,0,0,2043000,0
2025-12-17,7788,40000000,29000000,0,0,1000000,1000000
2025-12-17,6405,30000000,12000000,0,0,0,7000000
2025-12-17,2032,31000000,22000000,0,0,2000000,3000
2025-12-17,3557,18000000,7050000,0,0,0,0
2025-12-17,2250,17000000,6094000,0,0,0,0
2025-12-17,00916,0,1000000,0,0,178347000,167000000
2025-12-17,00653L,1000000,5000000,0,0,32678000,18635000
2025-12-17,6695,92000000,82000000,0,0,0,0
2025-12-17,00689R,1000000,0,0,0,9000000,0
2025-12-17,2613,107000000,102000000,0,0,5000000,0
2025-12-17,4588,10000000,0,0,0,0,0
2025-12-17,3057,14000000,5300000,0,0,1000000,0
2025-12-17,2359,233210000,222000000,0,0,17000000,18760000
2025-12-17,00682U,0,0,0,0,9000000,0
2025-12-17,6216,15000000,6000000,0,0,0,0
2025-12-17,9136,11000000,2000000,0,0,0,0
2025-12-17,2431,55000000,43000000,0,0,3000000,6190000
2025-12-17,6789,243435000,220560000,0,1000000,10010000,23408000
2025-12-17,0055,61471000,19000000,0,0,69720000,103841000
2025-12-17,00951,6000000,96000000,0,0,176000000,77737000
2025-12-17,020036,0,0,0,0,8000000,0
2025-12-17,5907,18000000,11000000,0,0,1000000,0
2025-12-17,5706,16000000,8200000,0,0,0,0
2025-12-17,4952,27000000,15000000,0,0,0,4614000
2025-12-17,8114,143000000,170000000,0,0,36000000,1955000
2025-12-17,9906,37000000,30000000,0,0,3000000,3000000
2025-12-17,1463,5000000,7000000,0,0,9000000,0
2025-12-17,3591,65000000,58000000,0,0,0,0
2025-12-17,1446,18000000,15000000,0,0,3000000,0
2025-12-17,1338,18000000,12000000,0,0,0,0
2025-12-17,1233,1000000,1000000,0,0,6000000,0
2025-12-17,6909,8000000,2000000,0,0,0,0
2025-12-17,6192,77000000,12000000,0,0,0,59000000
2025-12-17,00710B,0,0,0,0,130224000,124262000
2025-12-17,1707,17000000,23000000,0,0,14000000,2241000
2025-12-17,4552,11000000,6000000,0,0,0,0
2025-12-17,4942,43000000,39000000,0,0,1000000,0
2025-12-17,2929,34000000,29000000,0,0,0,0
2025-12-17,00702,0,0,0,0,108000000,103000000
2025-12-17,1219,17000000,18000000,0,0,6000000,0
2025-12-17,1454,13000000,8000000,0,0,0,0
2025-12-17,7721,13000000,8000000,0,0,0,0
2025-12-17,6796,14000000,9200000,0,0,0,0
2025-12-17,4106,11000000,6000000,0,0,0,259000
2025-12-17,6582,5000000,2000000,0,0,2000000,1000000
2025-12-17,6552,10000000,6000000,0,0,0,0
2025-12-17,020020,0,0,0,0,8000000,4000000
2025-12-17,020028,0,0,0,0,5000000,1000000
2025-12-17,5871A,4000000,0,0,0,0,0
2025-12-17,3679,15000000,11000000,0,0,0,0
2025-12-17,6230,21000000,17000000,0,0,0,201000
2025-12-17,7749,49000000,47000000,0,0,1338000,1000
2025-12-17,9935,28000000,33000000,0,0,8000000,0
2025-12-17,6423,0,0,0,0,3000000,0
2025-12-17,6641,3000000,1000000,0,0,1000000,0
2025-12-17,2415,12000000,9000000,0,0,0,0
2025-12-17,2420,15000000,12000000,0,0,0,0
2025-12-17,4935,9000000,6000000,0,0,0,0
2025-12-17,2025,9000000,7000000,0,0,1000000,0
2025-12-17,2433,8000000,5000000,0,0,0,0
2025-12-17,6952,4000000,1000000,0,0,0,0
2025-12-17,2642,6000000,3002000,0,0,1000000,1000000
2025-12-17,2546,19002000,18060000,0,0,2000000,0
2025-12-17,3501,67000000,61000000,0,0,1000000,4183000
2025-12-17,00783,0,0,0,0,13441000,11013000
2025-12-17,00711B,1000000,0,0,0,102042000,101000000
2025-12-17,00899,1000000,0,0,0,1004000,0
2025-12-17,3130,7000000,4999000,0,0,0,0
2025-12-17,1236,6000000,6000000,0,0,2000000,0
2025-12-17,01004T,2000000,0,0,0,0,0
2025-12-17,6201,2000000,1000000,0,0,1000000,0
2025-12-17,5484,27000000,24000000,0,0,0,1000000
2025-12-17,4560,47000000,45000000,0,0,0,0
2025-12-17,2254,0,1000000,0,0,5000000,2000000
2025-12-17,1475,6000000,4000000,0,0,0,0
2025-12-17,1537,12000000,14000000,0,0,4000000,0
2025-12-17,6807,2000000,1000000,0,0,1000000,0
2025-12-17,2432,2000000,0,0,0,8000000,8000000
2025-12-17,2302,57000000,53000000,0,1000000,0,1430000
2025-12-17,00913,0,5000000,0,0,127000000,120631000
2025-12-17,0057,0,0,0,0,15000000,14000000
2025-12-17,1467,10000000,9000000,0,0,0,0
2025-12-17,00660,0,0,0,0,2000000,1000000
2025-12-17,020039,0,0,0,0,2000000,1000000
2025-12-17,7730,1000000,0,0,0,0,0
2025-12-17,1525,3000000,2000000,0,0,2000000,2000000
2025-12-17,1735,4000000,4000000,0,0,1000000,0
2025-12-17,2461,9000000,15000000,0,0,7000000,0
2025-12-17,4581,1000000,0,0,0,0,0
2025-12-17,3652,3000000,2000000,0,0,0,0
2025-12-17,3164,3000000,2000000,0,0,0,0
2025-12-17,2882B,0,0,0,0,1000000,0
2025-12-17,2891C,0,0,0,0,1000000,0
2025-12-17,2397,67000000,66000000,0,0,0,0
2025-12-17,1339,7000000,5000000,0,0,0,1060000
2025-12-17,6754,1000000,1000000,0,70000,1000000,0
2025-12-17,1817,1000000,1000000,0,0,1000000,70000
2025-12-17,1453,10000000,11150000,0,0,2000000,0
2025-12-17,4934,469000000,469160000,0,0,4000000,3024000
2025-12-17,2017,81000000,82000000,0,0,5000000,3238000
2025-12-17,9928,0,0,0,0,558000,0
2025-12-17,3583,98010000,96000000,0,0,5224000,6687000
2025-12-17,2379,1305930000,2020913000,758000000,34000000,19100000,27703000
2025-12-17,8033,117000000,52794000,0,0,0,64000000
2025-12-17,00775B,0,0,0,0,47000,0
2025-12-17,00657K,0,0,0,0,200000,200000
2025-12-17,00681R,0,0,0,0,1000000,1000000
2025-12-17,00668K,0,0,0,0,200000,200000
2025-12-17,1468,1000000,2000000,0,0,2000000,1000000
2025-12-17,1324,1000000,1000000,0,0,0,0
2025-12-17,1413,1000000,2000000,0,0,1000000,0
2025-12-17,1323,3000000,3000000,0,0,0,0
2025-12-17,8481,1000000,2000000,0,0,1000000,0
2025-12-17,8482,2000000,2000000,0,0,0,0
2025-12-17,00636K,0,0,0,0,200000,200000
2025-12-17,6918,5000000,4000000,0,0,0,1000000
2025-12-17,2483,6000000,5000000,0,0,1000000,2000000
2025-12-17,2536,21000000,22000000,0,0,1000000,0
2025-12-17,1539,0,2000000,0,0,2000000,0
2025-12-17,1583,2000000,2000000,0,0,0,0
2025-12-17,4190,4000000,4000000,0,0,0,0
2025-12-17,4439,3000000,3000000,0,0,0,0
2025-12-17,5546,1000000,1000000,0,0,0,0
2025-12-17,4771,4000000,4000000,0,0,0,0
2025-12-17,4994,1000000,1000000,0,0,0,0
2025-12-17,2739,2000000,2000000,0,0,0,0
2025-12-17,6951,0,1000000,0,0,1000000,0
2025-12-17,00707R,0,0,0,0,0,1000
2025-12-17,2887E,0,37000,0,0,0,0
2025-12-17,5906,0,40000,0,0,0,0
2025-12-17,1598,66000000,59000000,0,0,5000000,12238000
2025-12-17,1721,51000000,51000000,0,0,1000000,1310000
2025-12-17,00714,0,1000000,0,0,861136000,860837000
2025-12-17,4571,18000000,19000000,0,0,100000,0
2025-12-17,006204,0,2000000,0,0,25164000,24133000
2025-12-17,6645,0,0,0,0,1004000,2000000
2025-12-17,6655,0,1000000,0,0,0,0
2025-12-17,8466,1000000,2000000,0,0,0,0
2025-12-17,1256,3000000,4000000,0,0,0,0
2025-12-17,1203,3000000,5000000,0,0,1000000,0
2025-12-17,1465,3000000,7000000,0,0,4000000,1000000
2025-12-17,1417,21000000,23000000,0,0,1000000,0
2025-12-17,1441,0,1000000,0,0,0,0
2025-12-17,3669,3000000,4000000,0,0,0,0
2025-12-17,5215,0,1000000,0,0,0,0
2025-12-17,2945,0,1000000,0,0,0,0
2025-12-17,2901,0,1000000,0,0,0,0
2025-12-17,2910,1000000,3000000,0,0,1000000,0
2025-12-17,2887F,0,0,0,1000000,0,0
2025-12-17,1726,2000000,3000000,0,0,0,0
2025-12-17,1541,0,1000000,0,0,0,0
2025-12-17,1474,3000000,4000000,0,0,0,0
2025-12-17,1512,4000000,5000000,0,0,0,0
2025-12-17,1776,0,1000000,0,0,0,0
2025-12-17,2114,0,1000000,0,0,0,0
2025-12-17,2248,0,0,0,0,0,1000000
2025-12-17,2434,3000000,4000000,0,0,1000000,1000000
2025-12-17,9929,1000000,2000000,0,0,0,0
2025-12-17,9943,5000000,6000000,0,0,0,0
2025-12-17,6671,0,1000000,0,0,0,1000
2025-12-17,6955,0,150000,0,0,1148000,2000000
2025-12-17,3530,93000000,99000000,0,0,5000000,106000
2025-12-17,3040,8000000,8387000,0,0,0,1000000
2025-12-17,6854,67000000,60000000,0,0,4541000,13000000
2025-12-17,00657,0,0,0,0,54348000,56000000
2025-12-17,6715,5000000,7000000,0,0,18000,0
2025-12-17,1432,6001000,8000000,0,0,1000000,1000000
2025-12-17,1438,0,2000000,0,0,0,0
2025-12-17,1423,0,2000000,0,0,0,0
2025-12-17,6776,19000000,21000000,0,0,0,0
2025-12-17,6887,1000000,3000000,0,0,1000000,1000000
2025-12-17,6183,2000000,5000000,0,0,1000000,0
2025-12-17,7736,4000000,6000000,0,0,0,0
2025-12-17,7786,18000000,20000000,0,0,0,0
2025-12-17,8443,0,2000000,0,0,0,0
2025-12-17,8488,0,2000000,0,0,0,0
2025-12-17,9918,2000000,4000000,0,0,0,0
2025-12-17,9926,1000000,3000000,0,0,0,0
2025-12-17,9931,0,2000000,0,0,0,0
2025-12-17,006203,0,0,0,0,0,2000000
2025-12-17,00656R,0,32000000,0,0,136000000,106000000
2025-12-17,3168,0,2000000,0,0,0,0
2025-12-17,2891B,0,0,0,0,3000000,5000000
2025-12-17,2904,0,2000000,0,0,0,0
2025-12-17,2762,3000000,5000000,0,0,0,0
2025-12-17,2712,0,3000000,0,0,1000000,0
2025-12-17,5288,6000000,8000000,0,0,0,0
2025-12-17,4572,1000000,4000000,0,0,1000000,0
2025-12-17,4133,2000000,4000000,0,0,0,0
2025-12-17,2497,48000000,51000000,0,0,1000000,0
2025-12-17,2616,1000000,6000000,0,0,3000000,0
2025-12-17,2115,3000000,6000000,0,0,2000000,1000000
2025-12-17,2008,1000000,3000000,0,0,0,0
2025-12-17,2024,0,2000000,0,0,0,0
2025-12-17,1526,6000000,7000000,0,0,0,1000000
2025-12-17,1521,0,2000000,0,0,0,0
2025-12-17,6581,1000000,3000000,0,0,0,0
2025-12-17,2438,0,2000000,0,0,0,0
2025-12-17,6771,1000000,1000000,0,0,1000000,3000000
2025-12-17,6988,0,9000000,0,0,17000000,10150000
2025-12-17,5283,29000000,30000000,0,0,1000000,2200000
2025-12-17,3150,0,2000000,0,0,439000,1000000
2025-12-17,2455,656000000,640000000,0,0,96340000,115082000
2025-12-17,2314,0,3000000,0,0,0,0
2025-12-17,1530,1000000,3000000,0,0,0,1000000
2025-12-17,2012,5000000,8000000,0,0,0,0
2025-12-17,3308,1000000,5000000,0,0,1000000,0
2025-12-17,3004,46000000,40000000,0,0,0,9000000
2025-12-17,5007,9000000,15000000,0,0,3000000,0
2025-12-17,7765,5000000,8000000,0,0,0,0
2025-12-17,8463,3000000,8000000,0,0,2000000,0
2025-12-17,8438,0,3000000,0,0,0,0
2025-12-17,9944,1000000,4000000,0,0,0,0
2025-12-17,6924,2000000,4000000,0,0,13000000,14000000
2025-12-17,6598,1000000,5000000,0,0,1000000,0
2025-12-17,1416,8000000,11000000,0,0,0,0
2025-12-17,1456,0,3000000,0,0,0,0
2025-12-17,1472,0,2000000,0,0,0,1000000
2025-12-17,020037,0,0,0,0,0,3000000
2025-12-17,1730,0,3000000,0,0,2000000,2000000
2025-12-17,1315,1000000,5000000,0,0,1000000,0
2025-12-17,4148,14000000,20050000,0,0,3000000,0
2025-12-17,2233,71000000,78030000,0,0,7031000,3172000
2025-12-17,1235,0,3200000,0,0,0,0
2025-12-17,3447,73000000,77000000,0,0,1000000,361000
2025-12-17,4555,34000000,37000000,0,0,1000000,1427000
2025-12-17,4999,3000000,7000000,0,0,2000000,1966000
2025-12-17,3716,1000000,5000000,0,0,0,0
2025-12-17,1535,2000000,6000000,0,0,0,0
2025-12-17,2430,1000000,5000000,0,0,0,0
2025-12-17,1101B,0,0,0,0,1000000,5000000
2025-12-17,1435,1000000,5000000,0,0,0,0
2025-12-17,6592A,1000000,0,0,5000000,0,0
2025-12-17,6969,0,7000000,0,0,3000000,0
2025-12-17,6606,0,4000000,0,0,0,0
2025-12-17,4930,5000000,2000000,0,0,0,7000000
2025-12-17,4137,11000000,17000000,0,0,2000000,0
2025-12-17,6128,1000000,5000000,0,0,0,9000
2025-12-17,6464,1000000,6030000,0,0,1000000,0
2025-12-17,1558,9000000,13000000,0,194000,14467000,15000000
2025-12-17,1590,428451000,418384000,0,2000000,4440000,17253000
2025-12-17,1906,3000000,7000000,0,0,6000000,7000000
2025-12-17,2020,50000000,55000000,0,0,0,0
2025-12-17,2243,0,4000000,0,0,4000000,5000000
2025-12-17,5292,3000000,9000000,0,0,1000000,0
2025-12-17,3021,2000000,8000000,0,0,3000000,2000000
2025-12-17,6281,4000000,6000000,0,0,0,3000000
2025-12-17,6957,16000000,21000000,0,0,0,0
2025-12-17,7791,0,5000000,0,0,0,0
2025-12-17,8411,3000000,9000000,0,0,2000000,1000000
2025-12-17,1445,0,6000000,0,0,1000000,0
2025-12-17,1443,0,5000000,0,0,0,0
2025-12-17,4562,57000000,62076000,0,0,0,0
2025-12-17,2227,1000000,7100000,0,0,1000000,0
2025-12-17,6790,13000000,19000000,0,0,1000000,200000
2025-12-17,1762,3000000,9000000,0,0,2000000,1233000
2025-12-17,8016,842400000,291000000,35000000,595000000,5000000,1655000
2025-12-17,6958,3200000,8480000,0,0,0,0
2025-12-17,8487,0,2000000,0,0,2000000,6000000
2025-12-17,2488,6000000,12000000,0,0,0,0
2025-12-17,1731,2000000,8000000,0,0,0,0
2025-12-17,2425,50000000,55000000,0,0,0,1000000
2025-12-17,2423,26000000,32000000,0,0,1000000,1000000
2025-12-17,4155,4000000,10000000,0,0,0,0
2025-12-17,00703,1000000,0,0,0,24257000,31809000
2025-12-17,6933,31000000,38000000,0,0,2000000,1815000
2025-12-17,6862,18000000,25000000,0,0,0,0
2025-12-17,6743,30000000,35000000,0,0,1000000,3000000
2025-12-17,8940,0,7000000,0,0,0,0
2025-12-17,8367,0,7000000,0,0,0,0
2025-12-17,1531,2000000,10000000,0,0,1000000,0
2025-12-17,1470,0,7000000,0,0,0,0
2025-12-17,1232,5000000,14000000,0,0,2000000,0
2025-12-17,1506,0,10000000,0,0,3000000,0
2025-12-17,1725,0,7000000,0,0,0,0
2025-12-17,1709,36000000,43000000,0,0,0,0
2025-12-17,2705,16000000,23000000,0,0,0,0
2025-12-17,0053,0,2000000,0,0,38000,5058000
2025-12-17,1517,25000000,29000000,0,0,1000000,4042000
2025-12-17,00949,2000000,3180000,0,0,257235000,263483000
2025-12-17,6412,1233000000,418000000,0,814000000,4735000,13608000
2025-12-17,3617,208000000,122000000,0,92000000,2170000,4046000
2025-12-17,4440,11000000,20000000,0,0,4000000,3000000
2025-12-17,2748,4000000,12000000,0,0,0,0
2025-12-17,3054,4000000,12000000,0,0,0,0
2025-12-17,1805,0,6000000,0,0,0,2000000
2025-12-17,6504,5000000,13000000,0,0,0,0
2025-12-17,8341,29000000,37000000,0,0,0,0
2025-12-17,8249,116000000,125000000,0,0,1000000,0
2025-12-17,8162,0,7000000,0,0,1000000,2000000
2025-12-17,8473,17000000,26000000,0,0,1000000,0
2025-12-17,1220,2000000,10000000,0,0,0,0
2025-12-17,3018,0,8000000,0,0,0,0
2025-12-17,5222,42000000,48300000,0,1000000,1000000,2002000
2025-12-17,6949,40000000,49000000,0,0,1135000,594000
2025-12-17,3038,82000000,158000000,0,484000,91000000,23076000
2025-12-17,7722,7000000,15384000,0,0,0,318000
2025-12-17,6792,0,8000000,0,0,0,1000000
2025-12-17,6614,1000000,10000000,0,0,0,0
2025-12-17,1439,1000000,3000000,0,0,0,7000000
2025-12-17,1473,6000000,14000000,0,0,0,1000000
2025-12-17,1626,0,7000000,0,0,0,2000000
2025-12-17,6579,26000000,38000000,0,0,3000000,9000
2025-12-17,8454,268300000,276477000,0,0,1165000,2232000
2025-12-17,5525,4000000,14280000,0,0,1000000,0
2025-12-17,4108,0,11000000,0,0,1000000,0
2025-12-17,1540,50000000,61000000,0,0,1000000,0
2025-12-17,2414,24000000,34000000,0,0,0,0
2025-12-17,6914,1000000,8000000,0,0,1000000,4000000
2025-12-17,1614,7000000,16000000,0,0,0,1000000
2025-12-17,3266,1000000,11000000,0,0,0,0
2025-12-17,00876,200000,11000000,0,0,16000000,15552000
2025-12-17,00762,0,3000000,0,0,109557000,117000000
2025-12-17,6670,575000000,161000000,0,424777000,3000000,3191000
2025-12-17,7732,0,12000000,0,0,1000000,0
2025-12-17,8201,0,12000000,0,0,1000000,0
2025-12-17,2373,2000000,14000000,0,0,1000000,0
2025-12-17,6136,12000000,23000000,0,0,0,0
2025-12-17,2816,16000000,27000000,0,0,0,0
2025-12-17,6115,9000000,20000000,0,0,0,77000
2025-12-17,4426,1000000,13000000,0,0,0,0
2025-12-17,4551,73000000,39000000,0,45000000,0,1000000
2025-12-17,6902,6000000,9000000,0,0,0,9000000
2025-12-17,1452,3000000,12000000,0,0,0,3000000
2025-12-17,2702,1000000,13000000,0,0,0,0
2025-12-17,911868,0,13000000,0,0,0,0
2025-12-17,3036A,0,13000000,0,0,0,0
2025-12-17,1108,4000000,18000000,0,0,1000000,0
2025-12-17,6863,25000000,37000000,0,0,0,1000000
2025-12-17,6674,0,13000000,0,0,0,0
2025-12-17,6431,43000000,56000000,0,0,0,0
2025-12-17,2753,58000000,69000000,0,1000000,3000000,4009000
2025-12-17,2832,77000000,102600000,0,1000000,17000000,4001000
2025-12-17,2706,3000000,19000000,0,0,2000000,0
2025-12-17,2883B,92000000,0,0,0,54000000,160000000
2025-12-17,1568,4000000,18000000,0,0,0,0
2025-12-17,2247,6000000,22000000,0,0,2000000,0
2025-12-17,6184,8000000,22000000,0,0,0,0
2025-12-17,7711,1000000,15000000,0,0,0,0
2025-12-17,6931,13000000,10000000,0,0,1000000,18000000
2025-12-17,9942,5000000,19000000,0,0,0,0
2025-12-17,9937,23000000,43000000,0,0,14000000,8006000
2025-12-17,2436,439000000,454000000,0,0,3371000,3000000
2025-12-17,3055,265020000,309000000,0,0,29052000,15000
2025-12-17,3346,23000000,38000000,0,0,0,0
2025-12-17,4755,6000000,20000000,0,0,0,1000000
2025-12-17,2450,7000000,22000000,0,0,0,0
2025-12-17,7740,4000000,19000000,0,0,4000000,4000000
2025-12-17,6936,3000000,18000000,0,0,2000000,2000000
2025-12-17,6698,11000000,26000000,0,0,1000000,1312000
2025-12-17,3229,82000000,100000000,0,0,3000000,461000
2025-12-17,2505,28000000,45000000,0,0,1000000,0
2025-12-17,1471,14000000,30000000,0,0,0,0
2025-12-17,4583,34463000,50175000,0,0,3024000,3470000
2025-12-17,6215,85000000,102000000,0,0,593000,266000
2025-12-17,6117,56000000,69000000,0,0,3000000,6779000
2025-12-17,5538,0,18000000,0,0,1000000,0
2025-12-17,3518,38000000,50000000,0,0,2000000,7000000
2025-12-17,2722,4000000,21000000,0,0,0,0
2025-12-17,7705,3000000,20000000,0,0,0,0
2025-12-17,9905,2000000,20000000,0,0,1000000,0
2025-12-17,1459,0,18000000,0,0,1000000,0
2025-12-17,4564,117000000,131000000,0,0,1000000,4000000
2025-12-17,1109,1000000,20000000,0,0,1000000,0
2025-12-17,9908,2000000,20000000,0,0,0,0
2025-12-17,3419,7000000,23000000,0,0,0,2000000
2025-12-17,3338,81000000,100000000,0,0,1000000,0
2025-12-17,4540,68000000,86000000,0,0,1000000,1050000
2025-12-17,2482,22002000,39000000,0,0,0,1223000
2025-12-17,4746,78000000,100000000,0,0,3637000,2000
2025-12-17,00654R,0,0,0,0,4150000,23000000
2025-12-17,6928,1000000,20000000,0,0,0,0
2025-12-17,5515,518000000,544000000,0,0,15000000,8000000
2025-12-17,8462,7000000,25000000,0,0,0,1110000
2025-12-17,1615,4000000,25150000,0,0,2000000,0
2025-12-17,6916,35000000,56000000,0,0,5317000,4213000
2025-12-17,1457,2000000,24000000,0,0,2000000,0
2025-12-17,2509,8000000,29000000,0,0,3000000,2000000
2025-12-17,3454,2000000,23000000,0,0,1000000,0
2025-12-17,6213,1281030000,1397000000,0,0,159472000,63750000
2025-12-17,6592,93000000,123000000,0,0,11000000,1594000
2025-12-17,8374,29652000,51000000,0,0,2599000,2062000
2025-12-17,2109,2000000,24000000,0,0,1000000,0
2025-12-17,8045,22000000,44000000,0,0,1000000,0
2025-12-17,3717,42000000,62000000,0,0,1000000,3000000
2025-12-17,1604,6000000,29000000,0,0,0,0
2025-12-17,1527,20000000,46000000,0,0,4000000,1000000
2025-12-17,2459,1000000,24000000,0,0,0,0
2025-12-17,8464,747000000,775711000,0,2077000,10324000,3090000
2025-12-17,9925,26000000,51000000,0,0,1000000,0
2025-12-17,3708,396000000,424000000,1000000,0,28799000,26001000
2025-12-17,4438,9000000,34292000,0,0,1000000,0
2025-12-17,1752,0,27000000,0,0,2000000,0
2025-12-17,8476,3000000,29000000,0,0,1000000,0
2025-12-17,6965,10000000,34000000,0,0,1000000,2000000
2025-12-17,9930,7000000,33000000,0,0,2000000,1036000
2025-12-17,4104,12000000,37150000,0,0,0,0
2025-12-17,7780,15000000,31000000,0,0,0,10003000
2025-12-17,8499,89000000,97000000,0,0,2610000,21603000
2025-12-17,00684R,0,0,0,0,50001000,77000000
2025-12-17,6794,1000000,28000000,0,0,0,0
2025-12-17,1737,10000000,38000000,0,0,1000000,0
2025-12-17,3703,199000000,206000000,0,0,3000000,23000000
2025-12-17,3092,88000000,115000000,0,0,0,0
2025-12-17,1321,7000000,35000000,0,0,1000000,0
2025-12-17,6214,445000000,468000000,0,5235000,9000000,8107000
2025-12-17,9927,14000000,31717000,0,0,0,10000000
2025-12-17,6885,38000000,66000000,0,0,0,0
2025-12-17,1110,8000000,36000000,0,0,1000000,1000000
2025-12-17,2468,76000000,105000000,0,0,1998000,1000000
2025-12-17,2028,3000000,34000000,0,0,2000000,0
2025-12-17,3296,4000000,27000000,0,0,0,6000000
2025-12-17,3031,70000000,98000000,0,0,0,1000000
2025-12-17,00668,0,1000000,0,0,42259000,71195000
2025-12-17,6205,32000000,55000000,0,0,0,7000000
2025-12-17,3027,37000000,68000000,0,0,3000000,2000000
2025-12-17,6108,33000000,52000000,0,0,3000000,14001000
2025-12-17,2231,110000000,118000000,0,0,7000000,29184000
2025-12-17,1582,75000000,104000000,0,0,2000000,3843000
2025-12-17,2923,1000000,34000000,0,0,2000000,0
2025-12-17,9946,49000000,81000000,0,0,1000000,0
2025-12-17,1234,22000000,55000000,0,0,1000000,0
2025-12-17,6416,59000000,91000000,0,0,0,0
2025-12-17,910861,0,32000000,0,0,0,0
2025-12-17,4912,41000000,74050000,0,0,1000000,0
2025-12-17,2849,7000000,44000000,0,0,4000000,0
2025-12-17,1713,7000000,44000000,0,0,4000000,0
2025-12-17,4119,14000000,43000000,0,0,1000000,5135000
2025-12-17,2013,15000000,49000000,0,0,6000000,5224000
2025-12-17,2906,41000000,75000000,0,0,0,0
2025-12-17,6534,14000000,49000000,0,0,4000000,3130000
2025-12-17,00661,50000,0,0,0,8000000,42368000
2025-12-17,02001L,0,0,0,0,0,35000000
2025-12-17,4441,3000000,39000000,0,0,1000000,0
2025-12-17,5269,85100000,120535000,40000000,104000,13708000,53199000
2025-12-17,1734,2000000,38100000,0,0,1000000,0
2025-12-17,6689,30000000,64000000,0,2979000,1000000,178000
2025-12-17,3413,358080000,437000000,42000000,4000000,14040000,9360000
2025-12-17,8996,164000000,87453000,6000000,110000000,6000000,15000000
2025-12-17,2033,1000000,38000000,0,0,0,0
2025-12-17,1760,7000000,43000000,0,0,0,1000000
2025-12-17,3209,53000000,87000000,0,1497000,0,2000000
2025-12-17,00709,100000,1000000,0,0,11000000,48000000
2025-12-17,3035,492000000,1002000000,0,0,540113000,68061000
2025-12-17,6937,24000000,61000000,0,1000000,3000000,3173000
2025-12-17,6756,54000000,92000000,0,0,5000000,5209000
2025-12-17,6873,65000000,109852000,0,1180000,8281000,1195000
2025-12-17,2241,141000000,182000000,0,0,3000000,1000000
2025-12-17,3043,10000000,48189000,0,0,0,1000000
2025-12-17,6438,88000000,127000000,0,0,741000,1131000
2025-12-17,1218,81000000,117000000,0,0,1000000,5000000
2025-12-17,1225,10000000,50000000,0,0,0,0
2025-12-17,2516,2000000,43000000,0,0,1000000,0
2025-12-17,3705,33000000,71000000,0,0,2000000,4000000
2025-12-17,2460,31000000,72000000,0,0,3000000,2000000
2025-12-17,2527,53000000,97000000,0,327000,4000000,0
2025-12-17,4585,11020000,52000000,0,0,0,0
2025-12-17,4976,79000000,119000000,0,0,0,1000000
2025-12-17,2069,2000000,43000000,0,0,0,0
2025-12-17,8081,241000000,326000000,42000000,0,229000,0
2025-12-17,2514,4000000,48000000,0,0,1000000,0
2025-12-17,0051,12000,1000000,0,0,52000000,94956000
2025-12-17,6831,143000000,235000000,58000000,0,10000000,20000000
2025-12-17,00645,100000,1000000,0,0,54000000,97228000
2025-12-17,1612,165000000,207000000,0,0,33000,2664000
2025-12-17,4720,4000000,60000000,0,507000,13000000,2000000
2025-12-17,2059,146352000,212625000,13000000,147000,37307000,30618000
2025-12-17,00728,0,4000000,0,0,38153000,81005000
2025-12-17,4736,48000000,93272000,0,0,0,2000000
2025-12-17,2480,18000000,64849000,0,0,0,565000
2025-12-17,1616,183000000,228000000,0,0,1000000,3746000
2025-12-17,01009T,0,0,0,0,0,48000000
2025-12-17,3701,703200000,751000000,0,0,1000000,2000000
2025-12-17,1451,4000000,54000000,0,0,1000000,0
2025-12-17,9924,40000000,88600000,0,447000,10000000,10000000
2025-12-17,3014,227100000,352000000,177000000,100721000,4034000,4670000
2025-12-17,6477,408000000,456000000,0,0,0,1446000
2025-12-17,6657,34000000,82000000,0,0,0,2000000
2025-12-17,00736,0,0,0,0,112000000,162000000
2025-12-17,8163,174080000,203000000,0,0,24000000,45389000
2025-12-17,1466,18000000,70000000,0,0,1000000,0
2025-12-17,1783,5000000,56000000,0,0,0,0
2025-12-17,2838,1566000000,1620640000,0,40000000,48000000,4742000
2025-12-17,00690,0,6000000,0,0,358000000,404517000
2025-12-17,6781,336095000,381702000,72000000,90065000,29768000,18890000
2025-12-17,00647L,6000,7000000,0,0,5000000,51037000
2025-12-17,2038,6000000,60160000,0,0,1000000,0
2025-12-17,1227,77000000,132000000,0,0,5000000,3519000
2025-12-17,6197,272000000,190000000,0,136000000,6291000,6544000
2025-12-17,2010,134000000,204000000,0,0,16000000,831000
2025-12-17,1455,58000000,114000000,0,0,1000000,0
2025-12-17,6024,80000000,52000000,0,0,0,83000000
2025-12-17,5434,405155000,291000000,1000000,177000000,12623000,5845000
2025-12-17,3008,191783000,297825000,44000000,1338000,23790000,15840000
2025-12-17,2851,355000000,382000000,0,0,41000000,70000000
2025-12-17,2476,198000000,256000000,0,0,2477000,1091000
2025-12-17,4961,734000000,1051000000,350000000,110000000,35276000,15192000
2025-12-17,9934,29000000,77000000,0,0,6000000,16000000
2025-12-17,6141,0,59000000,0,0,0,0
2025-12-17,1720,97000000,157000000,0,0,1000000,0
2025-12-17,1723,64000000,121000000,0,0,0,2000000
2025-12-17,2535,27000000,87000000,0,0,1000000,0
2025-12-17,9940,102000000,175000000,0,0,14000000,13000
2025-12-17,2466,161000000,223000000,0,0,2000000,0
2025-12-17,6243,199000000,259000000,0,0,0,1000
2025-12-17,8222,44000000,103000000,0,0,1000000,3000000
2025-12-17,6168,114000000,178000000,0,0,1000000,0
2025-12-17,6573,12000000,79000000,0,0,3000000,0
2025-12-17,5533,2000000,67000000,0,0,1000000,0
2025-12-17,00962,0,1000000,0,0,71000000,135368000
2025-12-17,2493,127000000,192540000,0,0,0,1439000
2025-12-17,5306,3000000,70000000,0,0,0,0
2025-12-17,3380,693000000,743000000,0,0,28572000,46743000
2025-12-17,00763U,18000000,0,0,0,266171000,353586000
2025-12-17,00912,2000000,21000000,0,0,32901000,83404000
2025-12-17,1773,121400000,121000000,0,68000000,0,2046000
2025-12-17,00981T,0,9000000,0,0,591000000,651688000
2025-12-17,1515,34000000,104000000,0,0,0,0
2025-12-17,2506,0,57000000,0,0,0,13000000
2025-12-17,00635U,10307000,9500000,0,0,1151946000,1224430000
2025-12-17,1907,485000000,648000000,0,0,95000000,4704000
2025-12-17,2328,1243000000,1174000000,0,0,20000000,161876000
2025-12-17,9910,284000000,301000000,0,10166000,3771000,50407000
2025-12-17,2007,0,74000000,0,0,0,0
2025-12-17,2601,103000000,191000000,0,0,13000000,0
2025-12-17,4968,124000000,191000000,0,0,6000000,14077000
2025-12-17,00852L,0,0,0,0,577000000,652587000
2025-12-17,6472,210000000,338299000,0,378000,89446000,38715000
2025-12-17,6541,220000000,300261000,0,0,5000000,3000000
2025-12-17,1617,54000000,145000000,0,0,14000000,4293000
2025-12-17,6142,24000000,107000000,0,0,5000000,5000000
2025-12-17,3673,862000000,972000000,0,0,71650000,45002000
2025-12-17,6625,12000000,94000000,0,0,2000000,3448000
2025-12-17,2062,7000000,94000000,0,1000000,3000000,0
2025-12-17,4566,195000000,331000000,0,0,56567000,5786000
2025-12-17,00643,67000000,0,0,0,2768944000,2922118000
2025-12-17,00638R,0,0,0,0,13000000,99230000
2025-12-17,4414,159000000,253000000,0,0,22000000,14542000
2025-12-17,1603,14000000,100000000,0,2000000,1000000,0
2025-12-17,6533,32000000,120001000,0,0,12000000,11323000
2025-12-17,6491,33000000,121000000,0,0,15000000,14838000
2025-12-17,1447,35000000,123000000,0,0,0,0
2025-12-17,2390,77000000,167000000,0,0,7000000,5000000
2025-12-17,2323,3396000000,2931000000,0,0,83679000,637000000
2025-12-17,1201,8000000,98000000,0,0,5000000,4623000
2025-12-17,2707,5050000,90000000,0,0,6000000,11000000
2025-12-17,00651R,0,0,0,0,306799000,396799000
2025-12-17,6919,1217599000,1308489000,0,0,7204000,7000000
2025-12-17,3024,48000000,139000000,0,0,0,0
2025-12-17,1589,89000000,181000000,0,0,3000000,2035000
2025-12-17,00670L,2010000,2000000,0,0,160000000,252245000
2025-12-17,1444,119000000,212000000,0,0,2000000,1249000
2025-12-17,4164,288000000,380000000,0,0,17000000,18416000
2025-12-17,8104,144000000,238113000,0,0,1000000,1001000
2025-12-17,6526,59000000,152000000,1000000,0,5228000,7847000
2025-12-17,4142,281000000,373000000,0,0,5000000,9520000
2025-12-17,2355,514000000,587000000,0,0,3284000,27000000
2025-12-17,8103,476100000,578650000,0,0,5000000,0
2025-12-17,2031,61000000,156000000,0,0,2000000,5709000
2025-12-17,5531,60000000,167000000,0,0,7000000,0
2025-12-17,9911,19000000,131000000,0,0,22000000,10386000
2025-12-17,00905,11000000,101000000,0,0,713000000,725926000
2025-12-17,9902,26000000,130000000,0,0,14000000,13000000
2025-12-17,2374,752000000,858239000,0,3000000,5124000,1153000
2025-12-17,3002,130000000,240000000,0,0,8000000,6096000
2025-12-17,00735,28059000,0,0,0,75000000,213000000
2025-12-17,4770,105000000,219000000,0,0,9508000,6318000
2025-12-17,2030,1000000,112000000,0,0,1000000,1000000
2025-12-17,00901,0,3000000,0,0,431000000,540385000
2025-12-17,6226,32000000,150000000,0,0,7000000,2636000
2025-12-17,00911,607000,1000000,0,0,100000000,214332000
2025-12-17,5203,97000000,213000000,0,0,2000000,1463000
2025-12-17,3051,109000000,225000000,0,0,0,0
2025-12-17,3515,242000000,351000000,0,0,4000000,11670000
2025-12-17,7799,105000000,223000000,0,0,3000000,3000000
2025-12-17,6669,310084000,424724000,14000000,12000000,41227000,47236000
2025-12-17,2376,1052772000,1204839000,6000000,417000000,474092000,30009000
2025-12-17,1476,475258000,653094000,0,1161000,70554000,12821000
2025-12-17,1460,31000000,113000000,0,0,0,40000000
2025-12-17,6112,173000000,301000000,0,0,0,243000
2025-12-17,3622,230000000,321000000,0,0,5000000,42807000
2025-12-17,6515,329561000,341685000,0,125260000,62744000,55422000
2025-12-17,00640L,0,2000000,0,0,64000000,192132000
2025-12-17,3443,1137764000,1103759000,6000000,168000000,72119000,74310000
2025-12-17,6550,283000000,404000000,0,0,6000000,15872000
2025-12-17,00956,1000000,103000000,0,0,0,29293000
2025-12-17,6165,5000000,138000000,0,0,0,0
2025-12-17,2608,5005000,140000000,0,0,2000000,901000
2025-12-17,1618,60000000,192000000,0,0,95000,2794000
2025-12-17,00972,0,0,0,0,99000000,233894000
2025-12-17,6409,205579000,336535000,0,0,6407000,11619000
2025-12-17,1708,84000000,244000000,0,0,24100000,559000
2025-12-17,2704,0,139000000,0,0,1000000,0
2025-12-17,00954,1045000,225900000,0,0,179000000,93943000
2025-12-17,1810,48000000,180000000,0,0,4000000,12085000
2025-12-17,1464,9000000,152704000,0,0,0,0
2025-12-17,2701,3000000,150000000,0,0,2000000,0
2025-12-17,2413,1521000000,1728000000,0,0,62000000,2005000
2025-12-17,6451,103000000,245000000,0,0,2000000,7507000
2025-12-17,1309,434000000,588000000,0,0,25000000,19622000
2025-12-17,00770,2353000,13000000,0,0,73000000,211948000
2025-12-17,1414,13000000,165000000,0,1000000,0,1000000
2025-12-17,2429,66000000,221000000,0,0,5000000,4660000
2025-12-17,2101,355000000,504400000,0,0,10000000,16001000
2025-12-17,00924,1010000,0,0,0,712000000,868520000
2025-12-17,2332,1451856000,1273000000,0,0,120000000,456428000
2025-12-17,3042,915000000,974000000,0,112000000,50478000,37300000
2025-12-17,00934,0,232000000,0,0,663013000,590640000
2025-12-17,6869,53000000,213000000,0,0,4000000,4506000
2025-12-17,00892,0,155000000,0,0,551000000,557419000
2025-12-17,2426,49000000,211000000,0,0,3000000,3000000
2025-12-17,9917,111000000,95000000,0,182000000,3426000,0
2025-12-17,00685L,0,1000000,0,0,112558000,274737000
2025-12-17,2206,215000000,303000000,0,60774000,2836000,18599000
2025-12-17,2467,1256000000,1372115000,0,0,17305000,68021000
2025-12-17,9802,108000000,263000000,0,0,17000000,33717000
2025-12-17,2820,135000000,311000000,0,0,2000000,0
2025-12-17,2207,201000000,660881000,295000000,1000000,5000000,16666000
2025-12-17,1727,162000000,344000000,0,0,2000000,1923000
2025-12-17,1103,36000000,220000000,0,0,2000000,0
2025-12-17,00666R,0,0,0,0,103000000,287200000
2025-12-17,2547,144000000,302000000,0,0,7000000,35002000
2025-12-17,00917,2000000,112000000,0,0,57000000,139088000
2025-12-17,4536,111000000,298000000,0,0,3000000,9644000
2025-12-17,2228,568000000,758000000,0,0,15000000,20001000
2025-12-17,1449,211000000,412400000,0,0,12000000,9776000
2025-12-17,3010,657000000,1322000000,448000000,0,39020000,22658000
2025-12-17,2340,1630000000,2876000000,0,0,1078115000,34517000
2025-12-17,2607,1115000000,722500000,0,601000000,2000000,0
2025-12-17,6768,121000000,279000000,0,10000000,1094000,40409000
2025-12-17,1718,447000000,589000000,0,0,9000000,78176000
2025-12-17,1904,185000000,373000000,0,14725000,37000000,46087000
2025-12-17,2723,204000000,416000000,0,0,0,0
2025-12-17,3694,231000000,443000000,0,0,1000000,3914000
2025-12-17,1795,815384000,996000000,3000000,0,96666000,149741000
2025-12-17,00708L,5020000,0,0,0,981877000,1219453000
2025-12-17,00963,4000000,56000000,0,0,150000000,332100000
2025-12-17,4739,189000000,383000000,1000000,0,2533000,46169000
2025-12-17,2305,78000000,316000000,0,0,2000000,1000000
2025-12-17,2208,273000000,503000000,0,2000000,3000000,9000000
2025-12-17,3714,229000000,422000000,0,0,40000000,85111000
2025-12-17,4306,231000000,479100000,0,0,9000000,0
2025-12-17,2103,495000000,737000000,0,0,3000000,2842000
2025-12-17,00910,7000000,3021000,0,0,10000000,255997000
2025-12-17,8215,66000000,320000000,0,0,7000000,3000000
2025-12-17,1514,399280000,624079000,0,0,12000000,38210000
2025-12-17,00903,4000000,139000000,0,0,150196000,269113000
2025-12-17,2201,1419000000,1663000000,0,7000000,102409000,105454000
2025-12-17,2108,36000000,285000000,0,0,1000000,6294000
2025-12-17,8105,181000000,440000000,0,0,2000000,1000000
2025-12-17,2360,1610018000,1760225000,4000000,86000000,17044000,47661000
2025-12-17,2630,92000000,345000000,0,0,2000000,16611000
2025-12-17,2511,163000000,435000000,0,0,4000000,0
2025-12-17,2612,689000000,1136000000,0,0,205630000,27818000
2025-12-17,6890,87000000,271051000,0,0,9000000,97518000
2025-12-17,2049,893270000,1568000000,0,1285000,433036000,30178000
2025-12-17,009812,8000000,1000000,0,0,972000000,1252367000
2025-12-17,2401,560000000,936000000,0,0,124000000,21541000
2025-12-17,1528,413000000,688000000,0,0,3000000,5000000
2025-12-17,1229,328045000,611500000,0,2000000,34718000,28487000
2025-12-17,6901,49000000,335000000,0,0,5000000,3000000
2025-12-17,6830,412000000,674000000,0,0,26031000,48862000
2025-12-17,00865B,283000000,0,0,0,395000000,968536000
2025-12-17,1477,1689000000,716000000,42000000,1313064000,51931000,44405000
2025-12-17,2392,241000000,522000000,0,0,21000000,30774000
2025-12-17,2338,246000000,526000000,0,0,24000000,36706000
2025-12-17,2106,146000000,445000000,0,0,11000000,5179000
2025-12-17,6176,3328870000,1009000000,4000000,2601217000,61012000,80485000
2025-12-17,1513,1032344000,828000000,278000000,594200000,14716000,200788000
2025-12-17,2913,63000000,339000000,0,0,9000000,34000000
2025-12-17,00692,4000000,72000000,0,0,228300000,472072000
2025-12-17,2395,1379148000,1689520000,5000000,8000000,16000000,15950000
2025-12-17,2258,36000000,386000000,0,0,34000000,939000
2025-12-17,6426,1854000000,2199100000,0,0,29206000,4459000
2025-12-17,1529,149000000,464000000,0,0,3000000,12217000
2025-12-17,2404,2923867000,3511482000,550000000,272452000,366713000,385862000
2025-12-17,1714,126000000,398000000,0,0,2000000,69000000
2025-12-17,3712,86000000,405000000,0,0,8000000,30489000
2025-12-17,2362,246000000,587000000,0,0,3000000,5029000
2025-12-17,3607,109000000,451000000,0,0,13000000,20000000
2025-12-17,00757,61069000,306000000,0,300000000,1008000000,817330000
2025-12-17,5871,9755905000,8038945000,1112000000,3275130000,136120000,48270000
2025-12-17,00909,12002000,315260000,0,0,232000000,287259000
2025-12-17,2444,40000000,411000000,0,0,2000000,2000
2025-12-17,6589,112000000,483000000,0,0,6000000,5000000
2025-12-17,1104,205000000,594000000,0,0,17000000,0
2025-12-17,6691,493245000,817950000,0,8000000,10367000,53741000
2025-12-17,4764,755000000,1103000000,0,0,3449000,32000000
2025-12-17,9938,284000000,617000000,0,15000000,18000000,47638000
2025-12-17,1736,81200000,389000000,0,59000000,13000000,24612000
2025-12-17,3592,1334000000,1009000000,330000000,1047280000,3982000,1977000
2025-12-17,3135,435000000,812000000,0,0,1000000,16000000
2025-12-17,00674R,0,0,0,0,206435000,602149000
2025-12-17,00935,19000000,336000000,0,0,776738000,857475000
2025-12-17,6753,61000000,440000000,0,0,11000000,31932000
2025-12-17,6278,1269000000,397000000,0,1254000000,18547000,40066000
2025-12-17,2646,1138520000,1569000000,0,0,22000000,4000000
2025-12-17,3563,116600000,522500000,0,0,27671000,36891000
2025-12-17,2204,551000000,960000000,0,4670000,2933000,7079000
2025-12-17,00904,11000000,212000000,0,0,342871000,562171000
2025-12-17,00952,1000000,58000000,0,0,462475000,834505000
2025-12-17,2520,7018000000,2181570000,0,5446000000,235680000,58002000
2025-12-17,3653,883909000,938482000,0,286521000,89630000,184323000
2025-12-17,3545,309010000,767000000,0,4000000,23912000,7967000
2025-12-17,3016,1296000000,1838000000,0,0,89550000,7843000
2025-12-17,5388,1220000000,302000000,0,1077000000,20414000,333695000
2025-12-17,1710,228000000,704000000,0,0,10000000,8203000
2025-12-17,3023,491000000,981000000,62000000,45000000,4526000,6994000
2025-12-17,2034,73880000,534000000,0,0,14001000,30000000
2025-12-17,6152,357049000,833000000,0,0,8000000,9242000
2025-12-17,00631L,302115000,28000000,0,0,676375000,1433067000
2025-12-17,6806,82398000,552000000,0,0,0,14165000
2025-12-17,1305,131000000,611000000,0,0,2000000,6006000
2025-12-17,9921,472000000,929290000,0,20000000,27000000,33798000
2025-12-17,1313,601000000,1070000000,0,0,14000000,31000000
2025-12-17,3704,391000000,883000000,0,0,1000000,1693000
2025-12-17,1587,1703000000,2214000000,0,0,14102000,1517000
2025-12-17,1808,1107000000,1605500000,0,0,3000000,5000000
2025-12-17,1308,135000000,638000000,0,0,14000000,16488000
2025-12-17,00971,13000000,0,0,0,336000000,861798000
2025-12-17,2457,616000000,1235000000,0,0,213952000,111203000
2025-12-17,4989,717050000,1236568000,0,0,3000000,2000000
2025-12-17,3167,963000000,1485029000,0,0,12000000,8936000
2025-12-17,1440,195000000,806000000,0,0,118000000,28492000
2025-12-17,3011,197000000,732000000,0,0,11000000,9552000
2025-12-17,1442,5407000000,2011000000,0,3890000000,7210000,53154000
2025-12-17,6446,224788000,765054000,2000000,3000000,23485000,31235000
2025-12-17,6923,147000000,709000000,0,0,7000000,12777000
2025-12-17,3060,6626000000,7232000000,0,0,29000000,5558000
2025-12-17,6757,1909010000,994000000,0,1583000000,67000000,17966000
2025-12-17,3017,1028620000,1273288000,26000000,260000000,46301000,186968000
2025-12-17,2855,888000000,1501500000,0,10000000,0,0
2025-12-17,5284,309050000,930000000,0,0,22116000,32080000
2025-12-17,2489,1011000000,1602279000,0,0,38000000,81000000
2025-12-17,2887I,927000000,1567000000,0,0,0,0
2025-12-17,2385,2083600000,1476845000,5000000,1332618000,121373000,41941000
2025-12-17,8926,237000000,884000000,0,0,8000000,7539000
2025-12-17,8021,5719000000,6404050000,22000000,1000000,4000000,11000000
2025-12-17,2645,350000000,1036000000,0,1000000,39000000,24908000
2025-12-17,4916,1140000000,1793000000,0,0,1000000,23285000
2025-12-17,4906,1156000000,1766000000,0,0,46930000,114184000
2025-12-17,2412,2000381000,2846934000,38000000,31000000,231000000,75315000
2025-12-17,00706L,2000000,1000000,0,0,1214000000,1901624000
2025-12-17,6415,1323305000,2204656000,212000000,0,55323000,72904000
2025-12-17,4722,291000000,984000000,0,1000000,36000000,31077000
2025-12-17,4956,489000000,1190000000,0,0,11000000,1168000
2025-12-17,3050,578000000,1273000000,0,0,2000000,10000000
2025-12-17,4977,858000000,1483000000,0,0,1000000,102565000
2025-12-17,2342,1006000000,1743000000,0,0,7009000,6203000
2025-12-17,1314,4462500000,4277000000,0,0,464000000,1393327000
2025-12-17,006208,89909000,181070000,0,0,673606000,1352346000
2025-12-17,00984A,279000000,85000000,0,0,2950966000,3919302000
2025-12-17,3005,1637100000,1347500000,3000000,980000000,49892000,151518000
2025-12-17,9941,501000000,1522300000,223000000,1000000,52408000,48631000
2025-12-17,4532,213000000,995000000,0,0,1000000,21874000
2025-12-17,3376,914000000,1392862000,0,0,26661000,357175000
2025-12-17,3189,2538010000,3059800000,0,3000000,97000000,402370000
2025-12-17,3036,5801000000,9687910000,4359000000,1235000000,129084000,196562000
2025-12-17,3532,744000000,1488000000,0,0,55280000,144287000
2025-12-17,9933,241000000,1086165000,3000000,0,16150000,7897000
2025-12-17,2368,2152624000,2747471000,51000000,128000000,157711000,320101000
2025-12-17,2441,6098100000,9356010000,1583000000,4000000,1080029000,246694000
2025-12-17,6442,683644000,1670216000,172000000,63000000,105582000,86985000
2025-12-17,6153,328000000,1277000000,0,0,56000000,3718000
2025-12-17,3305,5213045000,5912000000,0,0,79000000,313257000
2025-12-17,00675L,6000000,30000000,0,0,296166000,1214680000
2025-12-17,1310,172000000,1112000000,0,0,14000000,27019000
2025-12-17,4526,482000000,1438000000,0,0,0,4969000
2025-12-17,2614,89000000,1046260000,0,3000000,0,1000000
2025-12-17,1905,217000000,1205000000,0,0,46000000,48669000
2025-12-17,2492,697000000,1787000000,1000000,0,190108000,94299000
2025-12-17,2915,723000000,1684000000,0,53000000,23156000,6000000
2025-12-17,3090,2110000000,3146445000,0,145000000,191271000,14244000
2025-12-17,1611,1148325000,2171752000,0,0,9000000,12042000
2025-12-17,2023,300000000,1340000000,0,0,41000000,33000000
2025-12-17,1434,203000000,1252000000,0,37000000,17000000,4665000
2025-12-17,00894,20000000,59000000,0,0,541000000,1581085000
2025-12-17,00662,26066000,14000000,0,0,436000000,1542295000
2025-12-17,3013,610500000,1504020000,0,150000000,34000000,100683000
2025-12-17,9914,848140000,2038000000,0,0,132000000,54809000
2025-12-17,2388,1761071000,2041000000,0,0,185001000,1042344000
2025-12-17,2393,8567200000,2093000000,186000000,7940870000,175000000,49092000
2025-12-17,1402,3051000000,3299194000,0,916000000,39107000,32394000
2025-12-17,1909,492000000,1233000000,0,0,15000000,433000000
2025-12-17,2897,1798000000,3059000000,0,0,70000000,0
2025-12-17,3450,1654000000,2864000000,0,1000000,87113000,67171000
2025-12-17,00922,71091000,259000000,0,0,1950851000,2985559000
2025-12-17,6706,1480000000,2743000000,0,0,41366000,48843000
2025-12-17,00953B,9119000000,381000000,0,0,8532000000,18545297000
2025-12-17,00881,88300000,1953000000,0,0,3723018000,3152870000
2025-12-17,1101,11547000000,13301000000,10000000,0,886915000,447500000
2025-12-17,2357,1647580000,7270126000,4627000000,363694000,133559000,113215000
2025-12-17,8028,699113000,2027000000,0,22000000,148563000,142178000
2025-12-17,5876,5544028000,4871000000,0,2230974000,319000000,110032000
2025-12-17,2449,6725045000,6239008000,22000000,1454000000,309749000,738141000
2025-12-17,6505,2671090000,4346000000,538000000,12401000,468028000,719331000
2025-12-17,1312,1111000000,2478000000,0,0,253142000,290073000
2025-12-17,1210,619000000,2332000000,351000000,28000000,31000000,49896000
2025-12-17,2104,897000000,2323000000,0,0,35000000,23090000
2025-12-17,1519,1155968000,2520761000,33000000,556000,143135000,246318000
2025-12-17,2014,1931000000,3569000000,0,0,557032000,395975000
2025-12-17,2634,756000000,1698000000,0,2000000,114000000,702073000
2025-12-17,00641R,0,0,0,0,1152603000,2690000000
2025-12-17,2402,2032000000,3668000000,0,0,209343000,135907000
2025-12-17,1722,1342000000,1663651000,0,1237000000,8105000,20079000
2025-12-17,3062,727000000,2312000000,0,0,1001000,2808000
2025-12-17,6257,3242000000,1381000000,0,3239000000,119000000,342288000
2025-12-17,00632R,100000000,0,0,0,8094978000,9804629000
2025-12-17,2912,512180000,2059017000,0,66801000,107000000,136577000
2025-12-17,3706,1486110000,3091200000,6000000,0,189629000,282454000
2025-12-17,6282,7506050000,8657000000,2000000,0,181212000,728635000
2025-12-17,00896,113000000,146000000,0,0,739050000,2467021000
2025-12-17,1608,510000000,2283000000,0,2000000,11122000,25352000
2025-12-17,4904,2030037000,3751988000,32000000,120000000,98624000,114596000
2025-12-17,2485,18968256000,21204000000,0,0,953835000,552631000
2025-12-17,2903,1297000000,7177000000,3854000000,11000000,189000000,4000000
2025-12-17,2481,1274000000,2619220000,0,27000000,110000000,591010000
2025-12-17,2377,1368020000,3120417000,6000000,17000000,79399000,180644000
2025-12-17,6285,1203033000,3233000000,61000000,8000000,163446000,162681000
2025-12-17,00882,17010000,184000000,0,0,497075000,2320191000
2025-12-17,1304,698000000,2720000000,0,0,65000000,42106000
2025-12-17,00830,92059000,1077000000,0,0,727000000,1765078000
2025-12-17,00663L,221000000,105000000,0,0,480381000,2668250000
2025-12-17,1609,236058000,2877150000,2000000,6760000,470000000,103201000
2025-12-17,2615,2430640000,4843000000,0,1797000,890712000,786077000
2025-12-17,1215,790000000,5504000000,2116000000,2000000,62000000,73488000
2025-12-17,8046,3581103000,4998782000,2000000,1008000000,243271000,458126000
2025-12-17,2211,1350000000,6304000000,2260000000,4000000,30000000,54560000
2025-12-17,00891,167000000,1305000000,0,0,1227275000,2865200000
2025-12-17,009803,46000000,0,0,0,2032000000,4906328000
2025-12-17,2633,1151000000,4019000000,0,17760000,40545000,109000000
2025-12-17,2327,5281335000,7855661000,72000000,127000000,361567000,694867000
2025-12-17,9105,3339000000,6338000000,0,0,0,765000
2025-12-17,3711,7202729000,10141796000,145000000,428000000,387885000,218175000
2025-12-17,2356,2178010000,6820000000,24000000,54000000,1653680000,136443000
2025-12-17,2331,1842000000,4846000000,0,0,77000000,303083000
2025-12-17,1717,484000000,3604000000,0,0,72000000,247410000
2025-12-17,4938,4528000000,8285500000,2522000000,2741000000,672000000,109574000
2025-12-17,2006,3431900000,7074925000,2000000,45950000,229070000,61717000
2025-12-17,9907,650000000,7178000000,2849000000,0,8000000,26617000
2025-12-17,2308,5328578000,10005606000,102000000,362000000,1934400000,696403000
2025-12-17,0056,2716324000,4822145000,0,0,1443926000,3196276000
2025-12-17,3037,5963379000,10742162000,457000000,0,910796000,551734000
2025-12-17,00980A,121000000,473000000,0,0,2407000000,6178346000
2025-12-17,2885,21339010000,22964797000,0,3074726000,1031220000,663903000
2025-12-17,3045,2166170000,6798735000,242000000,17000000,223631000,217577000
2025-12-17,2330,13036594000,22412376000,572000000,300199000,4793215000,601033000
2025-12-17,00985A,187400000,192000000,0,0,2692000000,7704466000
2025-12-17,00671R,0,0,0,0,3728000000,9052000000
2025-12-17,1326,4259000000,9724055000,0,16000000,400689000,385954000
2025-12-17,3576,3692750000,9571000000,0,0,25020000,54898000
2025-12-17,2515,4679000000,10545000000,0,0,37000000,239009000
2025-12-17,2409,8174000000,13902010000,43000000,130000000,129784000,464439000
2025-12-17,1802,12698030000,17722100000,0,0,640116000,2247483000
2025-12-17,1301,3786000000,10943134000,0,0,1006000000,504807000
2025-12-17,1102,5503000000,14598000000,7231000000,4923511000,78083000,96021000
2025-12-17,2105,2467050000,8194000000,4000000,1204721000,55930000,154337000
2025-12-17,1605,13132100000,19380000000,30000000,41000000,1604809000,2544475000
2025-12-17,2347,10894000000,12594000000,9000000,6249490000,505401000,201250000
2025-12-17,00982A,316145000,1086000000,0,0,10933605000,18395763000
2025-12-17,2352,4897000000,13649040000,15000000,125000000,142884000,121495000
2025-12-17,3702,5103000000,18753450000,6330000000,1925000000,201883000,176520000
2025-12-17,00642U,27094000,0,0,0,1658000000,11346413000
2025-12-17,2353,3944150000,10168500000,21000000,4268000000,933897000,392444000
2025-12-17,00988A,121000000,562000000,0,0,666000000,10434000000
2025-12-17,6005,4943000000,20327000000,4899000000,1502016000,0,0
2025-12-17,2886,12804600000,26492000000,986000000,84094000,544997000,222758000
2025-12-17,3231,5277428000,17452526000,33000000,134000000,185000000,479978000
2025-12-17,00712,269000000,13366000000,0,0,3688999000,3245182000
2025-12-17,2371,16387005000,20243500000,3000000,8973000000,251228000,580172000
2025-12-17,2002,2888200000,18527000000,13000000,2000000,1889000000,77585000
2025-12-17,2312,7723000000,19677000000,0,24000000,432000000,3580670000
2025-12-17,00918,1539000000,2980000000,0,0,5008094000,20674278000
2025-12-17,2027,4364500000,28231385000,6780000000,0,274383000,543248000
2025-12-17,2317,12077013000,40186943000,351000000,99125000,8850880000,348985000
2025-12-17,0052,2644950000,65000000,0,0,3055000000,27138827000
2025-12-17,0050,11057940000,35557811000,0,1000000000,26563851000,24875466000
2025-12-17,00715L,387000000,3000000,0,0,6441076000,37367557000
2025-12-17,2382,8209391000,44248361000,71000000,224719000,1581000000,1407667000
2025-12-17,3481,23285500000,59876699000,53000000,117000000,1265180000,797283000
2025-12-17,00981A,1712997000,3193000000,0,0,12381000000,76294314000
2025-12-17,00679B,28895000000,56614000000,0,0,41852323000,16439000000
2025-12-17,00687B,25345000000,1003200000,0,0,7581411000,15336000000
2025-12-17,00687C,0,0,0,0,50600000,51600000
2025-12-17,00694B,370000000,0,0,0,148264000,459921000
2025-12-17,00695B,258000000,5000000,0,0,314850000,414000000
2025-12-17,00696B,1906000000,0,0,0,2426417000,4094010000
2025-12-17,00697B,31000000,3000000,0,0,169048000,220439000
2025-12-17,00719B,300000000,117500000,0,0,241761000,170212000
2025-12-17,00720B,694000000,185000000,0,0,2276400000,507631000
2025-12-17,00722B,74000000,9000000,0,0,4482518000,4371361000
2025-12-17,00723B,64000000,0,0,0,100113000,160000000
2025-12-17,00724B,174000000,9000000,0,0,3536590000,3690113000
2025-12-17,00725B,1375000000,38000000,0,0,851000000,1598407000
2025-12-17,00726B,5000000,2000000,0,0,195675000,215792000
2025-12-17,00727B,0,0,0,0,103665000,101647000
2025-12-17,00740B,1408000000,5000000,0,0,1297000000,2416068000
2025-12-17,00741B,91000000,0,0,0,200468000,200000000
2025-12-17,00746B,469000000,0,0,0,232043000,683131000
2025-12-17,00749B,0,0,0,0,100000000,100000000
2025-12-17,00750B,0,0,0,0,100000000,101000000
2025-12-17,00751B,52000000,948000000,220000000,0,350419000,836000000
2025-12-17,00754B,4000000,1000000,0,0,100000000,105640000
2025-12-17,00755B,1000000,0,0,0,100048000,100000000
2025-12-17,00756B,50000000,0,0,0,111000000,179000000
2025-12-17,00758B,0,0,0,0,100000000,100022000
2025-12-17,00759B,0,0,0,0,100000000,100021000
2025-12-17,00760B,50000000,1000000,0,0,4447000,51180000
2025-12-17,00761B,425000000,3000000,0,0,98052000,445000000
2025-12-17,00764B,119000000,3000000,0,0,11371051000,11143464000
2025-12-17,00768B,4000000,36000000,0,0,918299000,832604000
2025-12-17,00772B,3121000000,38000000,0,0,918271000,2639512000
2025-12-17,00773B,443000000,0,0,0,221566000,364088000
2025-12-17,00777B,1000000,1000000,0,0,100000000,101000000
2025-12-17,00778B,1000000,0,0,0,100000000,101000000
2025-12-17,00779B,68000000,0,0,0,301000000,367000000
2025-12-17,00780B,37000000,1000000,0,0,100000000,125000000
2025-12-17,00781B,0,0,0,0,100000000,112000000
2025-12-17,00782B,0,1000000,0,0,161032000,101000000
2025-12-17,00785B,4000000,1000000,0,0,102000000,105000000
2025-12-17,00786B,0,504000000,0,0,735000000,23000000
2025-12-17,00787B,1000000,199000000,0,0,253025000,42000000
2025-12-17,00788B,0,244000000,0,0,410116000,154000000
2025-12-17,00789B,10000000,0,0,0,100000000,100000000
2025-12-17,00791B,0,1000000,0,0,100000000,100000000
2025-12-17,00792B,1000000,1000000,0,0,100034000,104000000
2025-12-17,00793B,0,0,0,0,100000000,100000000
2025-12-17,00795B,4329000000,159000000,0,0,2406220000,2880000000
2025-12-17,00799B,0,0,0,0,199000000,273200000
2025-12-17,00834B,0,0,0,0,101000000,100000000
2025-12-17,00836B,67000000,0,0,0,201000000,307150000
2025-12-17,00840B,0,0,0,0,100000000,100000000
2025-12-17,00841B,0,0,0,0,100000000,100000000
2025-12-17,00842B,0,0,0,0,1000000,0
2025-12-17,00844B,6000000,0,0,0,0,0
2025-12-17,00845B,0,0,0,0,102000000,100000000
2025-12-17,00846B,0,0,0,0,104000000,100000000
2025-12-17,00847B,0,0,0,0,201000000,200000000
2025-12-17,00848B,0,0,0,0,200000000,200000000
2025-12-17,00849B,0,0,0,0,200864000,200844000
2025-12-17,00853B,118000000,0,0,0,551763000,640025000
2025-12-17,00856B,0,0,0,0,1000000,8000000
2025-12-17,00857B,34000000,39000000,0,0,1410323000,1013000000
2025-12-17,00858,0,63000000,0,0,305994000,276865000
2025-12-17,00859B,514000000,103000000,0,0,2563114000,3276291000
2025-12-17,00860B,0,0,0,0,100388000,101576000
2025-12-17,00862B,105000000,1000000,0,0,203051000,300000000
2025-12-17,00863B,29000000,0,0,0,205000000,230000000
2025-12-17,00864B,278000000,31000000,0,0,219000000,309750000
2025-12-17,00870B,1000000,0,0,0,0,0
2025-12-17,00877,2334000000,98000000,0,0,1294501000,2473382000
2025-12-17,00883B,0,0,0,0,202362000,201000000
2025-12-17,00884B,0,0,0,0,200000000,200263000
2025-12-17,00886,0,0,0,0,1070000,0
2025-12-17,00887,2697000000,29000000,0,0,3462224000,3332375000
2025-12-17,00888,1000000,40000000,0,0,258038000,243834000
2025-12-17,00890B,52000000,3000000,0,0,331000000,350000000
2025-12-17,00928,0,13000000,0,0,637219000,622012000
2025-12-17,00931B,817000000,31000000,0,0,2322931000,829266000
2025-12-17,00933B,3368000000,2000000,0,0,2340324000,2612616000
2025-12-17,00937B,13532000000,3782000000,0,0,11590029000,13799962000
2025-12-17,00942B,1259000000,0,0,0,501312000,944833000
2025-12-17,00948B,5751000000,0,0,0,1346594000,4895006000
2025-12-17,00950B,3502000000,0,0,0,511641000,2350000000
2025-12-17,00955,116000000,342000000,0,0,442000000,6746500000
2025-12-17,00957B,0,0,0,0,952009000,907190000
2025-12-17,00958B,0,13000000,0,0,1290000000,600000000
2025-12-17,00959B,54000000,114000000,0,0,696600000,478000000
2025-12-17,00966B,0,10000000,0,0,1178900000,1182363000
2025-12-17,00967B,102000000,1000000,0,0,448182000,623000000
2025-12-17,00968B,0,1362000000,0,0,1179035000,161000000
2025-12-17,00969B,17000000,9000000,0,0,923341000,168000000
2025-12-17,00970B,1516000000,0,0,0,2147000000,1350176000
2025-12-17,00980B,0,0,0,0,48000000,56225000
2025-12-17,00980D,13000000,0,0,0,1031000000,955997000
2025-12-17,00980T,0,10000000,0,0,808000000,579781000
2025-12-17,00981B,576000000,922000000,0,0,3013285000,22303268000
2025-12-17,00981D,1831000000,0,0,0,2997000000,7334352000
2025-12-17,00982B,0,0,0,0,1000000,0
2025-12-17,00983B,0,0,0,0,2521000000,2528281000
2025-12-17,00984B,0,25000000,0,0,1021344000,1165499000
2025-12-17,00986B,0,0,0,0,29000000,4000000
2025-12-17,1240,0,1000000,0,0,0,0
2025-12-17,1264,0,1000000,0,0,0,0
2025-12-17,1268,0,1000000,0,0,0,0
2025-12-17,1294,0,1000000,0,0,0,0
2025-12-17,1295,36000000,12000000,0,0,0,9000
2025-12-17,1336,5000000,10000000,0,0,0,0
2025-12-17,1565,45000000,52000000,0,0,19000000,2188000
2025-12-17,1569,62000000,137000000,0,0,0,535000
2025-12-17,1570,24000000,32000000,0,0,0,0
2025-12-17,1580,5000000,1000000,0,0,0,0
2025-12-17,1584,145000000,2000000,0,0,0,0
2025-12-17,1586,132000000,87000000,0,0,0,0
2025-12-17,1591,10000000,22000000,0,0,0,0
2025-12-17,1593,3000000,2000000,0,0,23000,0
2025-12-17,1595,9000000,1000000,0,0,0,0
2025-12-17,1599,2000000,0,0,0,0,0
2025-12-17,1777,6000000,9000000,0,0,0,0
2025-12-17,1781,1000000,1000000,0,0,0,0
2025-12-17,1784,77000000,263000000,0,0,44787000,12241000
2025-12-17,1785,1475200000,2765000000,0,0,97710000,121155000
2025-12-17,1796,0,4000000,0,0,0,0
2025-12-17,1799,25000000,17000000,0,0,0,417000
2025-12-17,1815,4074038000,3567000000,0,0,21761000,42685000
2025-12-17,02001B,0,0,0,0,1000000,0
2025-12-17,2035,0,13000000,0,0,0,0
2025-12-17,2061,25000000,27000000,0,0,0,0
2025-12-17,2064,0,2000000,0,0,0,0
2025-12-17,2065,6000000,1000000,0,0,0,0
2025-12-17,2066,2000000,0,0,0,0,0
2025-12-17,2067,7000000,0,0,0,0,0
2025-12-17,2070,5000000,0,0,0,0,0
2025-12-17,2221,1000000,0,0,0,0,0
2025-12-17,2230,90000000,113000000,0,0,32000000,32163000
2025-12-17,2235,0,1000000,0,0,0,0
2025-12-17,2596,32000000,2000000,0,0,0,0
2025-12-17,2640,3000000,0,0,15000000,0,0
2025-12-17,2641,1158000000,806000000,0,0,18000000,102000
2025-12-17,2643,1000000,1000000,0,0,0,0
2025-12-17,2718,12000000,5000000,0,0,6000,897000
2025-12-17,2726,9000000,7000000,0,0,0,0
2025-12-17,2732,4000000,1000000,0,0,0,1000000
2025-12-17,2734,5000000,1000000,0,0,312000,0
2025-12-17,2736,0,8000000,0,0,0,0
2025-12-17,2740,0,2000000,0,0,0,0
2025-12-17,2743,35000000,19000000,0,0,913000,40000
2025-12-17,2745,26000000,14000000,0,0,5200000,0
2025-12-17,2751,0,1000000,0,0,0,0
2025-12-17,2754,8000000,1000000,0,0,0,0
2025-12-17,2755,0,1000000,0,0,0,1000000
2025-12-17,2756,9000000,0,0,0,0,0
2025-12-17,2916,5000000,1000000,0,0,0,0
2025-12-17,2924,0,2000000,0,0,0,0
2025-12-17,2926,1000000,0,0,0,0,0
2025-12-17,2947,0,1000000,0,0,0,0
2025-12-17,3064,0,0,0,0,0,213000
2025-12-17,3066,6000000,0,0,0,0,0
2025-12-17,3071,14000000,3000000,0,0,0,0
2025-12-17,3073,169000000,155000000,0,0,0,0
2025-12-17,3078,679000000,461000000,0,256000000,4000000,20412000
2025-12-17,3081,2035000000,3104000000,198000000,0,491013000,260894000
2025-12-17,3083,22000000,3000000,0,0,0,0
2025-12-17,3086,59000000,69000000,0,0,1084000,2532000
2025-12-17,3088,121000000,68000000,0,0,70000,50000
2025-12-17,3093,4000000,0,0,0,0,0
2025-12-17,3095,0,0,0,0,161000,0
2025-12-17,3105,5384010000,4406100000,5000000,0,201736000,608532000
2025-12-17,3114,11000000,4000000,0,0,0,0
2025-12-17,3118,0,1000000,0,0,0,0
2025-12-17,3122,5000000,11000000,0,0,127000,0
2025-12-17,3128,289000000,84000000,0,0,0,0
2025-12-17,3131,70000000,305000000,0,137000000,58900000,96497000
2025-12-17,3141,120000000,108000000,0,0,351000,25000
2025-12-17,3147,15000000,27000000,0,0,2000000,1807000
2025-12-17,3152,327000000,315185000,0,0,50640000,8000000
2025-12-17,3158,0,24000000,0,0,0,0
2025-12-17,3162,544000000,232000000,0,0,1000000,1885000
2025-12-17,3163,380000000,200160000,0,0,20000000,49466000
2025-12-17,3169,84000000,23000000,0,0,4608000,127000
2025-12-17,3171,6000000,6000000,0,0,220000,1000000
2025-12-17,3176,57000000,65000000,0,0,0,0
2025-12-17,3188,81000000,142000000,0,0,0,0
2025-12-17,3191,3000000,0,0,0,0,0
2025-12-17,3205,72000000,9000000,0,0,0,0
2025-12-17,3206,3000000,5000000,0,0,0,0
2025-12-17,3207,44000000,84000000,0,0,0,2568000
2025-12-17,3211,6909000000,3669000000,2446000000,374000000,306539000,91759000
2025-12-17,3213,134000000,129000000,0,0,9601000,5949000
2025-12-17,3217,154506000,117000000,120000000,0,22000000,2982000
2025-12-17,3218,32000000,26000000,0,0,1106000,1003000
2025-12-17,3219,54000000,106000000,0,0,1000000,1169000
2025-12-17,3221,96000000,6000000,0,0,0,0
2025-12-17,3224,9000000,3000000,0,0,0,0
2025-12-17,3227,561000000,574000000,22000000,100000000,77000000,36327000
2025-12-17,3228,37000000,51000000,0,0,2702000,2965000
2025-12-17,3230,48000000,28000000,0,0,5464000,5153000
2025-12-17,3232,5000000,0,0,0,270000,0
2025-12-17,3234,189000000,95000000,0,0,0,0
2025-12-17,3236,2071000000,530000000,0,0,0,0
2025-12-17,3252,0,1000000,0,0,0,0
2025-12-17,3260,7981100000,5212019000,2666000000,176000000,1514480000,314656000
2025-12-17,3264,1929000000,1434000000,0,282000000,111773000,1740246000
2025-12-17,3265,131000000,246000000,0,0,3000000,517000
2025-12-17,3268,2000000,0,0,0,0,0
2025-12-17,3272,2000000,9000000,0,0,0,0
2025-12-17,3276,26000000,21000000,0,0,0,0
2025-12-17,3284,16000000,30000000,0,0,0,0
2025-12-17,3285,1000000,0,0,0,15000,0
2025-12-17,3287,5000000,25000000,0,0,0,198000
2025-12-17,3288,0,0,0,0,100000,0
2025-12-17,3289,137000000,65000000,0,0,4879000,1349000
2025-12-17,3290,121081000,143000000,0,0,3094000,93206000
2025-12-17,3293,147288000,455400000,0,10000000,132000000,158265000
2025-12-17,3294,159000000,105000000,0,0,2000000,2302000
2025-12-17,3297,118000000,78000000,0,0,0,329000
2025-12-17,3303,8000000,7000000,0,0,0,0
2025-12-17,3306,58000000,216000000,0,0,0,45000
2025-12-17,3310,15000000,5000000,0,0,9000,15000000
2025-12-17,3313,73000000,30000000,0,0,0,0
2025-12-17,3317,125000000,35000000,0,0,1546000,618000
2025-12-17,3322,496000000,485000000,0,0,0,0
2025-12-17,3323,2388000000,1574000000,0,0,18072000,1965000
2025-12-17,3324,524729000,554000000,0,0,72941000,52400000
2025-12-17,3325,7000000,0,0,0,0,1000
2025-12-17,3332,16000000,9000000,0,0,0,0
2025-12-17,3339,113000000,92000000,0,0,5000000,5000000
2025-12-17,3349,472000000,15000000,0,0,15000,0
2025-12-17,3354,41000000,16000000,0,0,0,0
2025-12-17,3357,305000000,145000000,0,0,78778000,9308000
2025-12-17,3360,2000000,8000000,0,0,0,2000
2025-12-17,3362,242000000,58000000,0,0,3766000,2088000
2025-12-17,3363,252100000,68000000,0,0,5020000,27000000
2025-12-17,3372,236000000,76000000,0,0,36000000,572000
2025-12-17,3373,2000000,7000000,0,0,0,144000
2025-12-17,3374,639000000,689000000,0,0,289957000,34284000
2025-12-17,3379,33000000,31000000,0,0,1000000,541000
2025-12-17,3388,0,1000000,0,0,0,0
2025-12-17,3390,8000000,12000000,0,0,1000000,233000
2025-12-17,3402,450000000,629000000,0,0,55275000,7266000
2025-12-17,3426,0,1000000,0,0,0,0
2025-12-17,3430,73000000,56000000,0,0,1000000,1424000
2025-12-17,3434,97000000,42000000,0,0,0,0
2025-12-17,3438,60000000,38000000,0,0,0,0
2025-12-17,3441,55000000,24000000,0,0,0,43000
2025-12-17,3444,172000000,238000000,0,0,0,282000
2025-12-17,3455,212000000,47000000,0,0,3000000,2736000
2025-12-17,3466,45000000,396000000,0,0,1000000,0
2025-12-17,3467,0,0,0,0,32000000,0
2025-12-17,3479,78000000,145000000,0,0,0,217000
2025-12-17,3483,76000000,71000000,0,0,3979000,7020000
2025-12-17,3484,9000000,32000000,0,0,0,0
2025-12-17,3489,1000000,1000000,0,0,0,0
2025-12-17,3490,292000000,430000000,0,0,0,0
2025-12-17,3491,1117100000,1072814000,45000000,0,114992000,49625000
2025-12-17,3492,10000000,3000000,0,0,0,18000
2025-12-17,3498,74000000,224000000,0,0,1000000,20025000
2025-12-17,3499,35000000,47000000,0,0,4554000,2956000
2025-12-17,3508,0,10000000,0,0,0,0
2025-12-17,3511,66000000,15000000,0,0,91000,0
2025-12-17,3512,4000000,1000000,0,0,0,0
2025-12-17,3520,57000000,21000000,0,0,0,0
2025-12-17,3521,1000000,23000000,0,0,0,0
2025-12-17,3522,4000000,10000000,0,0,0,0
2025-12-17,3526,43000000,29000000,0,0,6927000,2005000
2025-12-17,3527,101000000,207000000,0,0,0,0
2025-12-17,3529,486099000,615631000,6000000,9200000,41496000,63763000
2025-12-17,3531,0,6000000,0,0,0,0
2025-12-17,3537,347000000,156000000,0,0,0,0
2025-12-17,3540,82000000,79000000,0,0,1000000,876000
2025-12-17,3541,0,0,0,0,0,2000
2025-12-17,3546,65000000,35000000,0,0,1001000,351000
2025-12-17,3548,112000000,90000000,0,0,1993000,1646000
2025-12-17,3551,639000000,408100000,24000000,0,8798000,69487000
2025-12-17,3552,71000000,47000000,0,0,0,6040000
2025-12-17,3555,275000000,262000000,0,0,670000,20000
2025-12-17,3556,5000000,2000000,0,0,0,0
2025-12-17,3558,34300000,44000000,0,0,1317000,1549000
2025-12-17,3564,10000000,12000000,0,0,0,3000
2025-12-17,3567,1000000,0,0,0,1000000,0
2025-12-17,3570,2000000,0,0,0,0,0
2025-12-17,3577,90000000,77000000,0,0,0,180000
2025-12-17,3580,38000000,24000000,0,0,384000,1002000
2025-12-17,3581,146000000,309000000,0,0,1002000,726000
2025-12-17,3587,55000000,80000000,0,0,1000000,3385000
2025-12-17,3594,57000000,37000000,0,0,1282000,1202000
2025-12-17,3597,3000000,8000000,0,0,0,0
2025-12-17,3609,26000000,33000000,0,0,0,0
2025-12-17,3611,4000000,12000000,0,0,7000,3000000
2025-12-17,3615,34000000,121000000,0,0,0,0
2025-12-17,3623,2000000,1000000,0,0,90000,0
2025-12-17,3624,2784000000,803000000,0,0,45554000,29000000
2025-12-17,3625,51000000,85000000,0,0,1000000,1133000
2025-12-17,3628,88000000,178000000,0,0,3000000,2219000
2025-12-17,3630,480000000,350000000,0,0,618000,331000
2025-12-17,3631,6000000,4000000,0,0,0,0
2025-12-17,3646,1000000,2000000,0,0,0,0
2025-12-17,3663,56000000,126000000,0,0,3000000,8222000
2025-12-17,3666,26000000,1000000,0,0,0,0
2025-12-17,3672,1000000,6000000,0,0,1000,0
2025-12-17,3675,97000000,44000000,0,0,7812000,8422000
2025-12-17,3680,205000000,526000000,0,0,79522000,52069000
2025-12-17,3684,25000000,50000000,0,0,0,9000000
2025-12-17,3685,22000000,5000000,0,0,0,0
2025-12-17,3687,66000000,41000000,0,0,0,0
2025-12-17,3689,443000000,143000000,0,0,21000000,3864000
2025-12-17,3691,256000000,109000000,0,0,12000000,5354000
2025-12-17,3693,41000000,53000000,0,8000000,2400000,2094000
2025-12-17,3707,1338000000,877000000,0,0,146525000,99701000
2025-12-17,3709,270000000,761000000,0,0,11165000,5641000
2025-12-17,3710,14000000,9000000,0,0,0,0
2025-12-17,3713,3000000,2000000,0,0,0,0
2025-12-17,4102,0,5000000,0,0,0,0
2025-12-17,4105,300800000,341000000,0,0,51000000,7233000
2025-12-17,4107,4000000,5000000,0,0,3000000,2002000
2025-12-17,4109,54000000,10000000,0,0,0,0
2025-12-17,4111,84000000,34000000,0,0,0,0
2025-12-17,4113,114000000,164000000,0,0,28000,0
2025-12-17,4114,118000000,353000000,0,0,3000000,2551000
2025-12-17,4116,0,1000000,0,0,0,0
2025-12-17,4121,46000000,4000000,0,0,0,0
2025-12-17,4123,364375000,307025000,0,0,203000,68936000
2025-12-17,4126,0,1000000,0,0,0,0
2025-12-17,4128,179000000,204000000,0,0,14000000,2856000
2025-12-17,4129,24000000,48000000,0,0,2000000,4494000
2025-12-17,4130,207000000,23000000,0,0,0,0
2025-12-17,4131,0,3000000,0,0,0,0
2025-12-17,4138,0,1000000,0,0,0,0
2025-12-17,4147,206000000,308000000,0,0,2000000,3684000
2025-12-17,4153,0,2000000,0,0,0,0
2025-12-17,4157,1954000000,2559000000,0,0,76000000,218000000
2025-12-17,4160,3000000,5000000,0,0,0,0
2025-12-17,4161,1000000,12000000,0,0,0,0
2025-12-17,4162,293000000,87000000,0,0,20114000,11149000
2025-12-17,4163,2000000,1000000,0,0,0,0
2025-12-17,4166,21000000,1000000,0,0,0,0
2025-12-17,4167,93000000,175000000,0,0,0,39000
2025-12-17,4168,117000000,80000000,0,0,0,0
2025-12-17,4171,14000000,4000000,0,0,0,0
2025-12-17,4173,25000000,36000000,0,0,0,0
2025-12-17,4174,268000000,172000000,0,0,1000000,976000
2025-12-17,4175,2000000,1000000,0,0,0,0
2025-12-17,4205,0,3000000,0,0,0,0
2025-12-17,4207,21000000,12000000,0,0,1000000,0
2025-12-17,4303,202000000,77000000,0,0,15060000,7061000
2025-12-17,4401,3000000,1000000,0,0,0,0
2025-12-17,4416,4000000,13000000,0,0,0,0
2025-12-17,4417,18000000,3000000,0,0,0,48424000
2025-12-17,4419,1000000,1000000,0,0,0,0
2025-12-17,4420,8000000,2000000,0,0,0,376000
2025-12-17,4432,2000000,5000000,0,0,0,0
2025-12-17,4433,11000000,0,0,0,0,0
2025-12-17,4442,0,8000000,0,0,0,4000000
2025-12-17,4502,5000000,0,0,0,0,0
2025-12-17,4503,33000000,74000000,0,0,0,373000
2025-12-17,4506,26000000,24000000,0,0,207000,0
2025-12-17,4510,157000000,92000000,0,0,53000,8197000
2025-12-17,4513,61000000,32000000,0,0,1000000,1081000
2025-12-17,4523,7000000,63000000,0,0,1000000,1171000
2025-12-17,4527,4000000,1000000,0,0,0,0
2025-12-17,4528,2000000,4000000,0,0,0,0
2025-12-17,4530,5000000,1000,0,0,0,323000
2025-12-17,4533,107000000,196000000,0,0,2000000,1090000
2025-12-17,4534,28000000,10000000,0,0,0,0
2025-12-17,4535,0,1000000,0,0,0,0
2025-12-17,4538,0,2000000,0,0,0,0
2025-12-17,4541,26000000,47000000,0,0,1000000,454000
2025-12-17,4542,0,6000000,0,0,0,5000000
2025-12-17,4543,38000000,15000000,0,0,0,0
2025-12-17,4549,23000000,33000000,0,21381000,7401000,7593000
2025-12-17,4550,0,1000000,0,0,0,0
2025-12-17,4554,1000000,6000000,0,0,0,0
2025-12-17,4558,5000000,4000000,0,0,0,0
2025-12-17,4561,9000000,1000000,0,0,71000,1000
2025-12-17,4563,8000000,17000000,0,0,0,0
2025-12-17,4568,3000000,0,0,0,0,0
2025-12-17,4577,682000000,655000000,0,0,4017000,3779000
2025-12-17,4580,10000000,10000000,0,0,0,0
2025-12-17,4702,8000000,1000000,0,0,0,0
2025-12-17,4706,1000000,3000000,0,0,0,0
2025-12-17,4707,3000000,0,0,0,0,0
2025-12-17,4711,0,1000000,0,0,0,0
2025-12-17,4714,146000000,103000000,0,0,1000,38049000
2025-12-17,4716,102000000,129000000,0,0,0,0
2025-12-17,4721,41000000,21000000,0,0,1372000,1674000
2025-12-17,4726,35000000,59000000,0,0,0,206000
2025-12-17,4728,124000000,0,0,0,0,0
2025-12-17,4729,23000000,17000000,0,0,0,0
2025-12-17,4735,0,1000000,0,0,0,1000000
2025-12-17,4741,2000000,1000000,0,0,0,0
2025-12-17,4743,203000000,981000000,0,0,44000000,38534000
2025-12-17,4744,26000000,56000000,0,0,0,0
2025-12-17,4745,7000000,5000000,0,0,0,0
2025-12-17,4749,81000000,135000000,0,0,26524000,44589000
2025-12-17,4754,0,1000000,0,0,0,0
2025-12-17,4760,36000000,77000000,0,0,15000000,8299000
2025-12-17,4768,1832500000,1226050000,0,0,57148000,54252000
2025-12-17,4772,194010000,279000000,0,0,12453000,33315000
2025-12-17,4806,0,0,0,0,0,84000
2025-12-17,4903,2581000000,3747000000,0,0,13647000,32527000
2025-12-17,4907,0,1000000,0,0,0,0
2025-12-17,4908,48000000,51000000,0,0,88000,4003000
2025-12-17,4909,3421500000,6091000000,0,0,158374000,58260000
2025-12-17,4911,8800000,2000000,0,0,0,0
2025-12-17,4923,0,1000000,0,0,0,0
2025-12-17,4931,494000000,29000000,0,0,24000000,5000000
2025-12-17,4933,19000000,33000000,0,0,0,0
2025-12-17,4939,1483000000,1089000000,0,0,1000000,769000
2025-12-17,4946,3000000,6000000,0,0,0,0
2025-12-17,4950,5000000,3000000,0,0,0,0
2025-12-17,4951,34000000,11000000,0,0,2000000,286000
2025-12-17,4953,29000000,37000000,0,0,4000000,24261000
2025-12-17,4966,174040000,593050000,107000000,32000000,36200000,49516000
2025-12-17,4971,3196477000,3450000000,0,0,91693000,129777000
2025-12-17,4972,0,2000000,0,0,0,0
2025-12-17,4973,339000000,118000000,0,0,0,0
2025-12-17,4974,111000000,43000000,0,0,841000,32000
2025-12-17,4979,2987250000,4265146000,0,68000000,86818000,148174000
2025-12-17,4991,614000000,103600000,0,0,142000000,71000000
2025-12-17,4995,0,2000000,0,0,0,0
2025-12-17,5009,397000000,500000000,0,0,75000000,124180000
2025-12-17,5011,2000000,1000000,0,0,0,0
2025-12-17,5014,6000000,1000000,0,0,0,0
2025-12-17,5201,125000000,229000000,0,0,0,0
2025-12-17,5202,78000000,103000000,0,0,0,0
2025-12-17,5206,17000000,20000000,0,0,0,0
2025-12-17,5209,3000000,6000000,0,0,0,120000
2025-12-17,5210,3000000,7000000,0,0,0,448000
2025-12-17,5211,0,2000000,0,0,0,0
2025-12-17,5213,111000000,22000000,0,0,0,0
2025-12-17,5220,4000000,0,0,0,0,0
2025-12-17,5223,0,1000000,0,0,0,0
2025-12-17,5227,4000000,19000000,0,0,649000,462000
2025-12-17,5228,0,1000000,0,0,0,0
2025-12-17,5230,1000000,11000000,0,0,0,198000
2025-12-17,5236,44000000,34000000,0,0,1382000,840000
2025-12-17,5245,1000000,9000000,0,0,0,0
2025-12-17,5251,146000000,65000000,0,0,2000000,2377000
2025-12-17,5263,89898000,113000000,0,0,157000000,14000000
2025-12-17,5272,0,2000000,0,0,0,0
2025-12-17,5274,176807000,239830000,23000000,0,19418000,8135000
2025-12-17,5278,46000000,39000000,0,0,0,1054000
2025-12-17,5287,4000000,11000000,0,0,0,0
2025-12-17,5289,1492840000,918500000,0,0,245925000,15104000
2025-12-17,5291,12000000,2000000,0,0,0,0
2025-12-17,5299,34000000,7000000,0,0,0,0
2025-12-17,5301,1000000,0,0,0,0,0
2025-12-17,5302,19000000,3000000,0,0,0,0
2025-12-17,5309,3934300000,5203070000,0,0,14061000,254211000
2025-12-17,5310,0,1000000,0,0,302000,0
2025-12-17,5312,5000000,11000000,0,0,0,0
2025-12-17,5314,495000000,1317000000,0,0,9985000,10165000
2025-12-17,5315,265000000,127000000,0,0,26000000,0
2025-12-17,5321,0,12000000,0,0,0,0
2025-12-17,5328,914020000,756000000,0,0,0,0
2025-12-17,5340,664000000,319000000,0,0,5000000,2477000
2025-12-17,5347,10567352000,4582200000,2187000000,3826000000,789409000,217625000
2025-12-17,5351,2117000000,958000000,0,0,2313000,15281000
2025-12-17,5353,4000000,2000000,0,0,14857000,15000000
2025-12-17,5355,0,23000000,0,0,0,1000
2025-12-17,5356,0,6000000,0,0,0,0
2025-12-17,5364,0,6000000,0,0,0,0
2025-12-17,5371,1293000000,608000000,0,0,38530000,987606000
2025-12-17,5381,1840000000,2030015000,0,0,3000000,16326000
2025-12-17,5386,193245000,24000000,0,0,0,0
2025-12-17,5392,242000000,269000000,0,0,1860000,502000
2025-12-17,5398,132000000,109000000,0,0,0,0
2025-12-17,5403,1000000,3000000,0,0,0,0
2025-12-17,5410,37000000,31000000,0,0,15000,487000
2025-12-17,5425,366000000,1208000000,0,0,41104000,57999000
2025-12-17,5426,33000000,65000000,0,0,2000000,2474000
2025-12-17,5432,177000000,82000000,0,0,0,0
2025-12-17,5438,78000000,43000000,0,0,0,14001000
2025-12-17,5439,648000000,1159000000,15000000,0,89000000,74785000
2025-12-17,5443,202000000,316000000,0,0,2000000,10515000
2025-12-17,5450,21000000,19000000,0,0,1000,0
2025-12-17,5452,201002000,172000000,0,0,12000000,1000
2025-12-17,5457,72000000,41000000,1000000,0,13023000,45089000
2025-12-17,5460,6000000,3000000,0,0,0,0
2025-12-17,5464,0,0,0,0,0,1000000
2025-12-17,5465,95000000,45000000,0,0,0,596000
2025-12-17,5468,24000000,60000000,0,0,0,10000000
2025-12-17,5474,15000000,28000000,0,0,1000000,6760000
2025-12-17,5475,202000000,13000000,0,0,0,25000000
2025-12-17,5478,17000000,31000000,0,0,0,363000
2025-12-17,5481,24000000,126000000,0,0,0,0
2025-12-17,5483,4598050000,3319050000,501000000,2124882000,446644000,178175000
2025-12-17,5488,27000000,1000000,0,0,0,0
2025-12-17,5489,9000000,3000000,0,0,0,0
2025-12-17,5490,158000000,31000000,0,0,363000,657000
2025-12-17,5493,49000000,45000000,0,0,29000,2000
2025-12-17,5498,10901553000,14359000000,0,0,240210000,286045000
2025-12-17,5508,2296000000,610000000,0,2720000000,38809000,54753000
2025-12-17,5511,13000000,4000000,0,0,0,0
2025-12-17,5512,241000000,122000000,0,0,0,0
2025-12-17,5514,117000000,120000000,0,0,0,0
2025-12-17,5523,0,1000000,0,0,0,0
2025-12-17,5529,18000000,1000000,0,0,0,0
2025-12-17,5530,59000000,83000000,0,0,0,0
2025-12-17,5536,985040000,1174000000,83000000,63000000,24209000,34376000
2025-12-17,5548,0,2000000,0,0,0,0
2025-12-17,5603,4000000,0,0,0,0,0
2025-12-17,5609,4000000,7000000,0,0,0,0
2025-12-17,5701,0,0,0,0,20000,2000
2025-12-17,5704,3000000,0,0,0,0,0
2025-12-17,5864,147000000,271000000,0,0,0,0
2025-12-17,5903,16000000,3000000,0,11000000,4000000,0
2025-12-17,5904,50000000,69200000,0,0,0,1200000
2025-12-17,5905,253000000,81000000,0,0,6000000,5537000
2025-12-17,6015,39000000,2000000,0,0,0,0
2025-12-17,6016,241000000,24000000,0,0,0,0
2025-12-17,6021,12000000,3000000,0,0,0,0
2025-12-17,6023,9000000,31000000,0,0,0,0
2025-12-17,6026,70000000,0,0,0,0,0
2025-12-17,6104,249000000,1050000000,0,0,13159000,24532000
2025-12-17,6109,0,2000000,0,0,1000000,654000
2025-12-17,6111,247000000,46000000,0,0,2888000,3470000
2025-12-17,6113,32000000,36000000,0,0,0,354000
2025-12-17,6114,18000000,3000000,0,0,0,0
2025-12-17,6118,125000000,18000000,0,0,0,0
2025-12-17,6121,448000000,365000000,234000000,329000000,29020000,9448000
2025-12-17,6122,16000000,11000000,0,0,0,31000
2025-12-17,6123,14000000,7000000,0,0,7000000,6943000
2025-12-17,6125,115000000,240000000,0,0,8000000,7298000
2025-12-17,6126,907000000,331000000,0,0,1000,555000
2025-12-17,6127,3308000000,4782000000,0,0,110019000,111018000
2025-12-17,6129,47000000,0,0,0,1000000,801000
2025-12-17,6130,177000000,56000000,0,0,0,0
2025-12-17,6134,752000000,1255000000,0,0,2000000,2380000
2025-12-17,6138,116000000,147000000,0,0,1081000,15700000
2025-12-17,6140,53000000,143000000,0,0,1000000,1000000
2025-12-17,6143,210000000,46000000,0,0,3232000,2533000
2025-12-17,6146,46000000,61000000,0,0,0,3000
2025-12-17,6147,1537000000,929000000,867000000,2101130000,18001000,20336000
2025-12-17,6148,524000000,270000000,0,0,10815000,0
2025-12-17,6150,27000000,10000000,0,0,0,204000
2025-12-17,6151,15000000,6000000,0,0,0,0
2025-12-17,6154,2000000,9000000,0,0,10000000,10000000
2025-12-17,6156,133000000,70000000,0,0,0,0
2025-12-17,6158,2000000,3000000,0,0,0,0
2025-12-17,6160,27000000,68000000,0,0,0,0
2025-12-17,6161,19000000,15000000,0,0,0,0
2025-12-17,6163,101000000,117000000,0,0,6000000,0
2025-12-17,6167,30000000,81000000,0,0,0,0
2025-12-17,6169,0,1000000,0,0,0,0
2025-12-17,6170,14000000,51000000,0,0,0,0
2025-12-17,6171,0,1000000,0,0,0,0
2025-12-17,6173,434000000,658000000,0,0,38119000,40720000
2025-12-17,6174,12000000,1000000,0,0,0,0
2025-12-17,6175,741000000,533000000,0,0,34670000,22947000
2025-12-17,6179,216000000,524000000,0,0,1000000,7183000
2025-12-17,6180,32000000,150000000,0,8877000,3000000,3495000
2025-12-17,6182,3788000000,3367580000,0,0,646112000,415466000
2025-12-17,6185,1000000,181000000,0,0,0,0
2025-12-17,6186,103000000,167000000,0,0,800000,350000
2025-12-17,6187,124100000,766000000,0,221000000,62295000,74665000
2025-12-17,6188,369000000,370000000,84000000,0,17020000,79588000
2025-12-17,6190,5090020000,5881000000,0,0,321391000,470999000
2025-12-17,6194,16000000,19000000,0,0,0,0
2025-12-17,6195,1000000,0,0,0,0,0
2025-12-17,6199,117000000,45000000,0,0,8189000,5052000
2025-12-17,006201,0,3000000,0,0,6120000,15001000
2025-12-17,6203,126000000,132000000,0,0,1000000,4588000
2025-12-17,6204,60000000,126000000,0,0,0,0
2025-12-17,6207,132000000,54000000,0,0,0,1714000
2025-12-17,6208,1000000,19000000,0,0,3000,0
2025-12-17,6210,0,6000000,0,0,0,0
2025-12-17,6212,0,0,0,0,1799000,2000000
2025-12-17,6217,569000000,219000000,0,0,565000,105000
2025-12-17,6218,11000000,18000000,0,0,0,0
2025-12-17,6219,20000000,2000000,0,0,0,9000
2025-12-17,6220,75000000,17000000,0,0,0,0
2025-12-17,6221,41000000,33000000,0,0,0,0
2025-12-17,6222,2000000,1000000,0,0,0,1000000
2025-12-17,6223,455005000,435002000,0,164300000,82852000,82953000
2025-12-17,6227,26000000,8000000,0,0,100000,1214000
2025-12-17,6228,0,0,0,0,167000,0
2025-12-17,6229,4000000,10000000,0,0,0,373000
2025-12-17,6231,96000000,81000000,0,0,2150000,12170000
2025-12-17,6233,13000000,33000000,0,0,0,0
2025-12-17,6234,439000000,723000000,0,0,2000000,2663000
2025-12-17,6237,55000000,36000000,0,0,521000,5000
2025-12-17,6241,0,4000000,0,0,0,0
2025-12-17,6244,13282000000,15698000000,0,0,238808000,217364000
2025-12-17,6245,95000000,112000000,0,0,7133000,6877000
2025-12-17,6246,0,7000000,0,0,0,6000
2025-12-17,6248,47000000,1000000,0,0,0,0
2025-12-17,6259,4000000,2000000,0,0,0,0
2025-12-17,6261,157000000,48000000,0,0,5000000,0
2025-12-17,6263,1000000,3000000,0,0,0,0
2025-12-17,6264,0,7000000,0,0,0,0
2025-12-17,6265,740000000,1272000000,0,0,31000000,5000000
2025-12-17,6266,90000000,10590000,0,0,1000000,336000
2025-12-17,6270,0,1000000,0,0,0,0
2025-12-17,6274,3345000000,3290600000,1910000000,0,286845000,592804000
2025-12-17,6275,294000000,733000000,0,0,3000000,0
2025-12-17,6276,2000000,1000000,0,0,0,0
2025-12-17,6279,54000000,111000000,0,0,45026000,10000000
2025-12-17,6284,263000000,31000000,0,2000000,6000000,5223000
2025-12-17,6290,1436002000,1695000000,0,0,602549000,629280000
2025-12-17,6291,381000000,577000000,0,0,29090000,57574000
2025-12-17,6292,1000000,1000000,0,0,0,0
2025-12-17,6294,14000000,0,0,0,0,0
2025-12-17,6411,92000000,58000000,0,0,2001000,185000
2025-12-17,6417,3000000,5000000,0,0,0,0
2025-12-17,6418,56000000,24000000,0,0,0,0
2025-12-17,6419,61000000,124000000,0,0,5000000,4000000
2025-12-17,6425,1213000000,664000000,0,0,2041000,4162000
2025-12-17,6432,103000000,89000000,0,0,0,0
2025-12-17,6435,65000000,89000000,0,0,28000,8000
2025-12-17,6441,5000000,6000000,0,0,6000,1000
2025-12-17,6461,3000000,2000000,0,0,0,60000
2025-12-17,6462,687000000,380000000,0,0,37750000,14558000
2025-12-17,6465,7000000,0,0,0,0,0
2025-12-17,6469,85000000,87000000,0,0,7071000,4606000
2025-12-17,6470,20000000,3000000,0,0,0,0
2025-12-17,6474,1000000,0,0,0,0,0
2025-12-17,6485,145000000,48000000,0,0,0,0
2025-12-17,6486,149000000,105000000,0,0,1139000,1000000
2025-12-17,6488,3536030000,2394410000,137000000,425000000,616868000,164911000
2025-12-17,6492,119000000,12000000,0,0,0,0
2025-12-17,6494,6000000,2000000,0,0,0,0
2025-12-17,6496,0,1000000,0,0,0,0
2025-12-17,6498,14000000,6000000,0,0,0,0
2025-12-17,6499,72000000,65000000,0,0,1000000,948000
2025-12-17,6508,1000000,2000000,0,0,0,0
2025-12-17,6509,100000000,58000000,1000000,0,0,0
2025-12-17,6510,207002000,331000000,50000000,6000000,14479000,52776000
2025-12-17,6516,3000000,1000000,0,0,0,0
2025-12-17,6517,38000000,30000000,0,0,2000000,1424000
2025-12-17,6523,7000000,0,0,0,0,0
2025-12-17,6530,200000000,183000000,0,0,0,45000
2025-12-17,6532,6000000,7000000,0,0,0,0
2025-12-17,6535,21000000,21000000,0,0,1000000,647000
2025-12-17,6538,33000000,109000000,0,155000,1000000,314000
2025-12-17,6546,89000000,79000000,0,0,2100000,2045000
2025-12-17,6547,236000000,515000000,0,0,197537000,54799000
2025-12-17,6548,788000000,735000000,1000000,0,3000000,44384000
2025-12-17,6556,2000000,0,0,0,0,0
2025-12-17,6560,0,10000000,0,0,5000000,5000000
2025-12-17,6561,24000000,36000000,0,0,0,2000000
2025-12-17,6568,70000000,60000000,0,0,13268000,0
2025-12-17,6570,0,1000000,0,0,0,0
2025-12-17,6576,3000000,15000000,0,0,0,0
2025-12-17,6577,0,2000000,0,0,0,0
2025-12-17,6578,19000000,7000000,0,0,0,0
2025-12-17,6584,447000000,278000000,30000000,10000000,11276000,12556000
2025-12-17,6588,648000000,654000000,0,0,2516000,0
2025-12-17,6593,3000000,5000000,0,0,0,0
2025-12-17,6596,72000000,13000000,0,0,2000000,1356000
2025-12-17,6603,1492000000,947000000,0,0,0,46106000
2025-12-17,6609,58000000,47000000,0,0,716000,0
2025-12-17,6612,3000000,2000000,0,0,0,0
2025-12-17,6613,60000000,28000000,0,227000,4055000,11000
2025-12-17,6615,0,5000000,0,0,0,0
2025-12-17,6617,34000000,109000000,0,0,0,53000
2025-12-17,6624,3000000,0,0,0,7000000,0
2025-12-17,6629,32000000,6000000,0,0,525000,0
2025-12-17,6640,16000000,45000000,0,0,5316000,7201000
2025-12-17,6642,31000000,15000000,0,0,0,0
2025-12-17,6643,44000000,159000000,0,0,27000000,29691000
2025-12-17,6649,11000000,28000000,0,0,0,188000
2025-12-17,6651,52095000,6000000,0,0,0,0
2025-12-17,6654,0,3000000,0,0,0,0
2025-12-17,6664,433000000,1101000000,20000000,0,13491000,126437000
2025-12-17,6667,217000000,250000000,0,0,30786000,25536000
2025-12-17,6679,132000000,97000000,0,0,12125000,8637000
2025-12-17,6680,5000000,3000000,0,0,0,443000
2025-12-17,6683,251000000,148000000,0,0,46937000,37313000
2025-12-17,6684,41000000,30000000,0,0,0,339000
2025-12-17,6690,5000000,1000000,0,0,0,0
2025-12-17,6693,61000000,12000000,0,0,8000000,43000000
2025-12-17,6703,30000000,12000000,0,0,205000,30000
2025-12-17,6708,1000000,0,0,0,0,0
2025-12-17,6712,25000000,69000000,0,0,2159000,468000
2025-12-17,6716,5000000,0,0,0,0,0
2025-12-17,6720,6000000,0,0,0,0,0
2025-12-17,6727,198000000,554000000,0,0,8000000,18000000
2025-12-17,6728,1000000,0,0,0,0,0
2025-12-17,6732,40000000,24000000,0,0,6262000,4169000
2025-12-17,6733,13000000,89000000,0,0,1000000,388000
2025-12-17,6735,1000000,4000000,0,0,0,0
2025-12-17,6739,97000000,109006000,0,0,8448000,21013000
2025-12-17,6741,87000000,102000000,0,0,0,4000000
2025-12-17,6751,0,2000000,0,0,0,11000
2025-12-17,6752,8000000,24250000,0,0,0,0
2025-12-17,6761,100010000,121000000,0,0,14274000,1412000
2025-12-17,6762,2000000,0,0,0,557000,1000000
2025-12-17,6763,124000000,85000000,0,2000000,16000000,2844000
2025-12-17,6767,0,1000000,0,0,0,0
2025-12-17,6785,6000000,17000000,0,0,97000,2000000
2025-12-17,6788,1903000000,2051800000,0,0,124593000,46147000
2025-12-17,6791,0,2000000,0,0,0,0
2025-12-17,6803,12000000,17000000,0,0,0,0
2025-12-17,6811,25000000,31000000,0,0,6008000,150000
2025-12-17,6821,3000000,10000000,0,0,0,0
2025-12-17,6823,158000000,61000000,0,0,7352000,0
2025-12-17,6829,31010000,18000000,0,0,0,1070000
2025-12-17,6840,1000000,3000000,0,0,0,0
2025-12-17,6841,89000000,75000000,0,0,0,1000000
2025-12-17,6843,0,1000000,0,0,0,0
2025-12-17,6846,1000000,2000000,0,0,0,1000000
2025-12-17,6859,31005000,77000000,0,0,10000000,176000
2025-12-17,6865,4000000,0,0,0,456000,1000000
2025-12-17,6870,38000000,11000000,0,0,3000000,1000000
2025-12-17,6875,31000000,29000000,0,0,0,0
2025-12-17,6877,5000000,33000000,0,0,0,5000000
2025-12-17,6894,0,1000000,0,0,0,0
2025-12-17,6895,9000000,29000000,0,0,1000000,414000
2025-12-17,6903,1099000000,1440000000,0,0,14000000,19253000
2025-12-17,6910,4000000,15000000,0,0,0,0
2025-12-17,6913,7000000,25000000,0,0,2000000,17338000
2025-12-17,6922,23280000,37000000,0,0,1000000,2439000
2025-12-17,6925,28000000,0,0,0,0,0
2025-12-17,6953,1000000,0,0,0,5000000,0
2025-12-17,6967,33000000,51000000,0,0,0,0
2025-12-17,6982,10000000,5000000,0,0,0,0
2025-12-17,6996,57000000,19000000,0,0,0,0
2025-12-17,7402,3000000,1000000,0,0,17000000,5000000
2025-12-17,7547,1000000,0,0,0,0,0
2025-12-17,7556,1000000,1000000,0,0,0,0
2025-12-17,7642,2000000,2000000,0,0,0,9000
2025-12-17,7703,62000000,39000000,0,0,3000000,0
2025-12-17,7712,111000000,62000000,0,0,0,3000000
2025-12-17,7714,15000000,73000000,0,0,0,0
2025-12-17,7715,7000000,2000000,0,0,0,0
2025-12-17,7716,1000000,0,0,0,0,0
2025-12-17,7717,35000,17011000,0,0,6000000,15000000
2025-12-17,7723,2000000,5000000,0,0,0,0
2025-12-17,7728,1000000,4000000,0,0,4000000,9000000
2025-12-17,7734,1000000,1000000,0,0,478000,0
2025-12-17,7738,3000000,5000000,0,0,0,0
2025-12-17,7744,106000000,20000000,0,0,261000,0
2025-12-17,7751,3000000,0,0,0,4000000,5000000
2025-12-17,7757,1000000,1000000,0,0,0,0
2025-12-17,7767,0,14000000,0,0,0,4786000
2025-12-17,7770,0,1000000,0,0,0,1868000
2025-12-17,7782,12000000,1000000,0,0,0,0
2025-12-17,8027,2674000000,1950000000,0,0,98171000,76927000
2025-12-17,8032,23000000,12000000,0,0,0,10000
2025-12-17,8034,191000000,379000000,0,0,0,0
2025-12-17,8038,102000000,122000000,0,0,0,448000
2025-12-17,8040,44000000,13000000,0,0,2000000,2000000
2025-12-17,8042,691000000,727000000,0,0,45636000,12979000
2025-12-17,8043,3323000000,3062000000,0,0,19871000,10198000
2025-12-17,8044,222000000,141000000,0,0,0,0
2025-12-17,8047,19000000,185000000,0,0,0,10557000
2025-12-17,8048,201000000,101000000,0,0,2000000,1697000
2025-12-17,8049,12000000,1000000,0,0,0,27000
2025-12-17,8050,76000000,69000000,0,0,1000000,1133000
2025-12-17,8054,1143000000,2341000000,0,0,144380000,26431000
2025-12-17,8059,25000000,19000000,0,0,0,148000
2025-12-17,8064,294200000,470000000,0,0,548000,53185000
2025-12-17,8066,0,1000000,0,0,0,0
2025-12-17,8068,25000000,181000000,0,0,0,1364000
2025-12-17,8069,1876651000,2028408000,0,2000000,114452000,205489000
2025-12-17,8071,26000000,42000000,0,0,0,0
2025-12-17,8074,9801100000,10289100000,0,0,82000000,96460000
2025-12-17,8076,289000000,29000000,0,0,1000000,755000
2025-12-17,8083,1000000,1000000,0,0,0,0
2025-12-17,8084,63000000,33000000,0,0,0,0
2025-12-17,8085,118000000,136000000,0,0,0,422000
2025-12-17,8086,411000000,336000000,0,0,25017000,26616000
2025-12-17,8087,4000000,0,0,0,0,0
2025-12-17,8088,1310000000,797000000,0,0,0,241000
2025-12-17,8089,490000000,862000000,0,0,6000000,12556000
2025-12-17,8091,61000000,7000000,0,0,0,112000
2025-12-17,8092,6000000,0,0,0,0,0
2025-12-17,8096,726000000,1062000000,0,0,658878000,78740000
2025-12-17,8097,47000000,19000000,0,0,24000000,5201000
2025-12-17,8099,5000000,42000000,0,0,0,0
2025-12-17,8107,5000000,1000000,0,0,1000000,198000
2025-12-17,8109,23000000,11000000,0,0,0,3163000
2025-12-17,8111,40010000,12000000,0,0,0,86000000
2025-12-17,8121,153000000,44000000,0,0,22800000,1313000
2025-12-17,8147,25000000,54000000,0,0,6671000,5035000
2025-12-17,8155,153000000,317000000,0,0,63192000,28134000
2025-12-17,8171,6000000,25000000,0,0,0,0
2025-12-17,8176,14000000,14000000,0,0,0,1000
2025-12-17,8182,0,1000000,0,0,0,0
2025-12-17,8183,163000000,27000000,0,0,0,886000
2025-12-17,8227,45000000,26000000,0,0,2000000,1727000
2025-12-17,8234,1711000000,556800000,0,0,102521000,2000000
2025-12-17,8240,130000000,108000000,0,0,0,531000
2025-12-17,8255,25000000,29000000,0,0,2533000,1000000
2025-12-17,8272,1000000,0,0,0,0,0
2025-12-17,8277,206000000,35000000,0,0,641000,247000
2025-12-17,8279,0,2000000,0,0,0,0
2025-12-17,8284,1000000,0,0,0,0,0
2025-12-17,8289,16000000,18000000,0,0,0,0
2025-12-17,8299,4164347000,1154139000,740000000,2121000000,205347000,537002000
2025-12-17,8342,1000000,0,0,0,0,0
2025-12-17,8349,8000000,9000000,0,0,0,0
2025-12-17,8354,4000000,0,0,0,15000,0
2025-12-17,8358,1334250000,453000000,2000000,268000000,584999000,756760000
2025-12-17,8383,35000000,29000000,0,0,0,30000
2025-12-17,8390,513000000,324020000,0,0,81312000,5829000
2025-12-17,8401,8000000,0,0,0,0,0
2025-12-17,8403,5000000,0,0,0,0,0
2025-12-17,8410,2000000,3000000,0,0,0,0
2025-12-17,8415,30000000,90000000,0,0,0,16000000
2025-12-17,8421,1000000,1000000,0,0,0,0
2025-12-17,8424,0,1000000,0,0,0,0
2025-12-17,8426,1000000,0,0,0,0,0
2025-12-17,8431,1048000000,1868000000,0,0,8003000,8167000
2025-12-17,8432,6000000,0,0,0,1000,0
2025-12-17,8433,3000000,8000000,0,0,0,0
2025-12-17,8435,2000000,1000000,0,0,0,0
2025-12-17,8436,99000000,94000000,0,1049000,6020000,25246000
2025-12-17,8437,1000000,3000000,0,0,0,0
2025-12-17,8440,18000000,2000000,0,0,0,0
2025-12-17,8444,35000000,35000000,0,0,0,1000000
2025-12-17,8446,20000000,3000000,0,0,0,0
2025-12-17,8450,3000000,2000000,0,0,0,0
2025-12-17,8472,6000000,0,0,0,0,0
2025-12-17,8489,5000000,25000000,0,0,30000,0
2025-12-17,8906,0,2000000,0,0,1000,0
2025-12-17,8908,9519000,2000000,0,0,0,0
2025-12-17,8916,36000000,2000000,0,0,54000,57000000
2025-12-17,8924,23000000,33000000,0,0,3000,131000
2025-12-17,8927,75000000,103001000,0,0,1000000,0
2025-12-17,8929,1000000,8000000,0,0,0,0
2025-12-17,8930,8000000,1000000,0,0,0,0
2025-12-17,8931,3000000,3000000,0,0,0,0
2025-12-17,8932,315000000,596000000,0,0,937000,18205000
2025-12-17,8933,0,52000000,0,0,0,0
2025-12-17,8935,46000000,219000000,0,0,0,0
2025-12-17,8936,310000000,206000000,0,0,1000000,864000
2025-12-17,8937,13000000,4000000,0,0,2000000,1000000
2025-12-17,8938,59000000,11000000,0,0,683000,1000000
2025-12-17,8942,13000000,30000000,0,0,0,0
2025-12-17,009806,0,0,0,0,5000000,567000
2025-12-17,009807,0,0,0,0,43000000,1066000
2025-12-17,9949,22000000,8000000,0,0,0,0
2025-12-17,9951,6000000,10000000,0,0,0,0
2025-12-17,020025,0,0,0,0,240000000,1000000
2025-12-17,020027,0,0,0,0,0,2000000
2025-12-17,020033,0,0,0,0,0,11000000
2025-12-17,020035,0,0,0,0,25000000,0
2025-12-17,020040,0,0,0,0,65000000,0
2025-12-17,2887,260930915000,241659666000,171100000000,12098000000,6000697000,13366273000
2025-12-17,00919,110966837000,4308490000,0,0,72275613000,9288582000
2025-12-17,2303,94107885000,21109346000,1001000000,24634730000,6051771000,1122101000
2025-12-17,00878,10925351000,1734700000,0,0,43414240000,3125000000
2025-12-17,00900,4416000000,317000000,0,0,31159720000,1792000000
2025-12-17,2883,46234031000,17790038000,1792000000,1509000000,1633602000,568000000
2025-12-17,2344,124376485000,101446764000,193000000,0,11100703000,6373325000
2025-12-17,6770,58770150000,41378551000,1223000000,0,6943920000,1834178000
2025-12-17,2882,55980603000,19425435000,116000000,19147119000,1952409000,1171055000
2025-12-17,2890,43468694000,26964211000,1680000000,2139696000,2301207000,137447000
2025-12-17,00939,1359000000,340000000,0,0,15484018000,1502993000
2025-12-17,2884,41401317000,41217968000,14211000000,137172000,527558000,357000000
2025-12-17,00713,365600000,218100000,0,0,12220127000,1743584000
2025-12-17,00929,4640261000,266000000,0,0,8853268000,2684537000
2025-12-17,2891,92130184000,56999803000,684000000,25263534000,2024678000,2162338000
2025-12-17,00680L,0,0,0,0,11783401000,1549389000
2025-12-17,2313,16105000000,11983000000,4000000000,0,2683925000,670381000
2025-12-17,2337,35233677000,26938800000,900000000,0,2776669000,1931332000
2025-12-17,00637L,3591000000,579000000,0,0,9549527000,3507000000
2025-12-17,1216,4504200000,23255557000,24933000000,32196000,422218000,217611000
2025-12-17,2801,18280000000,11980750000,0,9438000,719293000,867000000
2025-12-17,5880,12653027000,7236240000,0,14495000,315122000,202000000
2025-12-17,00915,102000000,277000000,0,0,6396758000,759000000
2025-12-17,00940,925300000,111000000,0,0,7237032000,2725339000
2025-12-17,2329,14374025000,10173025000,0,0,1185010000,198000000
2025-12-17,00664R,0,0,0,0,7855000000,2743000000
2025-12-17,2486,8353200000,3546000000,0,0,725097000,584328000
2025-12-17,5522,6429195000,1506000000,35000000,0,203171000,267000000
2025-12-17,2881,26585722000,14793700000,446000000,6748154000,399961000,1015000000
2025-12-17,2880,10656585000,17644610000,11789000000,334000000,439019000,232000000
2025-12-17,1303,22853850000,18515004000,1268000000,341665000,1613650000,2300359000
2025-12-17,2618,13493500000,9062881000,49000000,250611000,723469000,632620000
2025-12-17,2542,8416759000,2314450000,0,1662000000,90020000,269287000
2025-12-17,2812,6941075000,2476393000,0,5933000,326731000,763777000
2025-12-17,2637,5845000000,2300000000,0,0,511741000,47000000
2025-12-17,2834,9298540000,5741380000,0,5837000,182863000,126001000
2025-12-17,00665L,3095000000,274000000,0,0,4375330000,3596338000
2025-12-17,2867,10552000000,6933796000,0,0,214000000,279000000
2025-12-17,00945B,5123000000,0,0,0,2134731000,3707000000
2025-12-17,00885,3070595000,253100000,0,0,1400000000,909205000
2025-12-17,8110,2491000000,139000000,0,0,992000000,60000000
2025-12-17,2845,4654000000,1357230000,0,13000000,4435000,17000000
2025-12-17,2605,7194000000,4544000000,1313000000,0,526568000,1241852000
2025-12-17,6443,1661213000,507000000,0,0,2210783000,403803000
2025-12-17,00753L,4021000000,1263000000,0,0,2512000000,2337130000
2025-12-17,2408,4780203000,5147539000,13000000,0,4125131000,878374000
2025-12-17,4927,5132760000,2565656000,0,0,3000000,0
2025-12-17,6239,9646300000,2433000000,6000000,4545000000,386287000,497179000
2025-12-17,5521,14916000000,12380000000,0,0,25090000,64915000
2025-12-17,8150,7292000000,3965000000,0,11000000,115064000,1149574000
2025-12-17,00673R,0,0,0,0,2282729000,80400000
2025-12-17,00861,104547000,2000000,0,0,2145000000,210735000
2025-12-17,4967,3296109000,1551305000,0,0,198934000,40480000
2025-12-17,6116,4561000000,3039000000,0,0,551961000,178000000
2025-12-17,00850,57370000,88000000,0,0,2241000000,335731000
2025-12-17,1319,2495000000,1461000000,721000000,2863000,123418000,73692000
2025-12-17,2606,3306160000,4446030000,3182000000,34000000,946395000,1160947000
2025-12-17,3030,4955000000,1993850000,0,1479000000,397586000,86357000
2025-12-17,2892,62671000000,23861175000,0,36629000000,331454000,775000000
2025-12-17,00985B,1043000000,20000000,0,0,4724602000,4133894000
2025-12-17,3006,2340015000,1079000000,0,0,501973000,162848000
2025-12-17,00650L,1492000000,56000000,0,0,1686454000,1562493000
2025-12-17,2324,17075000000,8508700000,31000000,8190000000,1414827000,262653000
2025-12-17,2603,3950760000,2012120000,21000000,47269000,75156000,436298000
2025-12-17,6209,4998000000,3556000000,0,0,22000000,11411000
2025-12-17,9945,2394000000,878000000,0,7000000,23293000,103105000
2025-12-17,6191,2518000000,1284254000,2000000,35000000,244538000,17654000
2025-12-17,00688L,84000000,0,0,0,1502575000,164120000
2025-12-17,3056,1575773000,676588000,0,0,538843000,34852000
2025-12-17,2609,11036332000,8513673000,0,1609087000,741000000,251774000
2025-12-17,3044,4636000000,1845169000,33000000,1430000000,61159000,58922000
2025-12-17,00983A,29000000,361000000,0,0,2248055000,546100000
2025-12-17,8112,4976000000,4077000000,0,2009000,657475000,243333000
2025-12-17,2495,4157000000,2904000000,0,4000000,13075000,7357000
2025-12-17,3535,2481000000,1257100000,0,0,5360000,4299000
2025-12-17,2836,1593000000,366630000,0,0,0,14000000
2025-12-17,009802,36000000,65000000,0,0,1474000000,260865000
2025-12-17,00738U,394721000,65000000,0,0,4437997000,3605667000
2025-12-17,00633L,378000000,0,0,0,1338501000,655403000
2025-12-17,009811,668000000,0,0,0,833000000,481249000
2025-12-17,2301,5643243000,5417207000,1725000000,851000000,209549000,305336000
2025-12-17,009809,30000000,18000000,0,0,2695000000,1707000000
2025-12-17,6271,1420000000,521593000,0,0,92229000,21525000
2025-12-17,6944,1341503000,731309000,290000000,0,96300000,61042000
2025-12-17,00946,843000000,43000000,0,0,1716204000,1582278000
2025-12-17,2889,2995000000,2110120000,0,8000000,52000000,0
2025-12-17,00693U,37000000,18000000,0,0,1352000000,443164000
2025-12-17,2354,2217201000,1539000000,7000000,1000000,269392000,28124000
2025-12-17,00923,73000000,22000000,0,0,1190315000,326892000
2025-12-17,1409,2378000000,1561000000,0,0,72000000,1021000
2025-12-17,8422,9282000000,18573000000,10871000000,0,137044000,830338000
2025-12-17,00927,9000000,111000000,0,0,1403336000,434746000
2025-12-17,00982D,0,43000000,0,0,4394000000,3496000000
2025-12-17,00961,31000000,3000000,0,0,1499972000,699861000
2025-12-17,2451,2710000000,1963000000,0,408000000,550471000,77348000
2025-12-17,2454,4405562000,4621551000,508000000,25472000,582393000,47399000
2025-12-17,00655L,48000000,0,0,0,894010000,153650000
2025-12-17,00701,26000000,28000000,0,0,1777797000,994652000
2025-12-17,009805,26000000,61000000,0,0,1154000000,352329000
2025-12-17,00936,39000000,79000000,0,0,1208356000,408598000
2025-12-17,1316,980881000,220000000,0,4000000,0,4000000
2025-12-17,4763,5281765000,7434000000,2680000000,7856000,339767000,110827000
2025-12-17,00930,22000000,4000000,0,0,785044000,72573000
2025-12-17,00926,1600000,0,0,0,1252000000,527699000
2025-12-17,7769,769300000,250000000,194000000,0,6000000,14000000
2025-12-17,1504,5896145000,3051000000,2000000,1892743000,112759000,362942000
2025-12-17,2406,12661000000,11983000000,0,0,52000000,29184000
2025-12-17,00965,24000000,241000000,0,0,1212000000,307035000
2025-12-17,5243,907000000,305000000,50000000,0,43255000,11186000
2025-12-17,3033,854000000,177000000,0,2139000,4425000,21000000
2025-12-17,1522,708000000,80100000,0,1370000,6415000,2202000
2025-12-17,2491,0,4000000,0,0,616000000,0
2025-12-17,6133,1669000000,1056000000,0,0,3000000,8000000
2025-12-17,00700,4000000,60000000,0,0,1044305000,388507000
2025-12-17,00669R,0,0,0,0,2331380000,1766000000
2025-12-17,3028,839000000,272000000,0,0,2000000,16000000
2025-12-17,2464,904000000,374000000,0,0,24155000,9000000
2025-12-17,00960,19000000,6000000,0,0,532000000,1000000
2025-12-17,00731,65000000,3000000,0,0,841874000,376000000
2025-12-17,2610,16140000000,15645399000,0,278753000,1203470000,918881000
2025-12-17,5534,942000000,343000000,0,0,46472000,153000000
2025-12-17,00944,1000000,0,0,0,497000000,7627000
2025-12-17,006205,137000000,2000000,0,0,902549000,553000000
2025-12-17,00897,200000,102200000,0,0,696000000,142206000
2025-12-17,2472,755000000,539000000,0,0,245423000,10271000
2025-12-17,2528,589000000,160150000,0,0,14000000,0
2025-12-17,00907,9000000,0,0,0,504435000,73274000
2025-12-17,00639,104000000,0,0,0,999079000,678939000
2025-12-17,009813,15000000,1767000000,0,0,4224000000,2049000000
2025-12-17,6120,702080000,289300000,0,0,7000000,0
2025-12-17,3047,5750000000,5492000000,0,0,196000000,42481000
2025-12-17,00941,97000000,1300000,0,0,532882000,217947000
2025-12-17,2905,825000000,445000000,0,0,5000000,4000000
2025-12-17,8131,1728000000,1341000000,0,0,2032000,12471000
2025-12-17,00730,12000000,0,0,0,400833000,39945000
2025-12-17,6605,947000000,137000000,0,454000000,19451000,5000000
2025-12-17,2501,797000000,752000000,0,6000000,325000000,4001000
2025-12-17,4958,4086699000,3112251000,7000000,1110000000,546886000,59300000
2025-12-17,5469,1828000000,1391000000,0,0,26512000,115548000
2025-12-17,2405,532000000,186000000,0,0,4000000,4000000
2025-12-17,00932,9000000,1000000,0,0,337497000,7144000
2025-12-17,2504,4069000000,1273000000,0,2460066000,0,3296000
2025-12-17,8271,1357005000,1023000000,0,1000000,9118000,15563000
2025-12-17,2349,331100000,6000000,0,0,1000000,0
2025-12-17,2548,594000000,188150000,0,0,25852000,106000000
2025-12-17,2419,1076000000,734005000,0,0,5715000,23047000
2025-12-17,6155,1279000000,946000000,0,0,11095000,26730000
2025-12-17,009801,15000000,5000000,0,0,1580000000,1275759000
2025-12-17,8070,619000000,296000000,0,0,2000000,15397000
2025-12-17,4915,1841000000,1138000000,0,394000000,4227000,5922000
2025-12-17,6196,3186000000,2060010000,0,1052000000,300780000,72171000
2025-12-17,6414,321000000,610000000,600000000,7000000,23033000,26340000
2025-12-17,009804,315000000,311000000,0,0,914226000,623404000
2025-12-17,00902,453000000,27000000,0,0,622605000,761306000
2025-12-17,00636,168000000,0,0,0,758774000,646871000
2025-12-17,1307,467000000,124000000,0,0,15000000,82000000
2025-12-17,2009,666000000,437000000,0,0,55807000,12013000
2025-12-17,1560,1519000000,1229000000,0,1000000,45470000,63095000
2025-12-17,00986A,0,43000000,0,0,385000000,81191000
2025-12-17,2365,562000000,305000000,0,0,1520000,2340000
2025-12-17,00938,0,1000000,0,0,550566000,295190000
2025-12-17,6962,586000000,334000000,0,0,4787000,2898000
2025-12-17,2524,467000000,223000000,0,0,13000000,5000000
2025-12-17,2345,2961265000,3408193000,544000000,6320000,264315000,106710000
2025-12-17,2375,453000000,206000000,0,0,4575000,9025000
2025-12-17,5608,757000000,513000000,0,0,3280000,10001000
2025-12-17,8011,503000000,271000000,0,0,3000000,3000000
2025-12-17,00752,76000000,27000000,0,0,1035798000,854352000
2025-12-17,2537,443000000,200000000,0,0,0,13003000
2025-12-17,1712,309100000,154000000,0,0,70000000,32000
2025-12-17,2369,4518000000,4382000000,0,0,113719000,25005000
2025-12-17,4919,825000000,781000000,0,0,200059000,19373000
2025-12-17,0061,23000000,0,0,0,206313000,6261000
2025-12-17,5519,347000000,129000000,0,0,6000000,1025000
2025-12-17,00989A,14000000,562000000,0,0,842638000,72291000
2025-12-17,3661,1089677000,780529000,11000000,136000000,117301000,82675000
2025-12-17,8210,807005000,943720000,309000000,0,64730000,20326000
2025-12-17,6139,3538119000,3229180000,31000000,31000000,215352000,309151000
2025-12-17,3645,465000000,252000000,0,0,2224000,773000
2025-12-17,3048,476000000,262000000,0,0,5000000,5053000
2025-12-17,00634R,0,0,0,0,211000000,1000000
2025-12-17,00646,94199000,57000000,0,0,913000000,742835000
2025-12-17,8404,388000000,174100000,0,2000000,6000000,18535000
2025-12-17,00648R,0,8000000,0,0,490000000,283000000
2025-12-17,1536,509000000,400000000,0,0,158780000,70000000
2025-12-17,3550,301000000,112000000,0,0,11440000,3051000
2025-12-17,3533,858000000,734983000,55000000,177000,48754000,30806000
2025-12-17,2399,478000000,287000000,0,0,3000000,7000
2025-12-17,00733,7118000,120000000,0,0,582577000,276257000
2025-12-17,3059,508000000,317000000,0,5000000,3925000,3887000
2025-12-17,3025,537000000,353000000,0,0,2000000,1000000
2025-12-17,9939,643000000,439000000,31000000,0,5000000,55396000
2025-12-17,5234,372050000,191000000,0,0,16734000,13248000
2025-12-17,00893,38492000,15000000,0,0,510000000,349183000
2025-12-17,2383,1870700000,1863902000,253000000,296000,104058000,185373000
2025-12-17,2543,398000000,227020000,0,0,5365000,6000000
2025-12-17,2316,508000000,357000000,0,0,23668000,6248000
2025-12-17,3019,2734000000,3298400000,0,0,837761000,105093000
2025-12-17,2363,626000000,451100000,0,0,2334000,10249000
2025-12-17,2539,538000000,363200000,0,4931000,4455000,11000000
2025-12-17,2478,314000000,154000000,0,0,1000000,0
2025-12-17,00898,0,5000000,0,0,161016000,1136000
2025-12-17,3257,200000000,46000000,0,0,0,0
2025-12-17,006206,71000000,0,0,0,82358000,0
2025-12-17,8261,838000000,693000000,0,1000000,23468000,14685000
2025-12-17,00676R,0,0,0,0,321690000,171160000
2025-12-17,912000,209000000,62000000,0,0,0,0
2025-12-17,2458,443000000,1772000000,1410000000,10735000,96000000,20043000
2025-12-17,3149,506000000,361000000,0,0,1000000,1000000
2025-12-17,3022,236000000,116000000,0,0,24570000,546000
2025-12-17,00717,89000000,0,0,0,55000000,0
2025-12-17,3715,4797000000,4185500000,103000000,0,108664000,679626000
2025-12-17,6177,563000000,320150000,0,100000000,13195000,17000000
2025-12-17,009808,0,58000000,0,0,1112000000,915032000
2025-12-17,3049,338000000,228000000,0,0,28144000,0
2025-12-17,1325,149000000,11000000,0,0,0,0
2025-12-17,6558,282000000,144000000,0,0,0,390000
2025-12-17,6189,237000000,104792000,0,0,7000000,3057000
2025-12-17,9904,5796000000,5655000000,437000000,56456000,158981000,546418000
2025-12-17,2540,519000000,389500000,0,3000000,6241000,2000000
2025-12-17,8213,206000000,78000000,0,0,2000000,0
2025-12-17,2530,311000000,146000000,0,0,5000000,41000000
2025-12-17,3605,352000000,224000000,0,0,1100000,1003000
2025-12-17,2498,2000000000,4681000000,0,0,3361568000,552889000
2025-12-17,6206,452000000,132000000,0,185000000,3296000,10797000
2025-12-17,00686R,0,0,0,0,978000000,852000000
2025-12-17,2474,2621011000,1790416000,4000000,585056000,48765000,173000000
2025-12-17,8072,175000000,52000000,0,0,0,0
2025-12-17,6719,170000000,67000000,0,0,19083000,617000
2025-12-17,4545,278000000,156000000,0,0,3000000,5000000
2025-12-17,3015,184000000,73000000,1000000,0,8000000,2000
2025-12-17,9919,135000000,17000000,0,0,1000000,0
2025-12-17,6805,380255000,266040000,27000000,4500000,19009000,38241000
2025-12-17,8039,5483200000,4711000000,0,2000000,189468000,843710000
2025-12-17,6202,280000000,165000000,0,0,1355000,1108000
2025-12-17,3138,1216000000,1073000000,0,0,2170000,31027000
2025-12-17,2617,264000000,174000000,0,0,20000000,745000
2025-12-17,2852,207000000,102000000,0,1139000,4000000,0
2025-12-17,1532,269000000,168000000,0,1350000,7000000,0
2025-12-17,1711,446000000,338000000,0,0,0,2050000
2025-12-17,3052,380000000,275000000,0,0,0,0
2025-12-17,9955,216000000,111000000,0,0,0,1000000
2025-12-17,6591,130000000,26000000,0,0,196000,1000000
2025-12-17,6531,345015000,176000000,3000000,76000000,16707000,13222000
2025-12-17,2727,218000000,118356000,0,1038000,0,1000000
2025-12-17,00908,0,0,0,0,295041000,200001000
2025-12-17,5258,141000000,47000000,0,0,1024000,0
2025-12-17,1806,336000000,218000000,0,23054000,0,0
2025-12-17,00678,0,50000000,0,0,346000000,201977000
2025-12-17,8478,124000000,30000000,0,0,3000000,3001000
2025-12-17,1437,106000000,17000000,0,0,1000000,0
2025-12-17,3437,212000000,124000000,0,0,2000000,1000000
2025-12-17,00921,3000000,91000,0,0,112000000,29060000
2025-12-17,6269,428394000,440000000,0,0,112452000,17376000
2025-12-17,2442,313000000,232047000,0,0,4000000,4000000
2025-12-17,6994,95000000,24000000,0,0,9423000,0
2025-12-17,00983D,194000000,0,0,0,1544000000,1661000000
2025-12-17,3588,99000000,22058000,0,0,1004000,1000000
2025-12-17,2239,82000000,10000000,0,0,2015000,1000000
2025-12-17,1217,157000000,87000000,0,0,1000000,0
2025-12-17,5607,193000000,124080000,0,0,2000000,0
2025-12-17,5225,91000000,22000000,0,0,1000000,423000
2025-12-17,1340,91000000,23000000,0,0,0,0
2025-12-17,1563,139000000,68000000,0,0,0,4000000
2025-12-17,4960,250000000,188000000,0,0,4000000,0
2025-12-17,2387,198000000,132000000,0,0,0,1226000
2025-12-17,2611,84000000,24000000,0,0,4000000,0
2025-12-17,8429,83000000,20000000,0,0,2000000,1000000
2025-12-17,3406,574000000,860000000,407000000,21000000,34659000,70810000
2025-12-17,009810,0,5000000,0,0,392000000,323658000
2025-12-17,009800,12005000,227000000,0,0,760000000,482463000
2025-12-17,1809,109000000,47000000,0,0,7000000,8000000
2025-12-17,020032,0,0,0,0,60000000,0
2025-12-17,2427,240000000,180000000,0,0,0,0
2025-12-17,2440,223000000,157000000,0,0,0,6009000
2025-12-17,6277,66000000,12000000,0,0,16000000,10108000
2025-12-17,1419,161000000,101000000,0,0,6001000,7000000
2025-12-17,2850,214000000,186000000,32000000,0,0,1000000
2025-12-17,2102,131000000,76000000,0,0,3000000,0
2025-12-17,2484,86000000,26000000,0,0,2000000,4000000
2025-12-17,2428,110000000,57000000,0,1000000,7898000,2050000
2025-12-17,3665,1047042000,928372000,4000000,47826000,27751000,45243000
2025-12-17,6742,102000000,46000000,0,0,1000000,0
2025-12-17,5471,92000000,34000000,0,0,0,1230000
2025-12-17,2364,87000000,31000000,0,0,0,0
2025-12-17,2538,89000000,40000000,0,0,6000000,0
2025-12-17,4949,124000000,68000000,0,0,0,1000000
2025-12-17,2348,219000000,163000000,0,0,7365000,10194000
2025-12-17,2545,287000000,233522000,0,0,0,348000
2025-12-17,3686,115000000,63000000,0,0,0,11000
2025-12-17,3029,191000000,139000000,0,3000000,8000000,5242000
2025-12-17,6166,213030000,180000000,0,0,18722000,542000
2025-12-17,1789,554000000,487000000,0,0,0,19000000
2025-12-17,1524,173000000,126000000,0,0,0,432000
2025-12-17,4766,155000000,106000000,0,3000000,1214000,708000
2025-12-17,4576,99000000,56000000,0,0,2000000,0
2025-12-17,2453,90000000,46000000,0,0,1000000,0
2025-12-17,6668,108000000,63000000,0,0,0,0
2025-12-17,1436,144000000,107109000,0,0,15177000,7233000
2025-12-17,6834,63000000,19000000,0,0,0,0
2025-12-17,2351,162000000,112000000,0,0,3050000,9693000
2025-12-17,006207,0,1000000,0,0,145153000,100999000
2025-12-17,3032,161000000,114000000,0,0,1000000,5172000
2025-12-17,3094,58000000,16000000,0,0,0,0
2025-12-17,6672,198000000,180000000,0,0,24000000,0
2025-12-17,2534,220000000,181000000,0,0,3000000,45000
2025-12-17,3596,369171000,329000000,0,0,1000000,0
2025-12-17,3058,225000000,178000000,0,0,0,6000000
2025-12-17,6525,59000000,18000000,0,0,0,0
2025-12-17,00652,0,0,0,0,247000000,206144000
2025-12-17,6449,108100000,96393000,0,0,30037000,1899000
2025-12-17,1733,54000000,13000000,0,1000000,0,1000000
2025-12-17,00947,4000000,41000000,0,0,201000000,125447000
2025-12-17,2367,7477000000,9484000000,0,0,2353315000,308174000
2025-12-17,8442,43000000,8000000,0,0,3000000,0
2025-12-17,9958,186000000,225000000,0,0,81761000,5581000
2025-12-17,3321,102000000,65000000,0,0,0,0
2025-12-17,00739,4000000,0,0,0,52334000,21113000
2025-12-17,7750,81000000,45025000,0,0,0,1000000
2025-12-17,3312,213262000,179196000,0,0,0,0
2025-12-17,2636,88000000,55000000,0,0,1000000,89000
2025-12-17,2731,333000000,317000000,1000000,0,22000000,5720000
2025-12-17,6799,98200000,65000000,0,0,0,0
2025-12-17,1516,36000000,5000000,0,0,2000000,0
2025-12-17,3046,68000000,39000000,0,0,4000000,0
2025-12-17,6224,62000000,30000000,0,0,0,0
2025-12-17,1533,55000000,22000000,0,0,2000000,3000000
2025-12-17,2029,78000000,48000000,0,0,1000000,0
2025-12-17,00683L,0,0,0,0,43000000,12000000
2025-12-17,00875,0,103000000,0,0,139000000,5052000
2025-12-17,020029,0,0,0,0,31000000,1000000
2025-12-17,6782,60000000,30000000,0,0,0,0
2025-12-17,6658,50000000,20000000,0,0,0,0
2025-12-17,1702,102000000,73000000,0,0,1000000,0
2025-12-17,4557,41000000,11000000,0,0,0,0
2025-12-17,1786,112000000,81000000,0,0,1115000,2127000
2025-12-17,2462,41000000,11000000,0,0,0,99000
2025-12-17,3034,2206566000,1486763000,181000000,860969000,59014000,69353000
2025-12-17,00943,1000000,0,0,0,128304000,100009000
2025-12-17,4737,64000000,35000000,0,0,0,0
2025-12-17,2015,197000000,301000000,123000000,0,12000000,2450000
2025-12-17,3041,179000000,151000000,0,0,0,5000
2025-12-17,1597,69000000,39000000,0,0,72000,2339000
2025-12-17,2417,127000000,96000000,0,0,2000000,5320000
2025-12-17,6235,286000000,258000000,0,2000000,9000000,7912000
2025-12-17,5285,37000000,10000000,0,0,0,0
2025-12-17,00920,0,102000000,0,0,136187000,7593000
2025-12-17,6838,69000000,44000000,0,0,1000000,0
2025-12-17,020038,0,0,0,0,26000000,0
2025-12-17,00771,0,0,0,0,25031000,0
2025-12-17,6164,287000000,291000000,0,0,34983000,6000000
2025-12-17,2439,2877100000,633000000,0,2322148000,141254000,38240000
2025-12-17,2236,58000000,34000000,0,0,1000000,1000000
2025-12-17,6861,45000000,21000000,0,1000000,2000000,1000000
2025-12-17,2471,64000000,38000000,0,0,0,2000000
2025-12-17,00737,20000000,4000000,0,0,91409000,83797000
2025-12-17,3003,49000000,36000000,0,0,13000000,2467000
2025-12-17,1231,100000000,75100000,0,0,3000000,4649000
2025-12-17,3543,506000000,478000000,0,0,0,5000000
2025-12-17,1503,224080000,206000000,0,9000000,34482000,20926000
2025-12-17,2597,136000000,113800000,0,0,1000000,1000000
2025-12-17,1903,80000000,46000000,0,0,4000000,16000000
2025-12-17,3416,52000000,31000000,0,0,3000000,2000000
2025-12-17,020034,0,0,0,0,22000000,0
2025-12-17,00895,348000,81000000,0,0,249000000,146383000
2025-12-17,3026,153000000,128000000,0,1000000,1000000,3457000
2025-12-17,3356,38000000,20000000,0,0,3002000,0
2025-12-17,2881B,0,0,0,0,21000000,0
2025-12-17,2107,45000000,24000000,0,0,0,0
2025-12-17,2022,74000000,53000000,0,0,0,0
2025-12-17,00964,0,0,0,0,909030000,889071000
2025-12-17,6456,448000000,456000000,0,0,30002000,2362000
2025-12-17,5244,30000000,11000000,0,0,0,0
2025-12-17,3504,62000000,43000000,0,0,0,1000000
2025-12-17,6585,32000000,14000000,0,0,1000000,1237000
2025-12-17,2477,27600000,10000000,0,0,0,0
2025-12-17,1337,33000000,17000000,0,0,0,0
2025-12-17,2908,77000000,62000000,0,0,1000000,0
2025-12-17,1342,21000000,5000000,0,0,1959000,2000000
2025-12-17,6906,25000000,3000000,0,7000000,0,0
2025-12-17,9103,15000000,0,0,0,0,0
2025-12-17,020030,0,0,0,0,17000000,2000000
2025-12-17,7610,42000000,31000000,0,0,5000000,2000000
2025-12-17,2421,1293000000,1188029000,0,5000000,34272000,121108000
2025-12-17,1732,44000000,30000000,0,0,3000000,5000000
2025-12-17,3494,17000000,5000000,0,0,0,0
2025-12-17,4569,63000000,51000000,0,0,0,0
2025-12-17,6835,22000000,10000000,0,0,0,0
2025-12-17,6283,76000000,62000000,0,0,0,2000000
2025-12-17,2465,78000000,67000000,0,0,1000000,0
2025-12-17,3528,51000000,38050000,0,0,0,1000000
2025-12-17,8467,88000000,72000000,0,0,1000000,5347000
2025-12-17,3311,26000000,14752000,0,0,2000000,2154000
2025-12-17,2424,11000000,2000000,0,0,2043000,0
2025-12-17,7788,40000000,29000000,0,0,1000000,1000000
2025-12-17,6405,30000000,12000000,0,0,0,7000000
2025-12-17,2032,31000000,22000000,0,0,2000000,3000
2025-12-17,3557,18000000,7050000,0,0,0,0
2025-12-17,2250,17000000,6094000,0,0,0,0
2025-12-17,00916,0,1000000,0,0,178347000,167000000
2025-12-17,00653L,1000000,5000000,0,0,32678000,18635000
2025-12-17,6695,92000000,82000000,0,0,0,0
2025-12-17,00689R,1000000,0,0,0,9000000,0
2025-12-17,2613,107000000,102000000,0,0,5000000,0
2025-12-17,4588,10000000,0,0,0,0,0
2025-12-17,3057,14000000,5300000,0,0,1000000,0
2025-12-17,2359,233210000,222000000,0,0,17000000,18760000
2025-12-17,00682U,0,0,0,0,9000000,0
2025-12-17,6216,15000000,6000000,0,0,0,0
2025-12-17,9136,11000000,2000000,0,0,0,0
2025-12-17,2431,55000000,43000000,0,0,3000000,6190000
2025-12-17,6789,243435000,220560000,0,1000000,10010000,23408000
2025-12-17,0055,61471000,19000000,0,0,69720000,103841000
2025-12-17,00951,6000000,96000000,0,0,176000000,77737000
2025-12-17,020036,0,0,0,0,8000000,0
2025-12-17,5907,18000000,11000000,0,0,1000000,0
2025-12-17,5706,16000000,8200000,0,0,0,0
2025-12-17,4952,27000000,15000000,0,0,0,4614000
2025-12-17,8114,143000000,170000000,0,0,36000000,1955000
2025-12-17,9906,37000000,30000000,0,0,3000000,3000000
2025-12-17,3591,65000000,58000000,0,0,0,0
2025-12-17,1463,5000000,7000000,0,0,9000000,0
2025-12-17,6909,8000000,2000000,0,0,0,0
2025-12-17,6192,77000000,12000000,0,0,0,59000000
2025-12-17,1446,18000000,15000000,0,0,3000000,0
2025-12-17,1338,18000000,12000000,0,0,0,0
2025-12-17,1233,1000000,1000000,0,0,6000000,0
2025-12-17,00710B,0,0,0,0,130224000,124262000
2025-12-17,1707,17000000,23000000,0,0,14000000,2241000
2025-12-17,4552,11000000,6000000,0,0,0,0
2025-12-17,4942,43000000,39000000,0,0,1000000,0
2025-12-17,2929,34000000,29000000,0,0,0,0
2025-12-17,00702,0,0,0,0,108000000,103000000
2025-12-17,1219,17000000,18000000,0,0,6000000,0
2025-12-17,1454,13000000,8000000,0,0,0,0
2025-12-17,7721,13000000,8000000,0,0,0,0
2025-12-17,6796,14000000,9200000,0,0,0,0
2025-12-17,4106,11000000,6000000,0,0,0,259000
2025-12-17,6582,5000000,2000000,0,0,2000000,1000000
2025-12-17,6552,10000000,6000000,0,0,0,0
2025-12-17,020020,0,0,0,0,8000000,4000000
2025-12-17,020028,0,0,0,0,5000000,1000000
2025-12-17,5871A,4000000,0,0,0,0,0
2025-12-17,3679,15000000,11000000,0,0,0,0
2025-12-17,6230,21000000,17000000,0,0,0,201000
2025-12-17,7749,49000000,47000000,0,0,1338000,1000
2025-12-17,9935,28000000,33000000,0,0,8000000,0
2025-12-17,6423,0,0,0,0,3000000,0
2025-12-17,6641,3000000,1000000,0,0,1000000,0
2025-12-17,2415,12000000,9000000,0,0,0,0
2025-12-17,2420,15000000,12000000,0,0,0,0
2025-12-17,4935,9000000,6000000,0,0,0,0
2025-12-17,2025,9000000,7000000,0,0,1000000,0
2025-12-17,2433,8000000,5000000,0,0,0,0
2025-12-17,6952,4000000,1000000,0,0,0,0
2025-12-17,2642,6000000,3002000,0,0,1000000,1000000
2025-12-17,2546,19002000,18060000,0,0,2000000,0
2025-12-17,3501,67000000,61000000,0,0,1000000,4183000
2025-12-17,00783,0,0,0,0,13441000,11013000
2025-12-17,00711B,1000000,0,0,0,102042000,101000000
2025-12-17,00899,1000000,0,0,0,1004000,0
2025-12-17,3130,7000000,4999000,0,0,0,0
2025-12-17,1236,6000000,6000000,0,0,2000000,0
2025-12-17,01004T,2000000,0,0,0,0,0
2025-12-17,6201,2000000,1000000,0,0,1000000,0
2025-12-17,5484,27000000,24000000,0,0,0,1000000
2025-12-17,4560,47000000,45000000,0,0,0,0
2025-12-17,2254,0,1000000,0,0,5000000,2000000
2025-12-17,1475,6000000,4000000,0,0,0,0
2025-12-17,1537,12000000,14000000,0,0,4000000,0
2025-12-17,6807,2000000,1000000,0,0,1000000,0
2025-12-17,2432,2000000,0,0,0,8000000,8000000
2025-12-17,2302,57000000,53000000,0,1000000,0,1430000
2025-12-17,00913,0,5000000,0,0,127000000,120631000
2025-12-17,0057,0,0,0,0,15000000,14000000
2025-12-17,1467,10000000,9000000,0,0,0,0
2025-12-17,00660,0,0,0,0,2000000,1000000
2025-12-17,020039,0,0,0,0,2000000,1000000
2025-12-17,7730,1000000,0,0,0,0,0
2025-12-17,1525,3000000,2000000,0,0,2000000,2000000
2025-12-17,1735,4000000,4000000,0,0,1000000,0
2025-12-17,2461,9000000,15000000,0,0,7000000,0
2025-12-17,4581,1000000,0,0,0,0,0
2025-12-17,3652,3000000,2000000,0,0,0,0
2025-12-17,3164,3000000,2000000,0,0,0,0
2025-12-17,2882B,0,0,0,0,1000000,0
2025-12-17,2891C,0,0,0,0,1000000,0
2025-12-17,2397,67000000,66000000,0,0,0,0
2025-12-17,1339,7000000,5000000,0,0,0,1060000
2025-12-17,6754,1000000,1000000,0,70000,1000000,0
2025-12-17,1817,1000000,1000000,0,0,1000000,70000
2025-12-17,1453,10000000,11150000,0,0,2000000,0
2025-12-17,4934,469000000,469160000,0,0,4000000,3024000
2025-12-17,2017,81000000,82000000,0,0,5000000,3238000
2025-12-17,9928,0,0,0,0,558000,0
2025-12-17,3583,98010000,96000000,0,0,5224000,6687000
2025-12-17,2379,1305930000,2020913000,758000000,34000000,19100000,27703000
2025-12-17,8033,117000000,52794000,0,0,0,64000000
2025-12-17,00775B,0,0,0,0,47000,0
2025-12-17,00657K,0,0,0,0,200000,200000
2025-12-17,00681R,0,0,0,0,1000000,1000000
2025-12-17,00668K,0,0,0,0,200000,200000
2025-12-17,1468,1000000,2000000,0,0,2000000,1000000
2025-12-17,1324,1000000,1000000,0,0,0,0
2025-12-17,1413,1000000,2000000,0,0,1000000,0
2025-12-17,1323,3000000,3000000,0,0,0,0
2025-12-17,8481,1000000,2000000,0,0,1000000,0
2025-12-17,8482,2000000,2000000,0,0,0,0
2025-12-17,00636K,0,0,0,0,200000,200000
2025-12-17,6918,5000000,4000000,0,0,0,1000000
2025-12-17,2483,6000000,5000000,0,0,1000000,2000000
2025-12-17,2536,21000000,22000000,0,0,1000000,0
2025-12-17,1539,0,2000000,0,0,2000000,0
2025-12-17,1583,2000000,2000000,0,0,0,0
2025-12-17,4190,4000000,4000000,0,0,0,0
2025-12-17,4439,3000000,3000000,0,0,0,0
2025-12-17,5546,1000000,1000000,0,0,0,0
2025-12-17,4771,4000000,4000000,0,0,0,0
2025-12-17,4994,1000000,1000000,0,0,0,0
2025-12-17,2739,2000000,2000000,0,0,0,0
2025-12-17,6951,0,1000000,0,0,1000000,0
2025-12-17,00707R,0,0,0,0,0,1000
2025-12-17,2887E,0,37000,0,0,0,0
2025-12-17,5906,0,40000,0,0,0,0
2025-12-17,1598,66000000,59000000,0,0,5000000,12238000
2025-12-17,1721,51000000,51000000,0,0,1000000,1310000
2025-12-17,00714,0,1000000,0,0,861136000,860837000
2025-12-17,4571,18000000,19000000,0,0,100000,0
2025-12-17,006204,0,2000000,0,0,25164000,24133000
2025-12-17,6645,0,0,0,0,1004000,2000000
2025-12-17,6655,0,1000000,0,0,0,0
2025-12-17,8466,1000000,2000000,0,0,0,0
2025-12-17,1256,3000000,4000000,0,0,0,0
2025-12-17,1203,3000000,5000000,0,0,1000000,0
2025-12-17,1465,3000000,7000000,0,0,4000000,1000000
2025-12-17,1417,21000000,23000000,0,0,1000000,0
2025-12-17,1441,0,1000000,0,0,0,0
2025-12-17,3669,3000000,4000000,0,0,0,0
2025-12-17,5215,0,1000000,0,0,0,0
2025-12-17,2945,0,1000000,0,0,0,0
2025-12-17,2901,0,1000000,0,0,0,0
2025-12-17,2910,1000000,3000000,0,0,1000000,0
2025-12-17,2887F,0,0,0,1000000,0,0
2025-12-17,1726,2000000,3000000,0,0,0,0
2025-12-17,1541,0,1000000,0,0,0,0
2025-12-17,1474,3000000,4000000,0,0,0,0
2025-12-17,1512,4000000,5000000,0,0,0,0
2025-12-17,1776,0,1000000,0,0,0,0
2025-12-17,2114,0,1000000,0,0,0,0
2025-12-17,2248,0,0,0,0,0,1000000
2025-12-17,2434,3000000,4000000,0,0,1000000,1000000
2025-12-17,9929,1000000,2000000,0,0,0,0
2025-12-17,9943,5000000,6000000,0,0,0,0
2025-12-17,6671,0,1000000,0,0,0,1000
2025-12-17,6955,0,150000,0,0,1148000,2000000
2025-12-17,3530,93000000,99000000,0,0,5000000,106000
2025-12-17,3040,8000000,8387000,0,0,0,1000000
2025-12-17,6854,67000000,60000000,0,0,4541000,13000000
2025-12-17,00657,0,0,0,0,54348000,56000000
2025-12-17,6715,5000000,7000000,0,0,18000,0
2025-12-17,1432,6001000,8000000,0,0,1000000,1000000
2025-12-17,1438,0,2000000,0,0,0,0
2025-12-17,1423,0,2000000,0,0,0,0
2025-12-17,6776,19000000,21000000,0,0,0,0
2025-12-17,6887,1000000,3000000,0,0,1000000,1000000
2025-12-17,6183,2000000,5000000,0,0,1000000,0
2025-12-17,7736,4000000,6000000,0,0,0,0
2025-12-17,7786,18000000,20000000,0,0,0,0
2025-12-17,8443,0,2000000,0,0,0,0
2025-12-17,8488,0,2000000,0,0,0,0
2025-12-17,9918,2000000,4000000,0,0,0,0
2025-12-17,9926,1000000,3000000,0,0,0,0
2025-12-17,9931,0,2000000,0,0,0,0
2025-12-17,006203,0,0,0,0,0,2000000
2025-12-17,00656R,0,32000000,0,0,136000000,106000000
2025-12-17,3168,0,2000000,0,0,0,0
2025-12-17,2891B,0,0,0,0,3000000,5000000
2025-12-17,2904,0,2000000,0,0,0,0
2025-12-17,2762,3000000,5000000,0,0,0,0
2025-12-17,2712,0,3000000,0,0,1000000,0
2025-12-17,5288,6000000,8000000,0,0,0,0
2025-12-17,4572,1000000,4000000,0,0,1000000,0
2025-12-17,4133,2000000,4000000,0,0,0,0
2025-12-17,2497,48000000,51000000,0,0,1000000,0
2025-12-17,2616,1000000,6000000,0,0,3000000,0
2025-12-17,2115,3000000,6000000,0,0,2000000,1000000
2025-12-17,2008,1000000,3000000,0,0,0,0
2025-12-17,2024,0,2000000,0,0,0,0
2025-12-17,1526,6000000,7000000,0,0,0,1000000
2025-12-17,1521,0,2000000,0,0,0,0
2025-12-17,6581,1000000,3000000,0,0,0,0
2025-12-17,2438,0,2000000,0,0,0,0
2025-12-17,6771,1000000,1000000,0,0,1000000,3000000
2025-12-17,6988,0,9000000,0,0,17000000,10150000
2025-12-17,5283,29000000,30000000,0,0,1000000,2200000
2025-12-17,3150,0,2000000,0,0,439000,1000000
2025-12-17,2455,656000000,640000000,0,0,96340000,115082000
2025-12-17,2314,0,3000000,0,0,0,0
2025-12-17,1530,1000000,3000000,0,0,0,1000000
2025-12-17,2012,5000000,8000000,0,0,0,0
2025-12-17,3308,1000000,5000000,0,0,1000000,0
2025-12-17,3004,46000000,40000000,0,0,0,9000000
2025-12-17,5007,9000000,15000000,0,0,3000000,0
2025-12-17,7765,5000000,8000000,0,0,0,0
2025-12-17,8463,3000000,8000000,0,0,2000000,0
2025-12-17,8438,0,3000000,0,0,0,0
2025-12-17,9944,1000000,4000000,0,0,0,0
2025-12-17,6924,2000000,4000000,0,0,13000000,14000000
2025-12-17,6598,1000000,5000000,0,0,1000000,0
2025-12-17,1416,8000000,11000000,0,0,0,0
2025-12-17,1456,0,3000000,0,0,0,0
2025-12-17,1472,0,2000000,0,0,0,1000000
2025-12-17,020037,0,0,0,0,0,3000000
2025-12-17,1730,0,3000000,0,0,2000000,2000000
2025-12-17,1315,1000000,5000000,0,0,1000000,0
2025-12-17,4148,14000000,20050000,0,0,3000000,0
2025-12-17,2233,71000000,78030000,0,0,7031000,3172000
2025-12-17,1235,0,3200000,0,0,0,0
2025-12-17,3447,73000000,77000000,0,0,1000000,361000
2025-12-17,4555,34000000,37000000,0,0,1000000,1427000
2025-12-17,4999,3000000,7000000,0,0,2000000,1966000
2025-12-17,3716,1000000,5000000,0,0,0,0
2025-12-17,1535,2000000,6000000,0,0,0,0
2025-12-17,2430,1000000,5000000,0,0,0,0
2025-12-17,1101B,0,0,0,0,1000000,5000000
2025-12-17,1435,1000000,5000000,0,0,0,0
2025-12-17,6592A,1000000,0,0,5000000,0,0
2025-12-17,6969,0,7000000,0,0,3000000,0
2025-12-17,4930,5000000,2000000,0,0,0,7000000
2025-12-17,6606,0,4000000,0,0,0,0
2025-12-17,4137,11000000,17000000,0,0,2000000,0
2025-12-17,6128,1000000,5000000,0,0,0,9000
2025-12-17,6464,1000000,6030000,0,0,1000000,0
2025-12-17,1558,9000000,13000000,0,194000,14467000,15000000
2025-12-17,1590,428451000,418384000,0,2000000,4440000,17253000
2025-12-17,1906,3000000,7000000,0,0,6000000,7000000
2025-12-17,2020,50000000,55000000,0,0,0,0
2025-12-17,2243,0,4000000,0,0,4000000,5000000
2025-12-17,5292,3000000,9000000,0,0,1000000,0
2025-12-17,3021,2000000,8000000,0,0,3000000,2000000
2025-12-17,6281,4000000,6000000,0,0,0,3000000
2025-12-17,6957,16000000,21000000,0,0,0,0
2025-12-17,7791,0,5000000,0,0,0,0
2025-12-17,8411,3000000,9000000,0,0,2000000,1000000
2025-12-17,1445,0,6000000,0,0,1000000,0
2025-12-17,1443,0,5000000,0,0,0,0
2025-12-17,4562,57000000,62076000,0,0,0,0
2025-12-17,2227,1000000,7100000,0,0,1000000,0
2025-12-17,6790,13000000,19000000,0,0,1000000,200000
2025-12-17,1762,3000000,9000000,0,0,2000000,1233000
2025-12-17,8016,842400000,291000000,35000000,595000000,5000000,1655000
2025-12-17,6958,3200000,8480000,0,0,0,0
2025-12-17,8487,0,2000000,0,0,2000000,6000000
2025-12-17,2488,6000000,12000000,0,0,0,0
2025-12-17,1731,2000000,8000000,0,0,0,0
2025-12-17,2425,50000000,55000000,0,0,0,1000000
2025-12-17,2423,26000000,32000000,0,0,1000000,1000000
2025-12-17,4155,4000000,10000000,0,0,0,0
2025-12-17,00703,1000000,0,0,0,24257000,31809000
2025-12-17,6933,31000000,38000000,0,0,2000000,1815000
2025-12-17,6862,18000000,25000000,0,0,0,0
2025-12-17,6743,30000000,35000000,0,0,1000000,3000000
2025-12-17,8940,0,7000000,0,0,0,0
2025-12-17,8367,0,7000000,0,0,0,0
2025-12-17,1470,0,7000000,0,0,0,0
2025-12-17,1531,2000000,10000000,0,0,1000000,0
2025-12-17,1232,5000000,14000000,0,0,2000000,0
2025-12-17,1506,0,10000000,0,0,3000000,0
2025-12-17,1725,0,7000000,0,0,0,0
2025-12-17,1709,36000000,43000000,0,0,0,0
2025-12-17,2705,16000000,23000000,0,0,0,0
2025-12-17,0053,0,2000000,0,0,38000,5058000
2025-12-17,1517,25000000,29000000,0,0,1000000,4042000
2025-12-17,00949,2000000,3180000,0,0,257235000,263483000
2025-12-17,6412,1233000000,418000000,0,814000000,4735000,13608000
2025-12-17,3617,208000000,122000000,0,92000000,2170000,4046000
2025-12-17,4440,11000000,20000000,0,0,4000000,3000000
2025-12-17,2748,4000000,12000000,0,0,0,0
2025-12-17,3054,4000000,12000000,0,0,0,0
2025-12-17,1805,0,6000000,0,0,0,2000000
2025-12-17,6504,5000000,13000000,0,0,0,0
2025-12-17,8341,29000000,37000000,0,0,0,0
2025-12-17,8249,116000000,125000000,0,0,1000000,0
2025-12-17,8162,0,7000000,0,0,1000000,2000000
2025-12-17,8473,17000000,26000000,0,0,1000000,0
2025-12-17,1220,2000000,10000000,0,0,0,0
2025-12-17,3018,0,8000000,0,0,0,0
2025-12-17,5222,42000000,48300000,0,1000000,1000000,2002000
2025-12-17,6949,40000000,49000000,0,0,1135000,594000
2025-12-17,3038,82000000,158000000,0,484000,91000000,23076000
2025-12-17,7722,7000000,15384000,0,0,0,318000
2025-12-17,6792,0,8000000,0,0,0,1000000
2025-12-17,6614,1000000,10000000,0,0,0,0
2025-12-17,1439,1000000,3000000,0,0,0,7000000
2025-12-17,1473,6000000,14000000,0,0,0,1000000
2025-12-17,1626,0,7000000,0,0,0,2000000
2025-12-17,6579,26000000,38000000,0,0,3000000,9000
2025-12-17,8454,268300000,276477000,0,0,1165000,2232000
2025-12-17,5525,4000000,14280000,0,0,1000000,0
2025-12-17,4108,0,11000000,0,0,1000000,0
2025-12-17,1540,50000000,61000000,0,0,1000000,0
2025-12-17,2414,24000000,34000000,0,0,0,0
2025-12-17,6914,1000000,8000000,0,0,1000000,4000000
2025-12-17,3266,1000000,11000000,0,0,0,0
2025-12-17,1614,7000000,16000000,0,0,0,1000000
2025-12-17,00876,200000,11000000,0,0,16000000,15552000
2025-12-17,00762,0,3000000,0,0,109557000,117000000
2025-12-17,6670,575000000,161000000,0,424777000,3000000,3191000
2025-12-17,7732,0,12000000,0,0,1000000,0
2025-12-17,8201,0,12000000,0,0,1000000,0
2025-12-17,2373,2000000,14000000,0,0,1000000,0
2025-12-17,6136,12000000,23000000,0,0,0,0
2025-12-17,2816,16000000,27000000,0,0,0,0
2025-12-17,6115,9000000,20000000,0,0,0,77000
2025-12-17,4426,1000000,13000000,0,0,0,0
2025-12-17,4551,73000000,39000000,0,45000000,0,1000000
2025-12-17,6902,6000000,9000000,0,0,0,9000000
2025-12-17,1452,3000000,12000000,0,0,0,3000000
2025-12-17,2702,1000000,13000000,0,0,0,0
2025-12-17,911868,0,13000000,0,0,0,0
2025-12-17,3036A,0,13000000,0,0,0,0
2025-12-17,1108,4000000,18000000,0,0,1000000,0
2025-12-17,6863,25000000,37000000,0,0,0,1000000
2025-12-17,6674,0,13000000,0,0,0,0
2025-12-17,6431,43000000,56000000,0,0,0,0
2025-12-17,2753,58000000,69000000,0,1000000,3000000,4009000
2025-12-17,2832,77000000,102600000,0,1000000,17000000,4001000
2025-12-17,2706,3000000,19000000,0,0,2000000,0
2025-12-17,2883B,92000000,0,0,0,54000000,160000000
2025-12-17,1568,4000000,18000000,0,0,0,0
2025-12-17,2247,6000000,22000000,0,0,2000000,0
2025-12-17,6184,8000000,22000000,0,0,0,0
2025-12-17,7711,1000000,15000000,0,0,0,0
2025-12-17,6931,13000000,10000000,0,0,1000000,18000000
2025-12-17,9942,5000000,19000000,0,0,0,0
2025-12-17,9937,23000000,43000000,0,0,14000000,8006000
2025-12-17,2436,439000000,454000000,0,0,3371000,3000000
2025-12-17,3055,265020000,309000000,0,0,29052000,15000
2025-12-17,3346,23000000,38000000,0,0,0,0
2025-12-17,4755,6000000,20000000,0,0,0,1000000
2025-12-17,2450,7000000,22000000,0,0,0,0
2025-12-17,7740,4000000,19000000,0,0,4000000,4000000
2025-12-17,6936,3000000,18000000,0,0,2000000,2000000
2025-12-17,6698,11000000,26000000,0,0,1000000,1312000
2025-12-17,3229,82000000,100000000,0,0,3000000,461000
2025-12-17,2505,28000000,45000000,0,0,1000000,0
2025-12-17,1471,14000000,30000000,0,0,0,0
2025-12-17,4583,34463000,50175000,0,0,3024000,3470000
2025-12-17,6215,85000000,102000000,0,0,593000,266000
2025-12-17,6117,56000000,69000000,0,0,3000000,6779000
2025-12-17,5538,0,18000000,0,0,1000000,0
2025-12-17,3518,38000000,50000000,0,0,2000000,7000000
2025-12-17,2722,4000000,21000000,0,0,0,0
2025-12-17,7705,3000000,20000000,0,0,0,0
2025-12-17,9905,2000000,20000000,0,0,1000000,0
2025-12-17,1459,0,18000000,0,0,1000000,0
2025-12-17,4564,117000000,131000000,0,0,1000000,4000000
2025-12-17,1109,1000000,20000000,0,0,1000000,0
2025-12-17,9908,2000000,20000000,0,0,0,0
2025-12-17,3419,7000000,23000000,0,0,0,2000000
2025-12-17,3338,81000000,100000000,0,0,1000000,0
2025-12-17,4540,68000000,86000000,0,0,1000000,1050000
2025-12-17,2482,22002000,39000000,0,0,0,1223000
2025-12-17,4746,78000000,100000000,0,0,3637000,2000
2025-12-17,00654R,0,0,0,0,4150000,23000000
2025-12-17,6928,1000000,20000000,0,0,0,0
2025-12-17,5515,518000000,544000000,0,0,15000000,8000000
2025-12-17,8462,7000000,25000000,0,0,0,1110000
2025-12-17,1615,4000000,25150000,0,0,2000000,0
2025-12-17,6916,35000000,56000000,0,0,5317000,4213000
2025-12-17,1457,2000000,24000000,0,0,2000000,0
2025-12-17,2509,8000000,29000000,0,0,3000000,2000000
2025-12-17,3454,2000000,23000000,0,0,1000000,0
2025-12-17,6213,1281030000,1397000000,0,0,159472000,63750000
2025-12-17,6592,93000000,123000000,0,0,11000000,1594000
2025-12-17,8374,29652000,51000000,0,0,2599000,2062000
2025-12-17,2109,2000000,24000000,0,0,1000000,0
2025-12-17,8045,22000000,44000000,0,0,1000000,0
2025-12-17,3717,42000000,62000000,0,0,1000000,3000000
2025-12-17,1604,6000000,29000000,0,0,0,0
2025-12-17,1527,20000000,46000000,0,0,4000000,1000000
2025-12-17,2459,1000000,24000000,0,0,0,0
2025-12-17,8464,747000000,775711000,0,2077000,10324000,3090000
2025-12-17,9925,26000000,51000000,0,0,1000000,0
2025-12-17,3708,396000000,424000000,1000000,0,28799000,26001000
2025-12-17,4438,9000000,34292000,0,0,1000000,0
2025-12-17,1752,0,27000000,0,0,2000000,0
2025-12-17,8476,3000000,29000000,0,0,1000000,0
2025-12-17,6965,10000000,34000000,0,0,1000000,2000000
2025-12-17,9930,7000000,33000000,0,0,2000000,1036000
2025-12-17,4104,12000000,37150000,0,0,0,0
2025-12-17,7780,15000000,31000000,0,0,0,10003000
2025-12-17,8499,89000000,97000000,0,0,2610000,21603000
2025-12-17,00684R,0,0,0,0,50001000,77000000
2025-12-17,6794,1000000,28000000,0,0,0,0
2025-12-17,1737,10000000,38000000,0,0,1000000,0
2025-12-17,3703,199000000,206000000,0,0,3000000,23000000
2025-12-17,3092,88000000,115000000,0,0,0,0
2025-12-17,1321,7000000,35000000,0,0,1000000,0
2025-12-17,6214,445000000,468000000,0,5235000,9000000,8107000
2025-12-17,9927,14000000,31717000,0,0,0,10000000
2025-12-17,6885,38000000,66000000,0,0,0,0
2025-12-17,1110,8000000,36000000,0,0,1000000,1000000
2025-12-17,2468,76000000,105000000,0,0,1998000,1000000
2025-12-17,2028,3000000,34000000,0,0,2000000,0
2025-12-17,3296,4000000,27000000,0,0,0,6000000
2025-12-17,3031,70000000,98000000,0,0,0,1000000
2025-12-17,00668,0,1000000,0,0,42259000,71195000
2025-12-17,6205,32000000,55000000,0,0,0,7000000
2025-12-17,3027,37000000,68000000,0,0,3000000,2000000
2025-12-17,6108,33000000,52000000,0,0,3000000,14001000
2025-12-17,2231,110000000,118000000,0,0,7000000,29184000
2025-12-17,1582,75000000,104000000,0,0,2000000,3843000
2025-12-17,2923,1000000,34000000,0,0,2000000,0
2025-12-17,9946,49000000,81000000,0,0,1000000,0
2025-12-17,1234,22000000,55000000,0,0,1000000,0
2025-12-17,6416,59000000,91000000,0,0,0,0
2025-12-17,910861,0,32000000,0,0,0,0
2025-12-17,4912,41000000,74050000,0,0,1000000,0
2025-12-17,2849,7000000,44000000,0,0,4000000,0
2025-12-17,1713,7000000,44000000,0,0,4000000,0
2025-12-17,4119,14000000,43000000,0,0,1000000,5135000
2025-12-17,2013,15000000,49000000,0,0,6000000,5224000
2025-12-17,2906,41000000,75000000,0,0,0,0
2025-12-17,6534,14000000,49000000,0,0,4000000,3130000
2025-12-17,00661,50000,0,0,0,8000000,42368000
2025-12-17,02001L,0,0,0,0,0,35000000
2025-12-17,4441,3000000,39000000,0,0,1000000,0
2025-12-17,5269,85100000,120535000,40000000,104000,13708000,53199000
2025-12-17,1734,2000000,38100000,0,0,1000000,0
2025-12-17,6689,30000000,64000000,0,2979000,1000000,178000
2025-12-17,3413,358080000,437000000,42000000,4000000,14040000,9360000
2025-12-17,8996,164000000,87453000,6000000,110000000,6000000,15000000
2025-12-17,2033,1000000,38000000,0,0,0,0
2025-12-17,1760,7000000,43000000,0,0,0,1000000
2025-12-17,3209,53000000,87000000,0,1497000,0,2000000
2025-12-17,00709,100000,1000000,0,0,11000000,48000000
2025-12-17,3035,492000000,1002000000,0,0,540113000,68061000
2025-12-17,6937,24000000,61000000,0,1000000,3000000,3173000
2025-12-17,6756,54000000,92000000,0,0,5000000,5209000
2025-12-17,6873,65000000,109852000,0,1180000,8281000,1195000
2025-12-17,2241,141000000,182000000,0,0,3000000,1000000
2025-12-17,3043,10000000,48189000,0,0,0,1000000
2025-12-17,6438,88000000,127000000,0,0,741000,1131000
2025-12-17,1218,81000000,117000000,0,0,1000000,5000000
2025-12-17,1225,10000000,50000000,0,0,0,0
2025-12-17,2516,2000000,43000000,0,0,1000000,0
2025-12-17,3705,33000000,71000000,0,0,2000000,4000000
2025-12-17,2460,31000000,72000000,0,0,3000000,2000000
2025-12-17,2527,53000000,97000000,0,327000,4000000,0
2025-12-17,4585,11020000,52000000,0,0,0,0
2025-12-17,4976,79000000,119000000,0,0,0,1000000
2025-12-17,2069,2000000,43000000,0,0,0,0
2025-12-17,8081,241000000,326000000,42000000,0,229000,0
2025-12-17,2514,4000000,48000000,0,0,1000000,0
2025-12-17,0051,12000,1000000,0,0,52000000,94956000
2025-12-17,6831,143000000,235000000,58000000,0,10000000,20000000
2025-12-17,00645,100000,1000000,0,0,54000000,97228000
2025-12-17,1612,165000000,207000000,0,0,33000,2664000
2025-12-17,4720,4000000,60000000,0,507000,13000000,2000000
2025-12-17,2059,146352000,212625000,13000000,147000,37307000,30618000
2025-12-17,00728,0,4000000,0,0,38153000,81005000
2025-12-17,4736,48000000,93272000,0,0,0,2000000
2025-12-17,2480,18000000,64849000,0,0,0,565000
2025-12-17,1616,183000000,228000000,0,0,1000000,3746000
2025-12-17,01009T,0,0,0,0,0,48000000
2025-12-17,3701,703200000,751000000,0,0,1000000,2000000
2025-12-17,1451,4000000,54000000,0,0,1000000,0
2025-12-17,9924,40000000,88600000,0,447000,10000000,10000000
2025-12-17,3014,227100000,352000000,177000000,100721000,4034000,4670000
2025-12-17,6477,408000000,456000000,0,0,0,1446000
2025-12-17,6657,34000000,82000000,0,0,0,2000000
2025-12-17,00736,0,0,0,0,112000000,162000000
2025-12-17,8163,174080000,203000000,0,0,24000000,45389000
2025-12-17,1466,18000000,70000000,0,0,1000000,0
2025-12-17,1783,5000000,56000000,0,0,0,0
2025-12-17,2838,1566000000,1620640000,0,40000000,48000000,4742000
2025-12-17,00690,0,6000000,0,0,358000000,404517000
2025-12-17,6781,336095000,381702000,72000000,90065000,29768000,18890000
2025-12-17,00647L,6000,7000000,0,0,5000000,51037000
2025-12-17,2038,6000000,60160000,0,0,1000000,0
2025-12-17,1227,77000000,132000000,0,0,5000000,3519000
2025-12-17,6197,272000000,190000000,0,136000000,6291000,6544000
2025-12-17,2010,134000000,204000000,0,0,16000000,831000
2025-12-17,1455,58000000,114000000,0,0,1000000,0
2025-12-17,6024,80000000,52000000,0,0,0,83000000
2025-12-17,5434,405155000,291000000,1000000,177000000,12623000,5845000
2025-12-17,3008,191783000,297825000,44000000,1338000,23790000,15840000
2025-12-17,2851,355000000,382000000,0,0,41000000,70000000
2025-12-17,2476,198000000,256000000,0,0,2477000,1091000
2025-12-17,4961,734000000,1051000000,350000000,110000000,35276000,15192000
2025-12-17,9934,29000000,77000000,0,0,6000000,16000000
2025-12-17,6141,0,59000000,0,0,0,0
2025-12-17,1720,97000000,157000000,0,0,1000000,0
2025-12-17,1723,64000000,121000000,0,0,0,2000000
2025-12-17,2535,27000000,87000000,0,0,1000000,0
2025-12-17,9940,102000000,175000000,0,0,14000000,13000
2025-12-17,2466,161000000,223000000,0,0,2000000,0
2025-12-17,6243,199000000,259000000,0,0,0,1000
2025-12-17,8222,44000000,103000000,0,0,1000000,3000000
2025-12-17,6168,114000000,178000000,0,0,1000000,0
2025-12-17,6573,12000000,79000000,0,0,3000000,0
2025-12-17,5533,2000000,67000000,0,0,1000000,0
2025-12-17,00962,0,1000000,0,0,71000000,135368000
2025-12-17,2493,127000000,192540000,0,0,0,1439000
2025-12-17,5306,3000000,70000000,0,0,0,0
2025-12-17,3380,693000000,743000000,0,0,28572000,46743000
2025-12-17,00763U,18000000,0,0,0,266171000,353586000
2025-12-17,00912,2000000,21000000,0,0,32901000,83404000
2025-12-17,1773,121400000,121000000,0,68000000,0,2046000
2025-12-17,00981T,0,9000000,0,0,591000000,651688000
2025-12-17,1515,34000000,104000000,0,0,0,0
2025-12-17,2506,0,57000000,0,0,0,13000000
2025-12-17,00635U,10307000,9500000,0,0,1151946000,1224430000
2025-12-17,1907,485000000,648000000,0,0,95000000,4704000
2025-12-17,2328,1243000000,1174000000,0,0,20000000,161876000
2025-12-17,9910,284000000,301000000,0,10166000,3771000,50407000
2025-12-17,2007,0,74000000,0,0,0,0
2025-12-17,2601,103000000,191000000,0,0,13000000,0
2025-12-17,4968,124000000,191000000,0,0,6000000,14077000
2025-12-17,00852L,0,0,0,0,577000000,652587000
2025-12-17,6472,210000000,338299000,0,378000,89446000,38715000
2025-12-17,6541,220000000,300261000,0,0,5000000,3000000
2025-12-17,1617,54000000,145000000,0,0,14000000,4293000
2025-12-17,6142,24000000,107000000,0,0,5000000,5000000
2025-12-17,3673,862000000,972000000,0,0,71650000,45002000
2025-12-17,6625,12000000,94000000,0,0,2000000,3448000
2025-12-17,2062,7000000,94000000,0,1000000,3000000,0
2025-12-17,4566,195000000,331000000,0,0,56567000,5786000
2025-12-17,00643,67000000,0,0,0,2768944000,2922118000
2025-12-17,00638R,0,0,0,0,13000000,99230000
2025-12-17,4414,159000000,253000000,0,0,22000000,14542000
2025-12-17,1603,14000000,100000000,0,2000000,1000000,0
2025-12-17,6533,32000000,120001000,0,0,12000000,11323000
2025-12-17,6491,33000000,121000000,0,0,15000000,14838000
2025-12-17,1447,35000000,123000000,0,0,0,0
2025-12-17,2390,77000000,167000000,0,0,7000000,5000000
2025-12-17,2323,3396000000,2931000000,0,0,83679000,637000000
2025-12-17,1201,8000000,98000000,0,0,5000000,4623000
2025-12-17,2707,5050000,90000000,0,0,6000000,11000000
2025-12-17,00651R,0,0,0,0,306799000,396799000
2025-12-17,6919,1217599000,1308489000,0,0,7204000,7000000
2025-12-17,3024,48000000,139000000,0,0,0,0
2025-12-17,1589,89000000,181000000,0,0,3000000,2035000
2025-12-17,00670L,2010000,2000000,0,0,160000000,252245000
2025-12-17,1444,119000000,212000000,0,0,2000000,1249000
2025-12-17,4164,288000000,380000000,0,0,17000000,18416000
2025-12-17,8104,144000000,238113000,0,0,1000000,1001000
2025-12-17,6526,59000000,152000000,1000000,0,5228000,7847000
2025-12-17,4142,281000000,373000000,0,0,5000000,9520000
2025-12-17,2355,514000000,587000000,0,0,3284000,27000000
2025-12-17,8103,476100000,578650000,0,0,5000000,0
2025-12-17,2031,61000000,156000000,0,0,2000000,5709000
2025-12-17,5531,60000000,167000000,0,0,7000000,0
2025-12-17,9911,19000000,131000000,0,0,22000000,10386000
2025-12-17,00905,11000000,101000000,0,0,713000000,725926000
2025-12-17,9902,26000000,130000000,0,0,14000000,13000000
2025-12-17,2374,752000000,858239000,0,3000000,5124000,1153000
2025-12-17,3002,130000000,240000000,0,0,8000000,6096000
2025-12-17,00735,28059000,0,0,0,75000000,213000000
2025-12-17,4770,105000000,219000000,0,0,9508000,6318000
2025-12-17,2030,1000000,112000000,0,0,1000000,1000000
2025-12-17,00901,0,3000000,0,0,431000000,540385000
2025-12-17,6226,32000000,150000000,0,0,7000000,2636000
2025-12-17,00911,607000,1000000,0,0,100000000,214332000
2025-12-17,5203,97000000,213000000,0,0,2000000,1463000
2025-12-17,3051,109000000,225000000,0,0,0,0
2025-12-17,3515,242000000,351000000,0,0,4000000,11670000
2025-12-17,7799,105000000,223000000,0,0,3000000,3000000
2025-12-17,6669,310084000,424724000,14000000,12000000,41227000,47236000
2025-12-17,2376,1052772000,1204839000,6000000,417000000,474092000,30009000
2025-12-17,1476,475258000,653094000,0,1161000,70554000,12821000
2025-12-17,1460,31000000,113000000,0,0,0,40000000
2025-12-17,6112,173000000,301000000,0,0,0,243000
2025-12-17,3622,230000000,321000000,0,0,5000000,42807000
2025-12-17,6515,329561000,341685000,0,125260000,62744000,55422000
2025-12-17,00640L,0,2000000,0,0,64000000,192132000
2025-12-17,3443,1137764000,1103759000,6000000,168000000,72119000,74310000
2025-12-17,6550,283000000,404000000,0,0,6000000,15872000
2025-12-17,00956,1000000,103000000,0,0,0,29293000
2025-12-17,6165,5000000,138000000,0,0,0,0
2025-12-17,2608,5005000,140000000,0,0,2000000,901000
2025-12-17,1618,60000000,192000000,0,0,95000,2794000
2025-12-17,00972,0,0,0,0,99000000,233894000
2025-12-17,6409,205579000,336535000,0,0,6407000,11619000
2025-12-17,1708,84000000,244000000,0,0,24100000,559000
2025-12-17,2704,0,139000000,0,0,1000000,0
2025-12-17,00954,1045000,225900000,0,0,179000000,93943000
2025-12-17,1810,48000000,180000000,0,0,4000000,12085000
2025-12-17,1464,9000000,152704000,0,0,0,0
2025-12-17,2701,3000000,150000000,0,0,2000000,0
2025-12-17,2413,1521000000,1728000000,0,0,62000000,2005000
2025-12-17,6451,103000000,245000000,0,0,2000000,7507000
2025-12-17,1309,434000000,588000000,0,0,25000000,19622000
2025-12-17,00770,2353000,13000000,0,0,73000000,211948000
2025-12-17,1414,13000000,165000000,0,1000000,0,1000000
2025-12-17,2429,66000000,221000000,0,0,5000000,4660000
2025-12-17,2101,355000000,504400000,0,0,10000000,16001000
2025-12-17,00924,1010000,0,0,0,712000000,868520000
2025-12-17,2332,1451856000,1273000000,0,0,120000000,456428000
2025-12-17,3042,915000000,974000000,0,112000000,50478000,37300000
2025-12-17,00934,0,232000000,0,0,663013000,590640000
2025-12-17,6869,53000000,213000000,0,0,4000000,4506000
2025-12-17,00892,0,155000000,0,0,551000000,557419000
2025-12-17,2426,49000000,211000000,0,0,3000000,3000000
2025-12-17,9917,111000000,95000000,0,182000000,3426000,0
2025-12-17,00685L,0,1000000,0,0,112558000,274737000
2025-12-17,2206,215000000,303000000,0,60774000,2836000,18599000
2025-12-17,2467,1256000000,1372115000,0,0,17305000,68021000
2025-12-17,9802,108000000,263000000,0,0,17000000,33717000
2025-12-17,2820,135000000,311000000,0,0,2000000,0
2025-12-17,2207,201000000,660881000,295000000,1000000,5000000,16666000
2025-12-17,1727,162000000,344000000,0,0,2000000,1923000
2025-12-17,1103,36000000,220000000,0,0,2000000,0
2025-12-17,00666R,0,0,0,0,103000000,287200000
2025-12-17,2547,144000000,302000000,0,0,7000000,35002000
2025-12-17,00917,2000000,112000000,0,0,57000000,139088000
2025-12-17,4536,111000000,298000000,0,0,3000000,9644000
2025-12-17,2228,568000000,758000000,0,0,15000000,20001000
2025-12-17,1449,211000000,412400000,0,0,12000000,9776000
2025-12-17,3010,657000000,1322000000,448000000,0,39020000,22658000
2025-12-17,2340,1630000000,2876000000,0,0,1078115000,34517000
2025-12-17,2607,1115000000,722500000,0,601000000,2000000,0
2025-12-17,6768,121000000,279000000,0,10000000,1094000,40409000
2025-12-17,1718,447000000,589000000,0,0,9000000,78176000
2025-12-17,1904,185000000,373000000,0,14725000,37000000,46087000
2025-12-17,2723,204000000,416000000,0,0,0,0
2025-12-17,3694,231000000,443000000,0,0,1000000,3914000
2025-12-17,1795,815384000,996000000,3000000,0,96666000,149741000
2025-12-17,00708L,5020000,0,0,0,981877000,1219453000
2025-12-17,00963,4000000,56000000,0,0,150000000,332100000
2025-12-17,4739,189000000,383000000,1000000,0,2533000,46169000
2025-12-17,2305,78000000,316000000,0,0,2000000,1000000
2025-12-17,2208,273000000,503000000,0,2000000,3000000,9000000
2025-12-17,3714,229000000,422000000,0,0,40000000,85111000
2025-12-17,4306,231000000,479100000,0,0,9000000,0
2025-12-17,2103,495000000,737000000,0,0,3000000,2842000
2025-12-17,00910,7000000,3021000,0,0,10000000,255997000
2025-12-17,8215,66000000,320000000,0,0,7000000,3000000
2025-12-17,1514,399280000,624079000,0,0,12000000,38210000
2025-12-17,00903,4000000,139000000,0,0,150196000,269113000
2025-12-17,2201,1419000000,1663000000,0,7000000,102409000,105454000
2025-12-17,2108,36000000,285000000,0,0,1000000,6294000
2025-12-17,8105,181000000,440000000,0,0,2000000,1000000
2025-12-17,2360,1610018000,1760225000,4000000,86000000,17044000,47661000
2025-12-17,2630,92000000,345000000,0,0,2000000,16611000
2025-12-17,2511,163000000,435000000,0,0,4000000,0
2025-12-17,2612,689000000,1136000000,0,0,205630000,27818000
2025-12-17,6890,87000000,271051000,0,0,9000000,97518000
2025-12-17,2049,893270000,1568000000,0,1285000,433036000,30178000
2025-12-17,009812,8000000,1000000,0,0,972000000,1252367000
2025-12-17,2401,560000000,936000000,0,0,124000000,21541000
2025-12-17,1528,413000000,688000000,0,0,3000000,5000000
2025-12-17,1229,328045000,611500000,0,2000000,34718000,28487000
2025-12-17,6901,49000000,335000000,0,0,5000000,3000000
2025-12-17,6830,412000000,674000000,0,0,26031000,48862000
2025-12-17,00865B,283000000,0,0,0,395000000,968536000
2025-12-17,1477,1689000000,716000000,42000000,1313064000,51931000,44405000
2025-12-17,2392,241000000,522000000,0,0,21000000,30774000
2025-12-17,2338,246000000,526000000,0,0,24000000,36706000
2025-12-17,2106,146000000,445000000,0,0,11000000,5179000
2025-12-17,6176,3328870000,1009000000,4000000,2601217000,61012000,80485000
2025-12-17,1513,1032344000,828000000,278000000,594200000,14716000,200788000
2025-12-17,2913,63000000,339000000,0,0,9000000,34000000
2025-12-17,00692,4000000,72000000,0,0,228300000,472072000
2025-12-17,2395,1379148000,1689520000,5000000,8000000,16000000,15950000
2025-12-17,2258,36000000,386000000,0,0,34000000,939000
2025-12-17,6426,1854000000,2199100000,0,0,29206000,4459000
2025-12-17,1529,149000000,464000000,0,0,3000000,12217000
2025-12-17,2404,2923867000,3511482000,550000000,272452000,366713000,385862000
2025-12-17,1714,126000000,398000000,0,0,2000000,69000000
2025-12-17,3712,86000000,405000000,0,0,8000000,30489000
2025-12-17,2362,246000000,587000000,0,0,3000000,5029000
2025-12-17,3607,109000000,451000000,0,0,13000000,20000000
2025-12-17,00757,61069000,306000000,0,300000000,1008000000,817330000
2025-12-17,5871,9755905000,8038945000,1112000000,3275130000,136120000,48270000
2025-12-17,00909,12002000,315260000,0,0,232000000,287259000
2025-12-17,2444,40000000,411000000,0,0,2000000,2000
2025-12-17,6589,112000000,483000000,0,0,6000000,5000000
2025-12-17,1104,205000000,594000000,0,0,17000000,0
2025-12-17,6691,493245000,817950000,0,8000000,10367000,53741000
2025-12-17,4764,755000000,1103000000,0,0,3449000,32000000
2025-12-17,9938,284000000,617000000,0,15000000,18000000,47638000
2025-12-17,1736,81200000,389000000,0,59000000,13000000,24612000
2025-12-17,3592,1334000000,1009000000,330000000,1047280000,3982000,1977000
2025-12-17,3135,435000000,812000000,0,0,1000000,16000000
2025-12-17,00674R,0,0,0,0,206435000,602149000
2025-12-17,00935,19000000,336000000,0,0,776738000,857475000
2025-12-17,6753,61000000,440000000,0,0,11000000,31932000
2025-12-17,6278,1269000000,397000000,0,1254000000,18547000,40066000
2025-12-17,2646,1138520000,1569000000,0,0,22000000,4000000
2025-12-17,3563,116600000,522500000,0,0,27671000,36891000
2025-12-17,2204,551000000,960000000,0,4670000,2933000,7079000
2025-12-17,00904,11000000,212000000,0,0,342871000,562171000
2025-12-17,00952,1000000,58000000,0,0,462475000,834505000
2025-12-17,2520,7018000000,2181570000,0,5446000000,235680000,58002000
2025-12-17,3653,883909000,938482000,0,286521000,89630000,184323000
2025-12-17,3545,309010000,767000000,0,4000000,23912000,7967000
2025-12-17,3016,1296000000,1838000000,0,0,89550000,7843000
2025-12-17,5388,1220000000,302000000,0,1077000000,20414000,333695000
2025-12-17,1710,228000000,704000000,0,0,10000000,8203000
2025-12-17,3023,491000000,981000000,62000000,45000000,4526000,6994000
2025-12-17,2034,73880000,534000000,0,0,14001000,30000000
2025-12-17,6152,357049000,833000000,0,0,8000000,9242000
2025-12-17,00631L,302115000,28000000,0,0,676375000,1433067000
2025-12-17,6806,82398000,552000000,0,0,0,14165000
2025-12-17,1305,131000000,611000000,0,0,2000000,6006000
2025-12-17,9921,472000000,929290000,0,20000000,27000000,33798000
2025-12-17,1313,601000000,1070000000,0,0,14000000,31000000
2025-12-17,3704,391000000,883000000,0,0,1000000,1693000
2025-12-17,1587,1703000000,2214000000,0,0,14102000,1517000
2025-12-17,1808,1107000000,1605500000,0,0,3000000,5000000
2025-12-17,1308,135000000,638000000,0,0,14000000,16488000
2025-12-17,00971,13000000,0,0,0,336000000,861798000
2025-12-17,2457,616000000,1235000000,0,0,213952000,111203000
2025-12-17,4989,717050000,1236568000,0,0,3000000,2000000
2025-12-17,3167,963000000,1485029000,0,0,12000000,8936000
2025-12-17,1440,195000000,806000000,0,0,118000000,28492000
2025-12-17,3011,197000000,732000000,0,0,11000000,9552000
2025-12-17,1442,5407000000,2011000000,0,3890000000,7210000,53154000
2025-12-17,6446,224788000,765054000,2000000,3000000,23485000,31235000
2025-12-17,6923,147000000,709000000,0,0,7000000,12777000
2025-12-17,3060,6626000000,7232000000,0,0,29000000,5558000
2025-12-17,6757,1909010000,994000000,0,1583000000,67000000,17966000
2025-12-17,3017,1028620000,1273288000,26000000,260000000,46301000,186968000
2025-12-17,2855,888000000,1501500000,0,10000000,0,0
2025-12-17,5284,309050000,930000000,0,0,22116000,32080000
2025-12-17,2489,1011000000,1602279000,0,0,38000000,81000000
2025-12-17,2887I,927000000,1567000000,0,0,0,0
2025-12-17,2385,2083600000,1476845000,5000000,1332618000,121373000,41941000
2025-12-17,8926,237000000,884000000,0,0,8000000,7539000
2025-12-17,8021,5719000000,6404050000,22000000,1000000,4000000,11000000
2025-12-17,2645,350000000,1036000000,0,1000000,39000000,24908000
2025-12-17,4916,1140000000,1793000000,0,0,1000000,23285000
2025-12-17,4906,1156000000,1766000000,0,0,46930000,114184000
2025-12-17,2412,2000381000,2846934000,38000000,31000000,231000000,75315000
2025-12-17,00706L,2000000,1000000,0,0,1214000000,1901624000
2025-12-17,6415,1323305000,2204656000,212000000,0,55323000,72904000
2025-12-17,4722,291000000,984000000,0,1000000,36000000,31077000
2025-12-17,4956,489000000,1190000000,0,0,11000000,1168000
2025-12-17,3050,578000000,1273000000,0,0,2000000,10000000
2025-12-17,4977,858000000,1483000000,0,0,1000000,102565000
2025-12-17,2342,1006000000,1743000000,0,0,7009000,6203000
2025-12-17,1314,4462500000,4277000000,0,0,464000000,1393327000
2025-12-17,006208,89909000,181070000,0,0,673606000,1352346000
2025-12-17,00984A,279000000,85000000,0,0,2950966000,3919302000
2025-12-17,3005,1637100000,1347500000,3000000,980000000,49892000,151518000
2025-12-17,9941,501000000,1522300000,223000000,1000000,52408000,48631000
2025-12-17,4532,213000000,995000000,0,0,1000000,21874000
2025-12-17,3376,914000000,1392862000,0,0,26661000,357175000
2025-12-17,3189,2538010000,3059800000,0,3000000,97000000,402370000
2025-12-17,3036,5801000000,9687910000,4359000000,1235000000,129084000,196562000
2025-12-17,3532,744000000,1488000000,0,0,55280000,144287000
2025-12-17,9933,241000000,1086165000,3000000,0,16150000,7897000
2025-12-17,2368,2152624000,2747471000,51000000,128000000,157711000,320101000
2025-12-17,2441,6098100000,9356010000,1583000000,4000000,1080029000,246694000
2025-12-17,6442,683644000,1670216000,172000000,63000000,105582000,86985000
2025-12-17,6153,328000000,1277000000,0,0,56000000,3718000
2025-12-17,3305,5213045000,5912000000,0,0,79000000,313257000
2025-12-17,00675L,6000000,30000000,0,0,296166000,1214680000
2025-12-17,1310,172000000,1112000000,0,0,14000000,27019000
2025-12-17,4526,482000000,1438000000,0,0,0,4969000
2025-12-17,2614,89000000,1046260000,0,3000000,0,1000000
2025-12-17,1905,217000000,1205000000,0,0,46000000,48669000
2025-12-17,2492,697000000,1787000000,1000000,0,190108000,94299000
2025-12-17,2915,723000000,1684000000,0,53000000,23156000,6000000
2025-12-17,3090,2110000000,3146445000,0,145000000,191271000,14244000
2025-12-17,1611,1148325000,2171752000,0,0,9000000,12042000
2025-12-17,2023,300000000,1340000000,0,0,41000000,33000000
2025-12-17,1434,203000000,1252000000,0,37000000,17000000,4665000
2025-12-17,00894,20000000,59000000,0,0,541000000,1581085000
2025-12-17,00662,26066000,14000000,0,0,436000000,1542295000
2025-12-17,3013,610500000,1504020000,0,150000000,34000000,100683000
2025-12-17,9914,848140000,2038000000,0,0,132000000,54809000
2025-12-17,2388,1761071000,2041000000,0,0,185001000,1042344000
2025-12-17,2393,8567200000,2093000000,186000000,7940870000,175000000,49092000
2025-12-17,1402,3051000000,3299194000,0,916000000,39107000,32394000
2025-12-17,1909,492000000,1233000000,0,0,15000000,433000000
2025-12-17,2897,1798000000,3059000000,0,0,70000000,0
2025-12-17,3450,1654000000,2864000000,0,1000000,87113000,67171000
2025-12-17,00922,71091000,259000000,0,0,1950851000,2985559000
2025-12-17,6706,1480000000,2743000000,0,0,41366000,48843000
2025-12-17,00953B,9119000000,381000000,0,0,8532000000,18545297000
2025-12-17,00881,88300000,1953000000,0,0,3723018000,3152870000
2025-12-17,1101,11547000000,13301000000,10000000,0,886915000,447500000
2025-12-17,2357,1647580000,7270126000,4627000000,363694000,133559000,113215000
2025-12-17,8028,699113000,2027000000,0,22000000,148563000,142178000
2025-12-17,5876,5544028000,4871000000,0,2230974000,319000000,110032000
2025-12-17,2449,6725045000,6239008000,22000000,1454000000,309749000,738141000
2025-12-17,6505,2671090000,4346000000,538000000,12401000,468028000,719331000
2025-12-17,1312,1111000000,2478000000,0,0,253142000,290073000
2025-12-17,1210,619000000,2332000000,351000000,28000000,31000000,49896000
2025-12-17,2104,897000000,2323000000,0,0,35000000,23090000
2025-12-17,1519,1155968000,2520761000,33000000,556000,143135000,246318000
2025-12-17,2014,1931000000,3569000000,0,0,557032000,395975000
2025-12-17,2634,756000000,1698000000,0,2000000,114000000,702073000
2025-12-17,00641R,0,0,0,0,1152603000,2690000000
2025-12-17,2402,2032000000,3668000000,0,0,209343000,135907000
2025-12-17,1722,1342000000,1663651000,0,1237000000,8105000,20079000
2025-12-17,3062,727000000,2312000000,0,0,1001000,2808000
2025-12-17,6257,3242000000,1381000000,0,3239000000,119000000,342288000
2025-12-17,00632R,100000000,0,0,0,8094978000,9804629000
2025-12-17,2912,512180000,2059017000,0,66801000,107000000,136577000
2025-12-17,3706,1486110000,3091200000,6000000,0,189629000,282454000
2025-12-17,6282,7506050000,8657000000,2000000,0,181212000,728635000
2025-12-17,00896,113000000,146000000,0,0,739050000,2467021000
2025-12-17,1608,510000000,2283000000,0,2000000,11122000,25352000
2025-12-17,4904,2030037000,3751988000,32000000,120000000,98624000,114596000
2025-12-17,2485,18968256000,21204000000,0,0,953835000,552631000
2025-12-17,2903,1297000000,7177000000,3854000000,11000000,189000000,4000000
2025-12-17,2481,1274000000,2619220000,0,27000000,110000000,591010000
2025-12-17,2377,1368020000,3120417000,6000000,17000000,79399000,180644000
2025-12-17,6285,1203033000,3233000000,61000000,8000000,163446000,162681000
2025-12-17,00882,17010000,184000000,0,0,497075000,2320191000
2025-12-17,1304,698000000,2720000000,0,0,65000000,42106000
2025-12-17,00830,92059000,1077000000,0,0,727000000,1765078000
2025-12-17,00663L,221000000,105000000,0,0,480381000,2668250000
2025-12-17,1609,236058000,2877150000,2000000,6760000,470000000,103201000
2025-12-17,2615,2430640000,4843000000,0,1797000,890712000,786077000
2025-12-17,1215,790000000,5504000000,2116000000,2000000,62000000,73488000
2025-12-17,8046,3581103000,4998782000,2000000,1008000000,243271000,458126000
2025-12-17,2211,1350000000,6304000000,2260000000,4000000,30000000,54560000
2025-12-17,00891,167000000,1305000000,0,0,1227275000,2865200000
2025-12-17,009803,46000000,0,0,0,2032000000,4906328000
2025-12-17,2633,1151000000,4019000000,0,17760000,40545000,109000000
2025-12-17,2327,5281335000,7855661000,72000000,127000000,361567000,694867000
2025-12-17,9105,3339000000,6338000000,0,0,0,765000
2025-12-17,3711,7202729000,10141796000,145000000,428000000,387885000,218175000
2025-12-17,2356,2178010000,6820000000,24000000,54000000,1653680000,136443000
2025-12-17,2331,1842000000,4846000000,0,0,77000000,303083000
2025-12-17,1717,484000000,3604000000,0,0,72000000,247410000
2025-12-17,4938,4528000000,8285500000,2522000000,2741000000,672000000,109574000
2025-12-17,2006,3431900000,7074925000,2000000,45950000,229070000,61717000
2025-12-17,9907,650000000,7178000000,2849000000,0,8000000,26617000
2025-12-17,2308,5328578000,10005606000,102000000,362000000,1934400000,696403000
2025-12-17,0056,2716324000,4822145000,0,0,1443926000,3196276000
2025-12-17,3037,5963379000,10742162000,457000000,0,910796000,551734000
2025-12-17,00980A,121000000,473000000,0,0,2407000000,6178346000
2025-12-17,2885,21339010000,22964797000,0,3074726000,1031220000,663903000
2025-12-17,3045,2166170000,6798735000,242000000,17000000,223631000,217577000
2025-12-17,2330,13036594000,22412376000,572000000,300199000,4793215000,601033000
2025-12-17,00985A,187400000,192000000,0,0,2692000000,7704466000
2025-12-17,00671R,0,0,0,0,3728000000,9052000000
2025-12-17,1326,4259000000,9724055000,0,16000000,400689000,385954000
2025-12-17,3576,3692750000,9571000000,0,0,25020000,54898000
2025-12-17,2515,4679000000,10545000000,0,0,37000000,239009000
2025-12-17,2409,8174000000,13902010000,43000000,130000000,129784000,464439000
2025-12-17,1802,12698030000,17722100000,0,0,640116000,2247483000
2025-12-17,1301,3786000000,10943134000,0,0,1006000000,504807000
2025-12-17,1102,5503000000,14598000000,7231000000,4923511000,78083000,96021000
2025-12-17,2105,2467050000,8194000000,4000000,1204721000,55930000,154337000
2025-12-17,1605,13132100000,19380000000,30000000,41000000,1604809000,2544475000
2025-12-17,2347,10894000000,12594000000,9000000,6249490000,505401000,201250000
2025-12-17,00982A,316145000,1086000000,0,0,10933605000,18395763000
2025-12-17,2352,4897000000,13649040000,15000000,125000000,142884000,121495000
2025-12-17,3702,5103000000,18753450000,6330000000,1925000000,201883000,176520000
2025-12-17,00642U,27094000,0,0,0,1658000000,11346413000
2025-12-17,2353,3944150000,10168500000,21000000,4268000000,933897000,392444000
2025-12-17,00988A,121000000,562000000,0,0,666000000,10434000000
2025-12-17,6005,4943000000,20327000000,4899000000,1502016000,0,0
2025-12-17,2886,12804600000,26492000000,986000000,84094000,544997000,222758000
2025-12-17,3231,5277428000,17452526000,33000000,134000000,185000000,479978000
2025-12-17,00712,269000000,13366000000,0,0,3688999000,3245182000
2025-12-17,2371,16387005000,20243500000,3000000,8973000000,251228000,580172000
2025-12-17,2002,2888200000,18527000000,13000000,2000000,1889000000,77585000
2025-12-17,2312,7723000000,19677000000,0,24000000,432000000,3580670000
2025-12-17,00918,1539000000,2980000000,0,0,5008094000,20674278000
2025-12-17,2027,4364500000,28231385000,6780000000,0,274383000,543248000
2025-12-17,2317,12077013000,40186943000,351000000,99125000,8850880000,348985000
2025-12-17,0052,2644950000,65000000,0,0,3055000000,27138827000
2025-12-17,0050,11057940000,35557811000,0,1000000000,26563851000,24875466000
2025-12-17,00715L,387000000,3000000,0,0,6441076000,37367557000
2025-12-17,2382,8209391000,44248361000,71000000,224719000,1581000000,1407667000
2025-12-17,3481,23285500000,59876699000,53000000,117000000,1265180000,797283000
2025-12-17,00981A,1712997000,3193000000,0,0,12381000000,76294314000
2025-12-17,00679B,28895000000,56614000000,0,0,41852323000,16439000000
2025-12-17,00687B,25345000000,1003200000,0,0,7581411000,15336000000
2025-12-17,00687C,0,0,0,0,50600000,51600000
2025-12-17,00694B,370000000,0,0,0,148264000,459921000
2025-12-17,00695B,258000000,5000000,0,0,314850000,414000000
2025-12-17,00696B,1906000000,0,0,0,2426417000,4094010000
2025-12-17,00697B,31000000,3000000,0,0,169048000,220439000
2025-12-17,00719B,300000000,117500000,0,0,241761000,170212000
2025-12-17,00720B,694000000,185000000,0,0,2276400000,507631000
2025-12-17,00722B,74000000,9000000,0,0,4482518000,4371361000
2025-12-17,00723B,64000000,0,0,0,100113000,160000000
2025-12-17,00724B,174000000,9000000,0,0,3536590000,3690113000
2025-12-17,00725B,1375000000,38000000,0,0,851000000,1598407000
2025-12-17,00726B,5000000,2000000,0,0,195675000,215792000
2025-12-17,00727B,0,0,0,0,103665000,101647000
2025-12-17,00740B,1408000000,5000000,0,0,1297000000,2416068000
2025-12-17,00741B,91000000,0,0,0,200468000,200000000
2025-12-17,00746B,469000000,0,0,0,232043000,683131000
2025-12-17,00749B,0,0,0,0,100000000,100000000
2025-12-17,00750B,0,0,0,0,100000000,101000000
2025-12-17,00751B,52000000,948000000,220000000,0,350419000,836000000
2025-12-17,00754B,4000000,1000000,0,0,100000000,105640000
2025-12-17,00755B,1000000,0,0,0,100048000,100000000
2025-12-17,00756B,50000000,0,0,0,111000000,179000000
2025-12-17,00758B,0,0,0,0,100000000,100022000
2025-12-17,00759B,0,0,0,0,100000000,100021000
2025-12-17,00760B,50000000,1000000,0,0,4447000,51180000
2025-12-17,00761B,425000000,3000000,0,0,98052000,445000000
2025-12-17,00764B,119000000,3000000,0,0,11371051000,11143464000
2025-12-17,00768B,4000000,36000000,0,0,918299000,832604000
2025-12-17,00772B,3121000000,38000000,0,0,918271000,2639512000
2025-12-17,00773B,443000000,0,0,0,221566000,364088000
2025-12-17,00777B,1000000,1000000,0,0,100000000,101000000
2025-12-17,00778B,1000000,0,0,0,100000000,101000000
2025-12-17,00779B,68000000,0,0,0,301000000,367000000
2025-12-17,00780B,37000000,1000000,0,0,100000000,125000000
2025-12-17,00781B,0,0,0,0,100000000,112000000
2025-12-17,00782B,0,1000000,0,0,161032000,101000000
2025-12-17,00785B,4000000,1000000,0,0,102000000,105000000
2025-12-17,00786B,0,504000000,0,0,735000000,23000000
2025-12-17,00787B,1000000,199000000,0,0,253025000,42000000
2025-12-17,00788B,0,244000000,0,0,410116000,154000000
2025-12-17,00789B,10000000,0,0,0,100000000,100000000
2025-12-17,00791B,0,1000000,0,0,100000000,100000000
2025-12-17,00792B,1000000,1000000,0,0,100034000,104000000
2025-12-17,00793B,0,0,0,0,100000000,100000000
2025-12-17,00795B,4329000000,159000000,0,0,2406220000,2880000000
2025-12-17,00799B,0,0,0,0,199000000,273200000
2025-12-17,00834B,0,0,0,0,101000000,100000000
2025-12-17,00836B,67000000,0,0,0,201000000,307150000
2025-12-17,00840B,0,0,0,0,100000000,100000000
2025-12-17,00841B,0,0,0,0,100000000,100000000
2025-12-17,00842B,0,0,0,0,1000000,0
2025-12-17,00844B,6000000,0,0,0,0,0
2025-12-17,00845B,0,0,0,0,102000000,100000000
2025-12-17,00846B,0,0,0,0,104000000,100000000
2025-12-17,00847B,0,0,0,0,201000000,200000000
2025-12-17,00848B,0,0,0,0,200000000,200000000
2025-12-17,00849B,0,0,0,0,200864000,200844000
2025-12-17,00853B,118000000,0,0,0,551763000,640025000
2025-12-17,00856B,0,0,0,0,1000000,8000000
2025-12-17,00857B,34000000,39000000,0,0,1410323000,1013000000
2025-12-17,00858,0,63000000,0,0,305994000,276865000
2025-12-17,00859B,514000000,103000000,0,0,2563114000,3276291000
2025-12-17,00860B,0,0,0,0,100388000,101576000
2025-12-17,00862B,105000000,1000000,0,0,203051000,300000000
2025-12-17,00863B,29000000,0,0,0,205000000,230000000
2025-12-17,00864B,278000000,31000000,0,0,219000000,309750000
2025-12-17,00870B,1000000,0,0,0,0,0
2025-12-17,00877,2334000000,98000000,0,0,1294501000,2473382000
2025-12-17,00883B,0,0,0,0,202362000,201000000
2025-12-17,00884B,0,0,0,0,200000000,200263000
2025-12-17,00886,0,0,0,0,1070000,0
2025-12-17,00887,2697000000,29000000,0,0,3462224000,3332375000
2025-12-17,00888,1000000,40000000,0,0,258038000,243834000
2025-12-17,00890B,52000000,3000000,0,0,331000000,350000000
2025-12-17,00928,0,13000000,0,0,637219000,622012000
2025-12-17,00931B,817000000,31000000,0,0,2322931000,829266000
2025-12-17,00933B,3368000000,2000000,0,0,2340324000,2612616000
2025-12-17,00937B,13532000000,3782000000,0,0,11590029000,13799962000
2025-12-17,00942B,1259000000,0,0,0,501312000,944833000
2025-12-17,00948B,5751000000,0,0,0,1346594000,4895006000
2025-12-17,00950B,3502000000,0,0,0,511641000,2350000000
2025-12-17,00955,116000000,342000000,0,0,442000000,6746500000
2025-12-17,00957B,0,0,0,0,952009000,907190000
2025-12-17,00958B,0,13000000,0,0,1290000000,600000000
2025-12-17,00959B,54000000,114000000,0,0,696600000,478000000
2025-12-17,00966B,0,10000000,0,0,1178900000,1182363000
2025-12-17,00967B,102000000,1000000,0,0,448182000,623000000
2025-12-17,00968B,0,1362000000,0,0,1179035000,161000000
2025-12-17,00969B,17000000,9000000,0,0,923341000,168000000
2025-12-17,00970B,1516000000,0,0,0,2147000000,1350176000
2025-12-17,00980B,0,0,0,0,48000000,56225000
2025-12-17,00980D,13000000,0,0,0,1031000000,955997000
2025-12-17,00980T,0,10000000,0,0,808000000,579781000
2025-12-17,00981B,576000000,922000000,0,0,3013285000,22303268000
2025-12-17,00981D,1831000000,0,0,0,2997000000,7334352000
2025-12-17,00982B,0,0,0,0,1000000,0
2025-12-17,00983B,0,0,0,0,2521000000,2528281000
2025-12-17,00984B,0,25000000,0,0,1021344000,1165499000
2025-12-17,00986B,0,0,0,0,29000000,4000000
2025-12-17,1240,0,1000000,0,0,0,0
2025-12-17,1264,0,1000000,0,0,0,0
2025-12-17,1268,0,1000000,0,0,0,0
2025-12-17,1294,0,1000000,0,0,0,0
2025-12-17,1295,36000000,12000000,0,0,0,9000
2025-12-17,1336,5000000,10000000,0,0,0,0
2025-12-17,1565,45000000,52000000,0,0,19000000,2188000
2025-12-17,1569,62000000,137000000,0,0,0,535000
2025-12-17,1570,24000000,32000000,0,0,0,0
2025-12-17,1580,5000000,1000000,0,0,0,0
2025-12-17,1584,145000000,2000000,0,0,0,0
2025-12-17,1586,132000000,87000000,0,0,0,0
2025-12-17,1591,10000000,22000000,0,0,0,0
2025-12-17,1593,3000000,2000000,0,0,23000,0
2025-12-17,1595,9000000,1000000,0,0,0,0
2025-12-17,1599,2000000,0,0,0,0,0
2025-12-17,1777,6000000,9000000,0,0,0,0
2025-12-17,1781,1000000,1000000,0,0,0,0
2025-12-17,1784,77000000,263000000,0,0,44787000,12241000
2025-12-17,1785,1475200000,2765000000,0,0,97710000,121155000
2025-12-17,1796,0,4000000,0,0,0,0
2025-12-17,1799,25000000,17000000,0,0,0,417000
2025-12-17,1815,4074038000,3567000000,0,0,21761000,42685000
2025-12-17,02001B,0,0,0,0,1000000,0
2025-12-17,2035,0,13000000,0,0,0,0
2025-12-17,2061,25000000,27000000,0,0,0,0
2025-12-17,2064,0,2000000,0,0,0,0
2025-12-17,2065,6000000,1000000,0,0,0,0
2025-12-17,2066,2000000,0,0,0,0,0
2025-12-17,2067,7000000,0,0,0,0,0
2025-12-17,2070,5000000,0,0,0,0,0
2025-12-17,2221,1000000,0,0,0,0,0
2025-12-17,2230,90000000,113000000,0,0,32000000,32163000
2025-12-17,2235,0,1000000,0,0,0,0
2025-12-17,2596,32000000,2000000,0,0,0,0
2025-12-17,2640,3000000,0,0,15000000,0,0
2025-12-17,2641,1158000000,806000000,0,0,18000000,102000
2025-12-17,2643,1000000,1000000,0,0,0,0
2025-12-17,2718,12000000,5000000,0,0,6000,897000
2025-12-17,2726,9000000,7000000,0,0,0,0
2025-12-17,2732,4000000,1000000,0,0,0,1000000
2025-12-17,2734,5000000,1000000,0,0,312000,0
2025-12-17,2736,0,8000000,0,0,0,0
2025-12-17,2740,0,2000000,0,0,0,0
2025-12-17,2743,35000000,19000000,0,0,913000,40000
2025-12-17,2745,26000000,14000000,0,0,5200000,0
2025-12-17,2751,0,1000000,0,0,0,0
2025-12-17,2754,8000000,1000000,0,0,0,0
2025-12-17,2755,0,1000000,0,0,0,1000000
2025-12-17,2756,9000000,0,0,0,0,0
2025-12-17,2916,5000000,1000000,0,0,0,0
2025-12-17,2924,0,2000000,0,0,0,0
2025-12-17,2926,1000000,0,0,0,0,0
2025-12-17,2947,0,1000000,0,0,0,0
2025-12-17,3064,0,0,0,0,0,213000
2025-12-17,3066,6000000,0,0,0,0,0
2025-12-17,3071,14000000,3000000,0,0,0,0
2025-12-17,3073,169000000,155000000,0,0,0,0
2025-12-17,3078,679000000,461000000,0,256000000,4000000,20412000
2025-12-17,3081,2035000000,3104000000,198000000,0,491013000,260894000
2025-12-17,3083,22000000,3000000,0,0,0,0
2025-12-17,3086,59000000,69000000,0,0,1084000,2532000
2025-12-17,3088,121000000,68000000,0,0,70000,50000
2025-12-17,3093,4000000,0,0,0,0,0
2025-12-17,3095,0,0,0,0,161000,0
2025-12-17,3105,5384010000,4406100000,5000000,0,201736000,608532000
2025-12-17,3114,11000000,4000000,0,0,0,0
2025-12-17,3118,0,1000000,0,0,0,0
2025-12-17,3122,5000000,11000000,0,0,127000,0
2025-12-17,3128,289000000,84000000,0,0,0,0
2025-12-17,3131,70000000,305000000,0,137000000,58900000,96497000
2025-12-17,3141,120000000,108000000,0,0,351000,25000
2025-12-17,3147,15000000,27000000,0,0,2000000,1807000
2025-12-17,3152,327000000,315185000,0,0,50640000,8000000
2025-12-17,3158,0,24000000,0,0,0,0
2025-12-17,3162,544000000,232000000,0,0,1000000,1885000
2025-12-17,3163,380000000,200160000,0,0,20000000,49466000
2025-12-17,3169,84000000,23000000,0,0,4608000,127000
2025-12-17,3171,6000000,6000000,0,0,220000,1000000
2025-12-17,3176,57000000,65000000,0,0,0,0
2025-12-17,3188,81000000,142000000,0,0,0,0
2025-12-17,3191,3000000,0,0,0,0,0
2025-12-17,3205,72000000,9000000,0,0,0,0
2025-12-17,3206,3000000,5000000,0,0,0,0
2025-12-17,3207,44000000,84000000,0,0,0,2568000
2025-12-17,3211,6909000000,3669000000,2446000000,374000000,306539000,91759000
2025-12-17,3213,134000000,129000000,0,0,9601000,5949000
2025-12-17,3217,154506000,117000000,120000000,0,22000000,2982000
2025-12-17,3218,32000000,26000000,0,0,1106000,1003000
2025-12-17,3219,54000000,106000000,0,0,1000000,1169000
2025-12-17,3221,96000000,6000000,0,0,0,0
2025-12-17,3224,9000000,3000000,0,0,0,0
2025-12-17,3227,561000000,574000000,22000000,100000000,77000000,36327000
2025-12-17,3228,37000000,51000000,0,0,2702000,2965000
2025-12-17,3230,48000000,28000000,0,0,5464000,5153000
2025-12-17,3232,5000000,0,0,0,270000,0
2025-12-17,3234,189000000,95000000,0,0,0,0
2025-12-17,3236,2071000000,530000000,0,0,0,0
2025-12-17,3252,0,1000000,0,0,0,0
2025-12-17,3260,7981100000,5212019000,2666000000,176000000,1514480000,314656000
2025-12-17,3264,1929000000,1434000000,0,282000000,111773000,1740246000
2025-12-17,3265,131000000,246000000,0,0,3000000,517000
2025-12-17,3268,2000000,0,0,0,0,0
2025-12-17,3272,2000000,9000000,0,0,0,0
2025-12-17,3276,26000000,21000000,0,0,0,0
2025-12-17,3284,16000000,30000000,0,0,0,0
2025-12-17,3285,1000000,0,0,0,15000,0
2025-12-17,3287,5000000,25000000,0,0,0,198000
2025-12-17,3288,0,0,0,0,100000,0
2025-12-17,3289,137000000,65000000,0,0,4879000,1349000
2025-12-17,3290,121081000,143000000,0,0,3094000,93206000
2025-12-17,3293,147288000,455400000,0,10000000,132000000,158265000
2025-12-17,3294,159000000,105000000,0,0,2000000,2302000
2025-12-17,3297,118000000,78000000,0,0,0,329000
2025-12-17,3303,8000000,7000000,0,0,0,0
2025-12-17,3306,58000000,216000000,0,0,0,45000
2025-12-17,3310,15000000,5000000,0,0,9000,15000000
2025-12-17,3313,73000000,30000000,0,0,0,0
2025-12-17,3317,125000000,35000000,0,0,1546000,618000
2025-12-17,3322,496000000,485000000,0,0,0,0
2025-12-17,3323,2388000000,1574000000,0,0,18072000,1965000
2025-12-17,3324,524729000,554000000,0,0,72941000,52400000
2025-12-17,3325,7000000,0,0,0,0,1000
2025-12-17,3332,16000000,9000000,0,0,0,0
2025-12-17,3339,113000000,92000000,0,0,5000000,5000000
2025-12-17,3349,472000000,15000000,0,0,15000,0
2025-12-17,3354,41000000,16000000,0,0,0,0
2025-12-17,3357,305000000,145000000,0,0,78778000,9308000
2025-12-17,3360,2000000,8000000,0,0,0,2000
2025-12-17,3362,242000000,58000000,0,0,3766000,2088000
2025-12-17,3363,252100000,68000000,0,0,5020000,27000000
2025-12-17,3372,236000000,76000000,0,0,36000000,572000
2025-12-17,3373,2000000,7000000,0,0,0,144000
2025-12-17,3374,639000000,689000000,0,0,289957000,34284000
2025-12-17,3379,33000000,31000000,0,0,1000000,541000
2025-12-17,3388,0,1000000,0,0,0,0
2025-12-17,3390,8000000,12000000,0,0,1000000,233000
2025-12-17,3402,450000000,629000000,0,0,55275000,7266000
2025-12-17,3426,0,1000000,0,0,0,0
2025-12-17,3430,73000000,56000000,0,0,1000000,1424000
2025-12-17,3434,97000000,42000000,0,0,0,0
2025-12-17,3438,60000000,38000000,0,0,0,0
2025-12-17,3441,55000000,24000000,0,0,0,43000
2025-12-17,3444,172000000,238000000,0,0,0,282000
2025-12-17,3455,212000000,47000000,0,0,3000000,2736000
2025-12-17,3466,45000000,396000000,0,0,1000000,0
2025-12-17,3467,0,0,0,0,32000000,0
2025-12-17,3479,78000000,145000000,0,0,0,217000
2025-12-17,3483,76000000,71000000,0,0,3979000,7020000
2025-12-17,3484,9000000,32000000,0,0,0,0
2025-12-17,3489,1000000,1000000,0,0,0,0
2025-12-17,3490,292000000,430000000,0,0,0,0
2025-12-17,3491,1117100000,1072814000,45000000,0,114992000,49625000
2025-12-17,3492,10000000,3000000,0,0,0,18000
2025-12-17,3498,74000000,224000000,0,0,1000000,20025000
2025-12-17,3499,35000000,47000000,0,0,4554000,2956000
2025-12-17,3508,0,10000000,0,0,0,0
2025-12-17,3511,66000000,15000000,0,0,91000,0
2025-12-17,3512,4000000,1000000,0,0,0,0
2025-12-17,3520,57000000,21000000,0,0,0,0
2025-12-17,3521,1000000,23000000,0,0,0,0
2025-12-17,3522,4000000,10000000,0,0,0,0
2025-12-17,3526,43000000,29000000,0,0,6927000,2005000
2025-12-17,3527,101000000,207000000,0,0,0,0
2025-12-17,3529,486099000,615631000,6000000,9200000,41496000,63763000
2025-12-17,3531,0,6000000,0,0,0,0
2025-12-17,3537,347000000,156000000,0,0,0,0
2025-12-17,3540,82000000,79000000,0,0,1000000,876000
2025-12-17,3541,0,0,0,0,0,2000
2025-12-17,3546,65000000,35000000,0,0,1001000,351000
2025-12-17,3548,112000000,90000000,0,0,1993000,1646000
2025-12-17,3551,639000000,408100000,24000000,0,8798000,69487000
2025-12-17,3552,71000000,47000000,0,0,0,6040000
2025-12-17,3555,275000000,262000000,0,0,670000,20000
2025-12-17,3556,5000000,2000000,0,0,0,0
2025-12-17,3558,34300000,44000000,0,0,1317000,1549000
2025-12-17,3564,10000000,12000000,0,0,0,3000
2025-12-17,3567,1000000,0,0,0,1000000,0
2025-12-17,3570,2000000,0,0,0,0,0
2025-12-17,3577,90000000,77000000,0,0,0,180000
2025-12-17,3580,38000000,24000000,0,0,384000,1002000
2025-12-17,3581,146000000,309000000,0,0,1002000,726000
2025-12-17,3587,55000000,80000000,0,0,1000000,3385000
2025-12-17,3594,57000000,37000000,0,0,1282000,1202000
2025-12-17,3597,3000000,8000000,0,0,0,0
2025-12-17,3609,26000000,33000000,0,0,0,0
2025-12-17,3611,4000000,12000000,0,0,7000,3000000
2025-12-17,3615,34000000,121000000,0,0,0,0
2025-12-17,3623,2000000,1000000,0,0,90000,0
2025-12-17,3624,2784000000,803000000,0,0,45554000,29000000
2025-12-17,3625,51000000,85000000,0,0,1000000,1133000
2025-12-17,3628,88000000,178000000,0,0,3000000,2219000
2025-12-17,3630,480000000,350000000,0,0,618000,331000
2025-12-17,3631,6000000,4000000,0,0,0,0
2025-12-17,3646,1000000,2000000,0,0,0,0
2025-12-17,3663,56000000,126000000,0,0,3000000,8222000
2025-12-17,3666,26000000,1000000,0,0,0,0
2025-12-17,3672,1000000,6000000,0,0,1000,0
2025-12-17,3675,97000000,44000000,0,0,7812000,8422000
2025-12-17,3680,205000000,526000000,0,0,79522000,52069000
2025-12-17,3684,25000000,50000000,0,0,0,9000000
2025-12-17,3685,22000000,5000000,0,0,0,0
2025-12-17,3687,66000000,41000000,0,0,0,0
2025-12-17,3689,443000000,143000000,0,0,21000000,3864000
2025-12-17,3691,256000000,109000000,0,0,12000000,5354000
2025-12-17,3693,41000000,53000000,0,8000000,2400000,2094000
2025-12-17,3707,1338000000,877000000,0,0,146525000,99701000
2025-12-17,3709,270000000,761000000,0,0,11165000,5641000
2025-12-17,3710,14000000,9000000,0,0,0,0
2025-12-17,3713,3000000,2000000,0,0,0,0
2025-12-17,4102,0,5000000,0,0,0,0
2025-12-17,4105,300800000,341000000,0,0,51000000,7233000
2025-12-17,4107,4000000,5000000,0,0,3000000,2002000
2025-12-17,4109,54000000,10000000,0,0,0,0
2025-12-17,4111,84000000,34000000,0,0,0,0
2025-12-17,4113,114000000,164000000,0,0,28000,0
2025-12-17,4114,118000000,353000000,0,0,3000000,2551000
2025-12-17,4116,0,1000000,0,0,0,0
2025-12-17,4121,46000000,4000000,0,0,0,0
2025-12-17,4123,364375000,307025000,0,0,203000,68936000
2025-12-17,4126,0,1000000,0,0,0,0
2025-12-17,4128,179000000,204000000,0,0,14000000,2856000
2025-12-17,4129,24000000,48000000,0,0,2000000,4494000
2025-12-17,4130,207000000,23000000,0,0,0,0
2025-12-17,4131,0,3000000,0,0,0,0
2025-12-17,4138,0,1000000,0,0,0,0
2025-12-17,4147,206000000,308000000,0,0,2000000,3684000
2025-12-17,4153,0,2000000,0,0,0,0
2025-12-17,4157,1954000000,2559000000,0,0,76000000,218000000
2025-12-17,4160,3000000,5000000,0,0,0,0
2025-12-17,4161,1000000,12000000,0,0,0,0
2025-12-17,4162,293000000,87000000,0,0,20114000,11149000
2025-12-17,4163,2000000,1000000,0,0,0,0
2025-12-17,4166,21000000,1000000,0,0,0,0
2025-12-17,4167,93000000,175000000,0,0,0,39000
2025-12-17,4168,117000000,80000000,0,0,0,0
2025-12-17,4171,14000000,4000000,0,0,0,0
2025-12-17,4173,25000000,36000000,0,0,0,0
2025-12-17,4174,268000000,172000000,0,0,1000000,976000
2025-12-17,4175,2000000,1000000,0,0,0,0
2025-12-17,4205,0,3000000,0,0,0,0
2025-12-17,4207,21000000,12000000,0,0,1000000,0
2025-12-17,4303,202000000,77000000,0,0,15060000,7061000
2025-12-17,4401,3000000,1000000,0,0,0,0
2025-12-17,4416,4000000,13000000,0,0,0,0
2025-12-17,4417,18000000,3000000,0,0,0,48424000
2025-12-17,4419,1000000,1000000,0,0,0,0
2025-12-17,4420,8000000,2000000,0,0,0,376000
2025-12-17,4432,2000000,5000000,0,0,0,0
2025-12-17,4433,11000000,0,0,0,0,0
2025-12-17,4442,0,8000000,0,0,0,4000000
2025-12-17,4502,5000000,0,0,0,0,0
2025-12-17,4503,33000000,74000000,0,0,0,373000
2025-12-17,4506,26000000,24000000,0,0,207000,0
2025-12-17,4510,157000000,92000000,0,0,53000,8197000
2025-12-17,4513,61000000,32000000,0,0,1000000,1081000
2025-12-17,4523,7000000,63000000,0,0,1000000,1171000
2025-12-17,4527,4000000,1000000,0,0,0,0
2025-12-17,4528,2000000,4000000,0,0,0,0
2025-12-17,4530,5000000,1000,0,0,0,323000
2025-12-17,4533,107000000,196000000,0,0,2000000,1090000
2025-12-17,4534,28000000,10000000,0,0,0,0
2025-12-17,4535,0,1000000,0,0,0,0
2025-12-17,4538,0,2000000,0,0,0,0
2025-12-17,4541,26000000,47000000,0,0,1000000,454000
2025-12-17,4542,0,6000000,0,0,0,5000000
2025-12-17,4543,38000000,15000000,0,0,0,0
2025-12-17,4549,23000000,33000000,0,21381000,7401000,7593000
2025-12-17,4550,0,1000000,0,0,0,0
2025-12-17,4554,1000000,6000000,0,0,0,0
2025-12-17,4558,5000000,4000000,0,0,0,0
2025-12-17,4561,9000000,1000000,0,0,71000,1000
2025-12-17,4563,8000000,17000000,0,0,0,0
2025-12-17,4568,3000000,0,0,0,0,0
2025-12-17,4577,682000000,655000000,0,0,4017000,3779000
2025-12-17,4580,10000000,10000000,0,0,0,0
2025-12-17,4702,8000000,1000000,0,0,0,0
2025-12-17,4706,1000000,3000000,0,0,0,0
2025-12-17,4707,3000000,0,0,0,0,0
2025-12-17,4711,0,1000000,0,0,0,0
2025-12-17,4714,146000000,103000000,0,0,1000,38049000
2025-12-17,4716,102000000,129000000,0,0,0,0
2025-12-17,4721,41000000,21000000,0,0,1372000,1674000
2025-12-17,4726,35000000,59000000,0,0,0,206000
2025-12-17,4728,124000000,0,0,0,0,0
2025-12-17,4729,23000000,17000000,0,0,0,0
2025-12-17,4735,0,1000000,0,0,0,1000000
2025-12-17,4741,2000000,1000000,0,0,0,0
2025-12-17,4743,203000000,981000000,0,0,44000000,38534000
2025-12-17,4744,26000000,56000000,0,0,0,0
2025-12-17,4745,7000000,5000000,0,0,0,0
2025-12-17,4749,81000000,135000000,0,0,26524000,44589000
2025-12-17,4754,0,1000000,0,0,0,0
2025-12-17,4760,36000000,77000000,0,0,15000000,8299000
2025-12-17,4768,1832500000,1226050000,0,0,57148000,54252000
2025-12-17,4772,194010000,279000000,0,0,12453000,33315000
2025-12-17,4806,0,0,0,0,0,84000
2025-12-17,4903,2581000000,3747000000,0,0,13647000,32527000
2025-12-17,4907,0,1000000,0,0,0,0
2025-12-17,4908,48000000,51000000,0,0,88000,4003000
2025-12-17,4909,3421500000,6091000000,0,0,158374000,58260000
2025-12-17,4911,8800000,2000000,0,0,0,0
2025-12-17,4923,0,1000000,0,0,0,0
2025-12-17,4931,494000000,29000000,0,0,24000000,5000000
2025-12-17,4933,19000000,33000000,0,0,0,0
2025-12-17,4939,1483000000,1089000000,0,0,1000000,769000
2025-12-17,4946,3000000,6000000,0,0,0,0
2025-12-17,4950,5000000,3000000,0,0,0,0
2025-12-17,4951,34000000,11000000,0,0,2000000,286000
2025-12-17,4953,29000000,37000000,0,0,4000000,24261000
2025-12-17,4966,174040000,593050000,107000000,32000000,36200000,49516000
2025-12-17,4971,3196477000,3450000000,0,0,91693000,129777000
2025-12-17,4972,0,2000000,0,0,0,0
2025-12-17,4973,339000000,118000000,0,0,0,0
2025-12-17,4974,111000000,43000000,0,0,841000,32000
2025-12-17,4979,2987250000,4265146000,0,68000000,86818000,148174000
2025-12-17,4991,614000000,103600000,0,0,142000000,71000000
2025-12-17,4995,0,2000000,0,0,0,0
2025-12-17,5009,397000000,500000000,0,0,75000000,124180000
2025-12-17,5011,2000000,1000000,0,0,0,0
2025-12-17,5014,6000000,1000000,0,0,0,0
2025-12-17,5201,125000000,229000000,0,0,0,0
2025-12-17,5202,78000000,103000000,0,0,0,0
2025-12-17,5206,17000000,20000000,0,0,0,0
2025-12-17,5209,3000000,6000000,0,0,0,120000
2025-12-17,5210,3000000,7000000,0,0,0,448000
2025-12-17,5211,0,2000000,0,0,0,0
2025-12-17,5213,111000000,22000000,0,0,0,0
2025-12-17,5220,4000000,0,0,0,0,0
2025-12-17,5223,0,1000000,0,0,0,0
2025-12-17,5227,4000000,19000000,0,0,649000,462000
2025-12-17,5228,0,1000000,0,0,0,0
2025-12-17,5230,1000000,11000000,0,0,0,198000
2025-12-17,5236,44000000,34000000,0,0,1382000,840000
2025-12-17,5245,1000000,9000000,0,0,0,0
2025-12-17,5251,146000000,65000000,0,0,2000000,2377000
2025-12-17,5263,89898000,113000000,0,0,157000000,14000000
2025-12-17,5272,0,2000000,0,0,0,0
2025-12-17,5274,176807000,239830000,23000000,0,19418000,8135000
2025-12-17,5278,46000000,39000000,0,0,0,1054000
2025-12-17,5287,4000000,11000000,0,0,0,0
2025-12-17,5289,1492840000,918500000,0,0,245925000,15104000
2025-12-17,5291,12000000,2000000,0,0,0,0
2025-12-17,5299,34000000,7000000,0,0,0,0
2025-12-17,5301,1000000,0,0,0,0,0
2025-12-17,5302,19000000,3000000,0,0,0,0
2025-12-17,5309,3934300000,5203070000,0,0,14061000,254211000
2025-12-17,5310,0,1000000,0,0,302000,0
2025-12-17,5312,5000000,11000000,0,0,0,0
2025-12-17,5314,495000000,1317000000,0,0,9985000,10165000
2025-12-17,5315,265000000,127000000,0,0,26000000,0
2025-12-17,5321,0,12000000,0,0,0,0
2025-12-17,5328,914020000,756000000,0,0,0,0
2025-12-17,5340,664000000,319000000,0,0,5000000,2477000
2025-12-17,5347,10567352000,4582200000,2187000000,3826000000,789409000,217625000
2025-12-17,5351,2117000000,958000000,0,0,2313000,15281000
2025-12-17,5353,4000000,2000000,0,0,14857000,15000000
2025-12-17,5355,0,23000000,0,0,0,1000
2025-12-17,5356,0,6000000,0,0,0,0
2025-12-17,5364,0,6000000,0,0,0,0
2025-12-17,5371,1293000000,608000000,0,0,38530000,987606000
2025-12-17,5381,1840000000,2030015000,0,0,3000000,16326000
2025-12-17,5386,193245000,24000000,0,0,0,0
2025-12-17,5392,242000000,269000000,0,0,1860000,502000
2025-12-17,5398,132000000,109000000,0,0,0,0
2025-12-17,5403,1000000,3000000,0,0,0,0
2025-12-17,5410,37000000,31000000,0,0,15000,487000
2025-12-17,5425,366000000,1208000000,0,0,41104000,57999000
2025-12-17,5426,33000000,65000000,0,0,2000000,2474000
2025-12-17,5432,177000000,82000000,0,0,0,0
2025-12-17,5438,78000000,43000000,0,0,0,14001000
2025-12-17,5439,648000000,1159000000,15000000,0,89000000,74785000
2025-12-17,5443,202000000,316000000,0,0,2000000,10515000
2025-12-17,5450,21000000,19000000,0,0,1000,0
2025-12-17,5452,201002000,172000000,0,0,12000000,1000
2025-12-17,5457,72000000,41000000,1000000,0,13023000,45089000
2025-12-17,5460,6000000,3000000,0,0,0,0
2025-12-17,5464,0,0,0,0,0,1000000
2025-12-17,5465,95000000,45000000,0,0,0,596000
2025-12-17,5468,24000000,60000000,0,0,0,10000000
2025-12-17,5474,15000000,28000000,0,0,1000000,6760000
2025-12-17,5475,202000000,13000000,0,0,0,25000000
2025-12-17,5478,17000000,31000000,0,0,0,363000
2025-12-17,5481,24000000,126000000,0,0,0,0
2025-12-17,5483,4598050000,3319050000,501000000,2124882000,446644000,178175000
2025-12-17,5488,27000000,1000000,0,0,0,0
2025-12-17,5489,9000000,3000000,0,0,0,0
2025-12-17,5490,158000000,31000000,0,0,363000,657000
2025-12-17,5493,49000000,45000000,0,0,29000,2000
2025-12-17,5498,10901553000,14359000000,0,0,240210000,286045000
2025-12-17,5508,2296000000,610000000,0,2720000000,38809000,54753000
2025-12-17,5511,13000000,4000000,0,0,0,0
2025-12-17,5512,241000000,122000000,0,0,0,0
2025-12-17,5514,117000000,120000000,0,0,0,0
2025-12-17,5523,0,1000000,0,0,0,0
2025-12-17,5529,18000000,1000000,0,0,0,0
2025-12-17,5530,59000000,83000000,0,0,0,0
2025-12-17,5536,985040000,1174000000,83000000,63000000,24209000,34376000
2025-12-17,5548,0,2000000,0,0,0,0
2025-12-17,5603,4000000,0,0,0,0,0
2025-12-17,5609,4000000,7000000,0,0,0,0
2025-12-17,5701,0,0,0,0,20000,2000
2025-12-17,5704,3000000,0,0,0,0,0
2025-12-17,5864,147000000,271000000,0,0,0,0
2025-12-17,5903,16000000,3000000,0,11000000,4000000,0
2025-12-17,5904,50000000,69200000,0,0,0,1200000
2025-12-17,5905,253000000,81000000,0,0,6000000,5537000
2025-12-17,6015,39000000,2000000,0,0,0,0
2025-12-17,6016,241000000,24000000,0,0,0,0
2025-12-17,6021,12000000,3000000,0,0,0,0
2025-12-17,6023,9000000,31000000,0,0,0,0
2025-12-17,6026,70000000,0,0,0,0,0
2025-12-17,6104,249000000,1050000000,0,0,13159000,24532000
2025-12-17,6109,0,2000000,0,0,1000000,654000
2025-12-17,6111,247000000,46000000,0,0,2888000,3470000
2025-12-17,6113,32000000,36000000,0,0,0,354000
2025-12-17,6114,18000000,3000000,0,0,0,0
2025-12-17,6118,125000000,18000000,0,0,0,0
2025-12-17,6121,448000000,365000000,234000000,329000000,29020000,9448000
2025-12-17,6122,16000000,11000000,0,0,0,31000
2025-12-17,6123,14000000,7000000,0,0,7000000,6943000
2025-12-17,6125,115000000,240000000,0,0,8000000,7298000
2025-12-17,6126,907000000,331000000,0,0,1000,555000
2025-12-17,6127,3308000000,4782000000,0,0,110019000,111018000
2025-12-17,6129,47000000,0,0,0,1000000,801000
2025-12-17,6130,177000000,56000000,0,0,0,0
2025-12-17,6134,752000000,1255000000,0,0,2000000,2380000
2025-12-17,6138,116000000,147000000,0,0,1081000,15700000
2025-12-17,6140,53000000,143000000,0,0,1000000,1000000
2025-12-17,6143,210000000,46000000,0,0,3232000,2533000
2025-12-17,6146,46000000,61000000,0,0,0,3000
2025-12-17,6147,1537000000,929000000,867000000,2101130000,18001000,20336000
2025-12-17,6148,524000000,270000000,0,0,10815000,0
2025-12-17,6150,27000000,10000000,0,0,0,204000
2025-12-17,6151,15000000,6000000,0,0,0,0
2025-12-17,6154,2000000,9000000,0,0,10000000,10000000
2025-12-17,6156,133000000,70000000,0,0,0,0
2025-12-17,6158,2000000,3000000,0,0,0,0
2025-12-17,6160,27000000,68000000,0,0,0,0
2025-12-17,6161,19000000,15000000,0,0,0,0
2025-12-17,6163,101000000,117000000,0,0,6000000,0
2025-12-17,6167,30000000,81000000,0,0,0,0
2025-12-17,6169,0,1000000,0,0,0,0
2025-12-17,6170,14000000,51000000,0,0,0,0
2025-12-17,6171,0,1000000,0,0,0,0
2025-12-17,6173,434000000,658000000,0,0,38119000,40720000
2025-12-17,6174,12000000,1000000,0,0,0,0
2025-12-17,6175,741000000,533000000,0,0,34670000,22947000
2025-12-17,6179,216000000,524000000,0,0,1000000,7183000
2025-12-17,6180,32000000,150000000,0,8877000,3000000,3495000
2025-12-17,6182,3788000000,3367580000,0,0,646112000,415466000
2025-12-17,6185,1000000,181000000,0,0,0,0
2025-12-17,6186,103000000,167000000,0,0,800000,350000
2025-12-17,6187,124100000,766000000,0,221000000,62295000,74665000
2025-12-17,6188,369000000,370000000,84000000,0,17020000,79588000
2025-12-17,6190,5090020000,5881000000,0,0,321391000,470999000
2025-12-17,6194,16000000,19000000,0,0,0,0
2025-12-17,6195,1000000,0,0,0,0,0
2025-12-17,6199,117000000,45000000,0,0,8189000,5052000
2025-12-17,006201,0,3000000,0,0,6120000,15001000
2025-12-17,6203,126000000,132000000,0,0,1000000,4588000
2025-12-17,6204,60000000,126000000,0,0,0,0
2025-12-17,6207,132000000,54000000,0,0,0,1714000
2025-12-17,6208,1000000,19000000,0,0,3000,0
2025-12-17,6210,0,6000000,0,0,0,0
2025-12-17,6212,0,0,0,0,1799000,2000000
2025-12-17,6217,569000000,219000000,0,0,565000,105000
2025-12-17,6218,11000000,18000000,0,0,0,0
2025-12-17,6219,20000000,2000000,0,0,0,9000
2025-12-17,6220,75000000,17000000,0,0,0,0
2025-12-17,6221,41000000,33000000,0,0,0,0
2025-12-17,6222,2000000,1000000,0,0,0,1000000
2025-12-17,6223,455005000,435002000,0,164300000,82852000,82953000
2025-12-17,6227,26000000,8000000,0,0,100000,1214000
2025-12-17,6228,0,0,0,0,167000,0
2025-12-17,6229,4000000,10000000,0,0,0,373000
2025-12-17,6231,96000000,81000000,0,0,2150000,12170000
2025-12-17,6233,13000000,33000000,0,0,0,0
2025-12-17,6234,439000000,723000000,0,0,2000000,2663000
2025-12-17,6237,55000000,36000000,0,0,521000,5000
2025-12-17,6241,0,4000000,0,0,0,0
2025-12-17,6244,13282000000,15698000000,0,0,238808000,217364000
2025-12-17,6245,95000000,112000000,0,0,7133000,6877000
2025-12-17,6246,0,7000000,0,0,0,6000
2025-12-17,6248,47000000,1000000,0,0,0,0
2025-12-17,6259,4000000,2000000,0,0,0,0
2025-12-17,6261,157000000,48000000,0,0,5000000,0
2025-12-17,6263,1000000,3000000,0,0,0,0
2025-12-17,6264,0,7000000,0,0,0,0
2025-12-17,6265,740000000,1272000000,0,0,31000000,5000000
2025-12-17,6266,90000000,10590000,0,0,1000000,336000
2025-12-17,6270,0,1000000,0,0,0,0
2025-12-17,6274,3345000000,3290600000,1910000000,0,286845000,592804000
2025-12-17,6275,294000000,733000000,0,0,3000000,0
2025-12-17,6276,2000000,1000000,0,0,0,0
2025-12-17,6279,54000000,111000000,0,0,45026000,10000000
2025-12-17,6284,263000000,31000000,0,2000000,6000000,5223000
2025-12-17,6290,1436002000,1695000000,0,0,602549000,629280000
2025-12-17,6291,381000000,577000000,0,0,29090000,57574000
2025-12-17,6292,1000000,1000000,0,0,0,0
2025-12-17,6294,14000000,0,0,0,0,0
2025-12-17,6411,92000000,58000000,0,0,2001000,185000
2025-12-17,6417,3000000,5000000,0,0,0,0
2025-12-17,6418,56000000,24000000,0,0,0,0
2025-12-17,6419,61000000,124000000,0,0,5000000,4000000
2025-12-17,6425,1213000000,664000000,0,0,2041000,4162000
2025-12-17,6432,103000000,89000000,0,0,0,0
2025-12-17,6435,65000000,89000000,0,0,28000,8000
2025-12-17,6441,5000000,6000000,0,0,6000,1000
2025-12-17,6461,3000000,2000000,0,0,0,60000
2025-12-17,6462,687000000,380000000,0,0,37750000,14558000
2025-12-17,6465,7000000,0,0,0,0,0
2025-12-17,6469,85000000,87000000,0,0,7071000,4606000
2025-12-17,6470,20000000,3000000,0,0,0,0
2025-12-17,6474,1000000,0,0,0,0,0
2025-12-17,6485,145000000,48000000,0,0,0,0
2025-12-17,6486,149000000,105000000,0,0,1139000,1000000
2025-12-17,6488,3536030000,2394410000,137000000,425000000,616868000,164911000
2025-12-17,6492,119000000,12000000,0,0,0,0
2025-12-17,6494,6000000,2000000,0,0,0,0
2025-12-17,6496,0,1000000,0,0,0,0
2025-12-17,6498,14000000,6000000,0,0,0,0
2025-12-17,6499,72000000,65000000,0,0,1000000,948000
2025-12-17,6508,1000000,2000000,0,0,0,0
2025-12-17,6509,100000000,58000000,1000000,0,0,0
2025-12-17,6510,207002000,331000000,50000000,6000000,14479000,52776000
2025-12-17,6516,3000000,1000000,0,0,0,0
2025-12-17,6517,38000000,30000000,0,0,2000000,1424000
2025-12-17,6523,7000000,0,0,0,0,0
2025-12-17,6530,200000000,183000000,0,0,0,45000
2025-12-17,6532,6000000,7000000,0,0,0,0
2025-12-17,6535,21000000,21000000,0,0,1000000,647000
2025-12-17,6538,33000000,109000000,0,155000,1000000,314000
2025-12-17,6546,89000000,79000000,0,0,2100000,2045000
2025-12-17,6547,236000000,515000000,0,0,197537000,54799000
2025-12-17,6548,788000000,735000000,1000000,0,3000000,44384000
2025-12-17,6556,2000000,0,0,0,0,0
2025-12-17,6560,0,10000000,0,0,5000000,5000000
2025-12-17,6561,24000000,36000000,0,0,0,2000000
2025-12-17,6568,70000000,60000000,0,0,13268000,0
2025-12-17,6570,0,1000000,0,0,0,0
2025-12-17,6576,3000000,15000000,0,0,0,0
2025-12-17,6577,0,2000000,0,0,0,0
2025-12-17,6578,19000000,7000000,0,0,0,0
2025-12-17,6584,447000000,278000000,30000000,10000000,11276000,12556000
2025-12-17,6588,648000000,654000000,0,0,2516000,0
2025-12-17,6593,3000000,5000000,0,0,0,0
2025-12-17,6596,72000000,13000000,0,0,2000000,1356000
2025-12-17,6603,1492000000,947000000,0,0,0,46106000
2025-12-17,6609,58000000,47000000,0,0,716000,0
2025-12-17,6612,3000000,2000000,0,0,0,0
2025-12-17,6613,60000000,28000000,0,227000,4055000,11000
2025-12-17,6615,0,5000000,0,0,0,0
2025-12-17,6617,34000000,109000000,0,0,0,53000
2025-12-17,6624,3000000,0,0,0,7000000,0
2025-12-17,6629,32000000,6000000,0,0,525000,0
2025-12-17,6640,16000000,45000000,0,0,5316000,7201000
2025-12-17,6642,31000000,15000000,0,0,0,0
2025-12-17,6643,44000000,159000000,0,0,27000000,29691000
2025-12-17,6649,11000000,28000000,0,0,0,188000
2025-12-17,6651,52095000,6000000,0,0,0,0
2025-12-17,6654,0,3000000,0,0,0,0
2025-12-17,6664,433000000,1101000000,20000000,0,13491000,126437000
2025-12-17,6667,217000000,250000000,0,0,30786000,25536000
2025-12-17,6679,132000000,97000000,0,0,12125000,8637000
2025-12-17,6680,5000000,3000000,0,0,0,443000
2025-12-17,6683,251000000,148000000,0,0,46937000,37313000
2025-12-17,6684,41000000,30000000,0,0,0,339000
2025-12-17,6690,5000000,1000000,0,0,0,0
2025-12-17,6693,61000000,12000000,0,0,8000000,43000000
2025-12-17,6703,30000000,12000000,0,0,205000,30000
2025-12-17,6708,1000000,0,0,0,0,0
2025-12-17,6712,25000000,69000000,0,0,2159000,468000
2025-12-17,6716,5000000,0,0,0,0,0
2025-12-17,6720,6000000,0,0,0,0,0
2025-12-17,6727,198000000,554000000,0,0,8000000,18000000
2025-12-17,6728,1000000,0,0,0,0,0
2025-12-17,6732,40000000,24000000,0,0,6262000,4169000
2025-12-17,6733,13000000,89000000,0,0,1000000,388000
2025-12-17,6735,1000000,4000000,0,0,0,0
2025-12-17,6739,97000000,109006000,0,0,8448000,21013000
2025-12-17,6741,87000000,102000000,0,0,0,4000000
2025-12-17,6751,0,2000000,0,0,0,11000
2025-12-17,6752,8000000,24250000,0,0,0,0
2025-12-17,6761,100010000,121000000,0,0,14274000,1412000
2025-12-17,6762,2000000,0,0,0,557000,1000000
2025-12-17,6763,124000000,85000000,0,2000000,16000000,2844000
2025-12-17,6767,0,1000000,0,0,0,0
2025-12-17,6785,6000000,17000000,0,0,97000,2000000
2025-12-17,6788,1903000000,2051800000,0,0,124593000,46147000
2025-12-17,6791,0,2000000,0,0,0,0
2025-12-17,6803,12000000,17000000,0,0,0,0
2025-12-17,6811,25000000,31000000,0,0,6008000,150000
2025-12-17,6821,3000000,10000000,0,0,0,0
2025-12-17,6823,158000000,61000000,0,0,7352000,0
2025-12-17,6829,31010000,18000000,0,0,0,1070000
2025-12-17,6840,1000000,3000000,0,0,0,0
2025-12-17,6841,89000000,75000000,0,0,0,1000000
2025-12-17,6843,0,1000000,0,0,0,0
2025-12-17,6846,1000000,2000000,0,0,0,1000000
2025-12-17,6859,31005000,77000000,0,0,10000000,176000
2025-12-17,6865,4000000,0,0,0,456000,1000000
2025-12-17,6870,38000000,11000000,0,0,3000000,1000000
2025-12-17,6875,31000000,29000000,0,0,0,0
2025-12-17,6877,5000000,33000000,0,0,0,5000000
2025-12-17,6894,0,1000000,0,0,0,0
2025-12-17,6895,9000000,29000000,0,0,1000000,414000
2025-12-17,6903,1099000000,1440000000,0,0,14000000,19253000
2025-12-17,6910,4000000,15000000,0,0,0,0
2025-12-17,6913,7000000,25000000,0,0,2000000,17338000
2025-12-17,6922,23280000,37000000,0,0,1000000,2439000
2025-12-17,6925,28000000,0,0,0,0,0
2025-12-17,6953,1000000,0,0,0,5000000,0
2025-12-17,6967,33000000,51000000,0,0,0,0
2025-12-17,6982,10000000,5000000,0,0,0,0
2025-12-17,6996,57000000,19000000,0,0,0,0
2025-12-17,7402,3000000,1000000,0,0,17000000,5000000
2025-12-17,7547,1000000,0,0,0,0,0
2025-12-17,7556,1000000,1000000,0,0,0,0
2025-12-17,7642,2000000,2000000,0,0,0,9000
2025-12-17,7703,62000000,39000000,0,0,3000000,0
2025-12-17,7712,111000000,62000000,0,0,0,3000000
2025-12-17,7714,15000000,73000000,0,0,0,0
2025-12-17,7715,7000000,2000000,0,0,0,0
2025-12-17,7716,1000000,0,0,0,0,0
2025-12-17,7717,35000,17011000,0,0,6000000,15000000
2025-12-17,7723,2000000,5000000,0,0,0,0
2025-12-17,7728,1000000,4000000,0,0,4000000,9000000
2025-12-17,7734,1000000,1000000,0,0,478000,0
2025-12-17,7738,3000000,5000000,0,0,0,0
2025-12-17,7744,106000000,20000000,0,0,261000,0
2025-12-17,7751,3000000,0,0,0,4000000,5000000
2025-12-17,7757,1000000,1000000,0,0,0,0
2025-12-17,7767,0,14000000,0,0,0,4786000
2025-12-17,7770,0,1000000,0,0,0,1868000
2025-12-17,7782,12000000,1000000,0,0,0,0
2025-12-17,8027,2674000000,1950000000,0,0,98171000,76927000
2025-12-17,8032,23000000,12000000,0,0,0,10000
2025-12-17,8034,191000000,379000000,0,0,0,0
2025-12-17,8038,102000000,122000000,0,0,0,448000
2025-12-17,8040,44000000,13000000,0,0,2000000,2000000
2025-12-17,8042,691000000,727000000,0,0,45636000,12979000
2025-12-17,8043,3323000000,3062000000,0,0,19871000,10198000
2025-12-17,8044,222000000,141000000,0,0,0,0
2025-12-17,8047,19000000,185000000,0,0,0,10557000
2025-12-17,8048,201000000,101000000,0,0,2000000,1697000
2025-12-17,8049,12000000,1000000,0,0,0,27000
2025-12-17,8050,76000000,69000000,0,0,1000000,1133000
2025-12-17,8054,1143000000,2341000000,0,0,144380000,26431000
2025-12-17,8059,25000000,19000000,0,0,0,148000
2025-12-17,8064,294200000,470000000,0,0,548000,53185000
2025-12-17,8066,0,1000000,0,0,0,0
2025-12-17,8068,25000000,181000000,0,0,0,1364000
2025-12-17,8069,1876651000,2028408000,0,2000000,114452000,205489000
2025-12-17,8071,26000000,42000000,0,0,0,0
2025-12-17,8074,9801100000,10289100000,0,0,82000000,96460000
2025-12-17,8076,289000000,29000000,0,0,1000000,755000
2025-12-17,8083,1000000,1000000,0,0,0,0
2025-12-17,8084,63000000,33000000,0,0,0,0
2025-12-17,8085,118000000,136000000,0,0,0,422000
2025-12-17,8086,411000000,336000000,0,0,25017000,26616000
2025-12-17,8087,4000000,0,0,0,0,0
2025-12-17,8088,1310000000,797000000,0,0,0,241000
2025-12-17,8089,490000000,862000000,0,0,6000000,12556000
2025-12-17,8091,61000000,7000000,0,0,0,112000
2025-12-17,8092,6000000,0,0,0,0,0
2025-12-17,8096,726000000,1062000000,0,0,658878000,78740000
2025-12-17,8097,47000000,19000000,0,0,24000000,5201000
2025-12-17,8099,5000000,42000000,0,0,0,0
2025-12-17,8107,5000000,1000000,0,0,1000000,198000
2025-12-17,8109,23000000,11000000,0,0,0,3163000
2025-12-17,8111,40010000,12000000,0,0,0,86000000
2025-12-17,8121,153000000,44000000,0,0,22800000,1313000
2025-12-17,8147,25000000,54000000,0,0,6671000,5035000
2025-12-17,8155,153000000,317000000,0,0,63192000,28134000
2025-12-17,8171,6000000,25000000,0,0,0,0
2025-12-17,8176,14000000,14000000,0,0,0,1000
2025-12-17,8182,0,1000000,0,0,0,0
2025-12-17,8183,163000000,27000000,0,0,0,886000
2025-12-17,8227,45000000,26000000,0,0,2000000,1727000
2025-12-17,8234,1711000000,556800000,0,0,102521000,2000000
2025-12-17,8240,130000000,108000000,0,0,0,531000
2025-12-17,8255,25000000,29000000,0,0,2533000,1000000
2025-12-17,8272,1000000,0,0,0,0,0
2025-12-17,8277,206000000,35000000,0,0,641000,247000
2025-12-17,8279,0,2000000,0,0,0,0
2025-12-17,8284,1000000,0,0,0,0,0
2025-12-17,8289,16000000,18000000,0,0,0,0
2025-12-17,8299,4164347000,1154139000,740000000,2121000000,205347000,537002000
2025-12-17,8342,1000000,0,0,0,0,0
2025-12-17,8349,8000000,9000000,0,0,0,0
2025-12-17,8354,4000000,0,0,0,15000,0
2025-12-17,8358,1334250000,453000000,2000000,268000000,584999000,756760000
2025-12-17,8383,35000000,29000000,0,0,0,30000
2025-12-17,8390,513000000,324020000,0,0,81312000,5829000
2025-12-17,8401,8000000,0,0,0,0,0
2025-12-17,8403,5000000,0,0,0,0,0
2025-12-17,8410,2000000,3000000,0,0,0,0
2025-12-17,8415,30000000,90000000,0,0,0,16000000
2025-12-17,8421,1000000,1000000,0,0,0,0
2025-12-17,8424,0,1000000,0,0,0,0
2025-12-17,8426,1000000,0,0,0,0,0
2025-12-17,8431,1048000000,1868000000,0,0,8003000,8167000
2025-12-17,8432,6000000,0,0,0,1000,0
2025-12-17,8433,3000000,8000000,0,0,0,0
2025-12-17,8435,2000000,1000000,0,0,0,0
2025-12-17,8436,99000000,94000000,0,1049000,6020000,25246000
2025-12-17,8437,1000000,3000000,0,0,0,0
2025-12-17,8440,18000000,2000000,0,0,0,0
2025-12-17,8444,35000000,35000000,0,0,0,1000000
2025-12-17,8446,20000000,3000000,0,0,0,0
2025-12-17,8450,3000000,2000000,0,0,0,0
2025-12-17,8472,6000000,0,0,0,0,0
2025-12-17,8489,5000000,25000000,0,0,30000,0
2025-12-17,8906,0,2000000,0,0,1000,0
2025-12-17,8908,9519000,2000000,0,0,0,0
2025-12-17,8916,36000000,2000000,0,0,54000,57000000
2025-12-17,8924,23000000,33000000,0,0,3000,131000
2025-12-17,8927,75000000,103001000,0,0,1000000,0
2025-12-17,8929,1000000,8000000,0,0,0,0
2025-12-17,8930,8000000,1000000,0,0,0,0
2025-12-17,8931,3000000,3000000,0,0,0,0
2025-12-17,8932,315000000,596000000,0,0,937000,18205000
2025-12-17,8933,0,52000000,0,0,0,0
2025-12-17,8935,46000000,219000000,0,0,0,0
2025-12-17,8936,310000000,206000000,0,0,1000000,864000
2025-12-17,8937,13000000,4000000,0,0,2000000,1000000
2025-12-17,8938,59000000,11000000,0,0,683000,1000000
2025-12-17,8942,13000000,30000000,0,0,0,0
2025-12-17,009806,0,0,0,0,5000000,567000
2025-12-17,009807,0,0,0,0,43000000,1066000
2025-12-17,9949,22000000,8000000,0,0,0,0
2025-12-17,9951,6000000,10000000,0,0,0,0
2025-12-17,020025,0,0,0,0,240000000,1000000
2025-12-17,020027,0,0,0,0,0,2000000
2025-12-17,020033,0,0,0,0,0,11000000
2025-12-17,020035,0,0,0,0,25000000,0
2025-12-17,020040,0,0,0,0,65000000,0
2025-12-18,6770,93117050000,41626791000,149000000,0,4631879000,2332041000
2025-12-18,2887,186131035000,231594790000,140250000000,47064000000,7446392000,6617900000
2025-12-18,00919,21798715000,6412000000,0,0,37130667000,6440111000
2025-12-18,2337,54411629000,45776300000,4565000000,0,3800629000,2119145000
2025-12-18,1216,9445598000,18625120000,20658000000,0,1250440000,424252000
2025-12-18,00637L,11215000000,3589000000,0,0,15912629000,11749752000
2025-12-18,00680L,210000000,50000000,0,0,12033179000,1428000000
2025-12-18,00632R,20000000,100000000,0,0,17104946000,6423850000
2025-12-18,00671R,0,0,0,0,10034000000,960000000
2025-12-18,2303,46038499000,23181600000,397000000,18043074000,2591592000,594910000
2025-12-18,00712,4812526000,260000000,0,0,2910999000,275796000
2025-12-18,5522,10548000000,4372000000,0,0,98739000,220000000
2025-12-18,2880,11046738000,22714072000,15748000000,471000000,1829406000,93000000
2025-12-18,2329,15539100000,10421000000,0,0,691204000,646659000
2025-12-18,00688L,52000000,0,0,0,4552044000,50000000
2025-12-18,00929,1929200000,216000000,0,0,4496202000,1909679000
2025-12-18,00900,16000000,3000000,0,0,5694185000,1747874000
2025-12-18,3037,8611652000,5006162000,105000000,197000000,697405000,402758000
2025-12-18,2883,20338243000,20842000000,3626000000,1149000000,2665010000,882517000
2025-12-18,00878,525440000,1348000000,0,0,8944607000,4475807000
2025-12-18,8422,6095000000,13483797000,10845000000,0,183598000,288495000
2025-12-18,1314,5192200000,2115000000,0,0,308512000,59000000
2025-12-18,1802,23163000000,19408010000,0,200000000,1783180000,2075605000
2025-12-18,1319,4973000000,2889090000,983000000,1527000,344672000,320517000
2025-12-18,2867,14649000000,13173000000,0,0,1572000000,23000000
2025-12-18,00915,291000000,917000000,0,0,5624461000,2016966000
2025-12-18,00945B,3100000000,0,0,0,1134940000,1288531000
2025-12-18,6282,6741000000,4263000000,6000000,0,624673000,195222000
2025-12-18,00953B,7221100000,348000000,0,0,5149000000,9137000000
2025-12-18,8039,6197050000,3497000000,0,0,310796000,174163000
2025-12-18,00665L,989000000,29000000,0,0,4205981000,2411238000
2025-12-18,00715L,7504000000,1899000000,0,0,6922244000,9796981000
2025-12-18,2618,10858012000,7666099000,0,1101746000,1095896000,500000000
2025-12-18,2542,6321000000,2358200000,0,1673000000,152981000,145000000
2025-12-18,6005,6094000000,9565000000,5837000000,100000000,0,0
2025-12-18,00939,3000000,260000000,0,0,4889198000,2382965000
2025-12-18,2371,16102150000,5537000000,12000000,8856000000,805813000,307000000
2025-12-18,00985B,2458000000,0,0,0,2645000000,2967000000
2025-12-18,5880,6680935000,5576526000,0,1000000,1085583000,77000000
2025-12-18,2406,4969000000,2870400000,0,0,11000000,2000000
2025-12-18,00961,26000000,37000000,0,0,2657000000,545130000
2025-12-18,3060,4534000000,2601000000,0,0,77335000,2974000
2025-12-18,2610,14452518000,12606699000,0,844000000,1403097000,429067000
2025-12-18,00713,328295000,87000000,0,415000000,3739000000,1827844000
2025-12-18,3189,3505010000,2283150000,15000000,0,545309000,109815000
2025-12-18,2324,16601349000,8076093000,113000000,7461000000,752684000,299606000
2025-12-18,00752,325000000,33000000,0,0,1515000000,187244000
2025-12-18,00940,48005000,63200000,0,0,2924000000,1300035000
2025-12-18,2548,2115600000,1132000000,0,0,730962000,144133000
2025-12-18,3532,2917038000,1372000000,0,0,66665000,52583000
2025-12-18,00935,365050000,65000000,0,0,3364465000,2171267000
2025-12-18,00686R,0,0,0,0,2303000000,858000000
2025-12-18,5871,5996289000,4857552000,1069000000,961324000,232032000,66500000
2025-12-18,8110,1605000000,197000000,0,0,112000000,111000000
2025-12-18,2330,15555147000,18797088000,1728000000,28200000,3200786000,267348000
2025-12-18,8021,4370066000,3014000000,0,0,29036000,30000000
2025-12-18,2408,2778700000,6394899000,298000000,25000000,4920029000,239368000
2025-12-18,00983D,0,456000000,0,0,2671389000,892000000
2025-12-18,8150,6216500000,4958000000,0,0,169475000,186452000
2025-12-18,00650L,1413000000,280000000,0,0,1291810000,1243098000
2025-12-18,6919,2469348000,1430825000,0,0,65000000,51000000
2025-12-18,9907,3321000000,6168000000,3788000000,7783000,62000000,271000
2025-12-18,00635U,8050000,26050000,0,0,1166646000,204576000
2025-12-18,6443,2536000000,1602114000,0,0,596000000,591933000
2025-12-18,2492,1633000000,820000000,0,0,153284000,42725000
2025-12-18,00633L,313000000,55000000,0,0,1438849000,811905000
2025-12-18,2301,5111427000,6217051000,1568000000,1000000,575487000,153024000
2025-12-18,6139,2297690000,1304118000,5000000,32000000,85467000,180934000
2025-12-18,00885,1511000000,177000000,0,0,285000000,752191000
2025-12-18,00676R,0,0,0,0,1487715000,632527000
2025-12-18,2882,34768461000,15554000000,106000000,18913139000,1526223000,1084943000
2025-12-18,4764,2274000000,1427000000,0,0,1010000,3467000
2025-12-18,1316,1204000000,362000000,0,0,1000000,1000000
2025-12-18,00673R,0,0,0,0,1436296000,657250000
2025-12-18,1608,1281000000,539005000,0,0,65117000,48015000
2025-12-18,00708L,0,20000000,0,0,1113151000,337963000
2025-12-18,1409,1530000000,1014000000,0,0,194414000,186000
2025-12-18,2614,901000000,191000000,0,0,3000000,3000000
2025-12-18,2201,2178000000,1628000000,0,0,248530000,98517000
2025-12-18,9945,1603000000,987000000,0,50000000,208000000,89600000
2025-12-18,5534,845000000,324000000,0,0,155371000,14000000
2025-12-18,3036,4975000000,8508500000,4358000000,359000000,234613000,39744000
2025-12-18,4977,1309000000,651200000,0,0,1017000,9880000
2025-12-18,4927,4504000000,3873000000,0,0,10000000,0
2025-12-18,2317,26667972000,28461284000,378000000,2157000000,4575943000,364165000
2025-12-18,00701,9000000,15000000,0,0,1067570000,430507000
2025-12-18,00982D,0,10000000,0,0,1000000000,395000000
2025-12-18,4919,1038000000,535000000,0,0,101000000,10651000
2025-12-18,8131,3063350000,2491500000,0,0,16000000,3374000
2025-12-18,1307,716000000,137000000,0,0,30000000,36000000
2025-12-18,2485,13290300000,12904500000,0,0,367000000,184774000
2025-12-18,1522,851000000,383000000,0,3260000,42531000,7624000
2025-12-18,2836,471420000,131000000,0,0,144620000,0
2025-12-18,00636,135000000,0,0,0,1591600000,1242364000
2025-12-18,3167,1238000000,768100000,0,0,17000000,13014000
2025-12-18,2458,805000000,1986000000,1618000000,1079000,87595000,56814000
2025-12-18,2312,3684000000,2925000000,0,0,242000000,562083000
2025-12-18,1215,981150000,2658000000,2085000000,0,40101000,16858000
2025-12-18,6152,663052000,244000000,0,0,10000000,8000000
2025-12-18,2801,6610266000,6963000000,0,1000000,987000000,213000000
2025-12-18,2349,875000000,474000000,0,0,11000000,35000
2025-12-18,1708,492000000,78000000,0,0,6797000,24001000
2025-12-18,2467,668000000,290000000,11000000,0,36919000,32539000
2025-12-18,2399,791000000,405000000,0,0,5000000,7588000
2025-12-18,4906,1628000000,1091000000,0,5426000,84019000,236661000
2025-12-18,6426,1137000000,742000000,0,0,10000000,26206000
2025-12-18,3010,1036000000,1114000000,418000000,1519000,41985000,2352000
2025-12-18,1560,1494030000,1266026000,167000000,0,35536000,57356000
2025-12-18,00936,3000000,112000000,0,0,724044000,246000000
2025-12-18,6155,2978000000,2618000000,0,0,19000000,22455000
2025-12-18,1702,371000000,24000000,0,3578000,9000000,2000000
2025-12-18,00693U,46000000,0,0,0,840000000,539463000
2025-12-18,009802,16200000,32000000,0,0,993000000,633012000
2025-12-18,2852,411000000,76000000,0,0,14000000,7000000
2025-12-18,3048,699000000,371000000,0,0,12170000,609000
2025-12-18,2451,3504140000,2812000000,162000000,271145000,113927000,364234000
2025-12-18,00960,0,0,0,0,435000000,103125000
2025-12-18,3576,5408100000,5144000000,0,0,92000000,28020000
2025-12-18,2421,1279601000,1004000000,0,0,59436000,25129000
2025-12-18,2241,326000000,29000000,0,0,2000000,0
2025-12-18,8033,319627000,27250000,0,0,1000000,4000000
2025-12-18,1587,855100000,576000000,0,0,1000000,104000
2025-12-18,3044,2698096000,1555695000,62000000,969000000,145000000,100870000
2025-12-18,2472,726207000,394000000,0,0,46533000,101794000
2025-12-18,3025,469000000,195000000,0,0,0,2000000
2025-12-18,1312,562000000,675000000,0,0,397875000,21079000
2025-12-18,00897,27000000,10000000,0,0,360000000,116185000
2025-12-18,2501,841000000,471000000,0,0,47000000,157000000
2025-12-18,4916,778100000,514000000,0,0,20349000,26560000
2025-12-18,1444,361000000,126000000,0,0,13000000,0
2025-12-18,2419,352000000,116000000,0,0,13489000,3035000
2025-12-18,3016,1694000000,1550000000,0,0,162281000,61032000
2025-12-18,7769,215567000,296656000,308800000,0,21000000,4000000
2025-12-18,2412,1411586000,1575470000,14000000,0,405226000,13947000
2025-12-18,8028,1136030000,907060000,0,0,59720000,47853000
2025-12-18,2204,770000000,797000000,250000000,2321000,24246000,4423000
2025-12-18,006205,110000000,0,0,0,497000000,369054000
2025-12-18,3023,1076806000,917000000,53000000,0,44000000,22354000
2025-12-18,9941,664000000,1103000000,697000000,77000000,56000000,3486000
2025-12-18,2383,675190000,653135000,181000000,37000000,132363000,66212000
2025-12-18,1440,562000000,413000000,0,0,89000000,6729000
2025-12-18,5521,1096000000,1349000000,0,0,475000000,1000000
2025-12-18,1532,431000000,223000000,0,5194000,16118000,4000000
2025-12-18,00898,49000000,0,0,0,189036000,24403000
2025-12-18,6442,1598413000,1260536000,5000000,181000000,141235000,91546000
2025-12-18,00700,31000000,1000000,0,0,185000000,7903000
2025-12-18,3006,1930000000,1629000000,0,0,130697000,225673000
2025-12-18,00639,133000000,152000000,0,0,781744000,562707000
2025-12-18,3665,1514859000,1465749000,126000000,0,69261000,45317000
2025-12-18,2404,1873889000,1644100000,267000000,269000000,132132000,164293000
2025-12-18,0061,169000000,0,0,0,37621000,11000000
2025-12-18,6278,656000000,430000000,0,33300000,10000000,11181000
2025-12-18,4934,224000000,41000000,0,0,9000000,2000000
2025-12-18,3052,270000000,84000000,0,0,0,0
2025-12-18,00733,44000000,93000000,0,0,417078000,184893000
2025-12-18,9939,690000000,536000000,7000000,0,26000000,4903000
2025-12-18,6177,781000000,340000000,0,233000000,14716000,45036000
2025-12-18,6805,324053000,351018000,203000000,0,40623000,40217000
2025-12-18,2228,515000000,446000000,114000000,0,31000,10030000
2025-12-18,1229,470000000,393000000,0,0,102000000,15449000
2025-12-18,00952,0,23000000,0,0,594000000,409568000
2025-12-18,2405,330000000,180000000,0,0,10000000,0
2025-12-18,2493,333000000,172000000,0,0,5767000,8858000
2025-12-18,2630,293000000,134000000,0,0,9000000,12480000
2025-12-18,006206,9000000,0,0,0,152124000,6000000
2025-12-18,6133,955000000,833000000,0,0,18000000,0
2025-12-18,8404,158000000,46000000,0,0,24000000,0
2025-12-18,00731,0,2000000,0,0,677017000,539215000
2025-12-18,00655L,178000000,0,0,0,346761000,389130000
2025-12-18,00930,0,0,0,0,429365000,294470000
2025-12-18,00944,0,2000000,0,0,222000000,85439000
2025-12-18,5234,236100000,139330000,0,0,47767000,16184000
2025-12-18,2913,210000000,125000000,0,0,42000000,0
2025-12-18,2511,321000000,264000000,0,0,70000000,87000
2025-12-18,3706,2882000000,2838600000,24000000,0,236784000,181775000
2025-12-18,6414,332000000,860500000,624000000,1000000,29261000,5060000
2025-12-18,00932,3000000,38257000,0,0,272087000,120300000
2025-12-18,1217,141000000,31000000,0,0,6000000,0
2025-12-18,00876,0,52000000,0,0,227000000,59531000
2025-12-18,009809,0,0,0,0,886000000,771000000
2025-12-18,8011,330000000,209000000,0,0,0,7000000
2025-12-18,00908,2000000,2000000,0,0,119289000,6000000
2025-12-18,2528,234000000,133000000,0,0,13000000,1000000
2025-12-18,6541,225000000,123000000,0,0,9000000,0
2025-12-18,3017,629418000,821058000,258000000,0,103010000,61863000
2025-12-18,6271,764000000,858834000,0,0,231177000,29003000
2025-12-18,6605,946000000,248000000,0,608000000,21162000,4000000
2025-12-18,2538,121000000,15000000,0,0,1000000,0
2025-12-18,8016,287300000,189000000,0,668000,11969000,4140000
2025-12-18,00783,0,0,0,0,115092000,11000000
2025-12-18,2439,3400000000,1335000000,0,2101376000,169000000,28677000
2025-12-18,1417,115000000,5000000,0,0,1000000,8000000
2025-12-18,00903,1000000,55000000,0,0,164668000,8242000
2025-12-18,00654R,0,0,0,0,113048000,12000000
2025-12-18,1227,135000000,73000000,0,0,37000000,65000
2025-12-18,3026,216000000,129000000,0,0,10392000,1000000
2025-12-18,2881,16483990000,10645625000,4000000,6696000000,1451790000,501784000
2025-12-18,3022,234000000,142000000,0,0,13000000,9000000
2025-12-18,4737,110000000,14000000,0,0,0,1000000
2025-12-18,1721,117000000,36000000,0,0,13870000,0
2025-12-18,006208,349220000,248500000,0,0,2162790000,2170595000
2025-12-18,1907,172000000,149000000,0,0,69334000,1001000
2025-12-18,3703,348000000,286000000,0,0,31000000,2000000
2025-12-18,6592,176000000,137000000,0,0,51549000,0
2025-12-18,6189,161999000,79000000,0,0,11302000,4230000
2025-12-18,8464,560620000,485000000,0,0,13826000,1000000
2025-12-18,5531,120000000,64000000,0,0,32000000,0
2025-12-18,3705,315000000,236000000,0,0,28321000,20000000
2025-12-18,2375,413000000,326000000,0,0,9778000,10183000
2025-12-18,00651R,35000000,0,0,0,108799000,57879000
2025-12-18,8103,524050000,444000000,0,0,6000000,1500000
2025-12-18,1309,477000000,415000000,0,0,31000000,9720000
2025-12-18,2727,157000000,80000000,0,0,4000000,0
2025-12-18,3057,98000000,35000000,0,0,20058000,3000000
2025-12-18,2481,7711030000,8387026000,488000000,0,473994000,207789000
2025-12-18,00949,3000000,0,0,0,643173000,568054000
2025-12-18,1528,300000000,237000000,0,0,14000000,0
2025-12-18,9940,163000000,115000000,0,0,32000000,3000000
2025-12-18,00941,30000,25000000,0,0,460000000,358047000
2025-12-18,00962,0,3000000,0,0,127000000,48376000
2025-12-18,6431,101000000,27000000,0,0,1000000,0
2025-12-18,2414,88000000,20000000,0,0,6000000,0
2025-12-18,2029,115000000,42000000,0,0,3000000,2000000
2025-12-18,00912,1225000,22000000,0,0,133000000,38992000
2025-12-18,2038,92000000,20000000,0,0,2000000,1000000
2025-12-18,2022,114000000,42000000,0,0,1000000,1000000
2025-12-18,3321,116000000,44000000,0,0,0,0
2025-12-18,2530,362000000,162000000,0,0,148000000,276000000
2025-12-18,5388,577000000,547000000,0,0,44726000,3170000
2025-12-18,2849,49000000,76000000,0,0,112000000,14000000
2025-12-18,1789,211000000,172000000,0,0,38000000,6000000
2025-12-18,3209,142000000,64000000,0,0,1000000,9000000
2025-12-18,2010,168000000,125000000,0,0,27000000,0
2025-12-18,3032,322000000,246000000,0,0,8000000,14284000
2025-12-18,6706,4625000000,4694000000,0,0,180762000,42427000
2025-12-18,6166,285020000,213000000,0,0,8794000,13050000
2025-12-18,1414,126000000,120000000,0,0,61000000,0
2025-12-18,2545,147000000,100000000,0,0,18000000,0
2025-12-18,6669,520386000,561614000,79000000,31000000,88288000,30436000
2025-12-18,00717,135000000,1000000,0,0,40000000,110000000
2025-12-18,2505,91000000,34000000,0,0,6000000,0
2025-12-18,2348,156000000,101000000,0,0,7098000,1081000
2025-12-18,00638R,0,0,0,0,87000000,26020000
2025-12-18,00916,0,17000000,0,0,196000000,118216000
2025-12-18,1773,99000000,49000000,0,0,11000000,230000
2025-12-18,4306,247000000,178000000,0,0,24000000,34000000
2025-12-18,3622,175000000,115000000,0,0,7000000,10000000
2025-12-18,2534,195000000,177000000,0,0,39000000,1000000
2025-12-18,2908,78000000,42000000,0,0,19000000,0
2025-12-18,2444,83000000,28000000,0,0,2000000,2000000
2025-12-18,8499,118000000,63000000,0,0,1640000,2363000
2025-12-18,6197,266287000,215000000,0,0,13000000,10367000
2025-12-18,1231,102000000,60000000,0,0,15000000,3737000
2025-12-18,8163,122100000,64000000,0,3854000,4000000,5315000
2025-12-18,009808,0,97000000,0,0,915000000,765192000
2025-12-18,2345,2171724000,2368669000,357000000,75000000,121051000,153556000
2025-12-18,1517,50000000,5000000,0,0,6000000,28000
2025-12-18,8478,101000000,23000000,0,0,4567000,31641000
2025-12-18,4569,181000000,131000000,0,0,0,1000000
2025-12-18,4414,124000000,77000000,0,0,6000000,5000000
2025-12-18,00947,10000000,24000000,0,0,559154000,497408000
2025-12-18,1321,65000000,22000000,0,0,4000000,0
2025-12-18,2020,57000000,14000000,0,0,3000000,0
2025-12-18,00739,23000000,0,0,0,25815000,4000000
2025-12-18,00678,1000000,130000000,0,0,399000000,225922000
2025-12-18,4440,56000000,13000000,0,0,5000000,4000000
2025-12-18,2832,86000000,64000000,0,0,22000000,1000000
2025-12-18,1909,500003000,524000000,0,0,75000000,9000000
2025-12-18,2536,55000000,10000000,0,0,0,3000000
2025-12-18,2364,92640000,50000000,0,0,0,1000000
2025-12-18,6215,113000000,73000000,0,0,2000000,749000
2025-12-18,2636,136000000,100000000,0,0,6000000,1302000
2025-12-18,8454,235450000,203375000,0,0,9000000,716000
2025-12-18,2478,265000000,238000000,0,0,13000000,0
2025-12-18,3701,461500000,441000000,0,0,23000000,3693000
2025-12-18,3515,440000000,393000000,1000000,0,4120000,12637000
2025-12-18,6226,61000000,23000000,0,0,1000000,0
2025-12-18,6472,192000000,167397000,0,0,29000000,16287000
2025-12-18,00921,0,16000000,0,0,72000000,20840000
2025-12-18,1337,50000000,15000000,0,0,0,0
2025-12-18,5283,37000000,3000000,0,0,1000000,0
2025-12-18,2484,63000000,24000000,0,0,3000000,8000000
2025-12-18,6192,50000000,15000000,0,0,9000000,10000000
2025-12-18,3607,62000000,30000000,0,0,2000000,0
2025-12-18,7750,50976000,16000000,0,0,0,1000000
2025-12-18,8104,192000000,159000000,0,0,0,0
2025-12-18,1712,143000000,127000000,0,0,17000000,824000
2025-12-18,1419,123000000,96000000,0,0,12005000,8000000
2025-12-18,1709,47000000,15000000,0,0,1000000,2000000
2025-12-18,2428,123000000,108000000,0,0,23018000,7253000
2025-12-18,6438,124000000,90000000,0,0,1000000,4244000
2025-12-18,7788,60000000,30000000,0,0,0,0
2025-12-18,1103,45000000,45000000,0,0,29000000,0
2025-12-18,1618,101000000,73000000,0,0,0,0
2025-12-18,2488,29000000,2000000,0,0,1000000,1000
2025-12-18,2211,1230000000,3508000000,2260000000,1343000,59000000,12000000
2025-12-18,006207,17000000,2000000,0,0,119310000,107069000
2025-12-18,2597,116973000,100800000,0,0,11000000,0
2025-12-18,8222,60000000,33000000,0,0,0,0
2025-12-18,6914,32000000,5000000,0,0,0,0
2025-12-18,1219,26000000,4000000,0,0,5000000,0
2025-12-18,4585,32070000,9000000,0,0,3000000,0
2025-12-18,9925,50000000,42000000,0,0,18000000,0
2025-12-18,5519,196000000,173000000,0,0,3000000,1000000
2025-12-18,7799,59666000,38050000,0,0,4000000,1000000
2025-12-18,00652,1000000,0,0,0,132644000,109202000
2025-12-18,3686,43000000,21000000,0,0,2000000,0
2025-12-18,4564,94000000,75000000,0,0,5000000,1000
2025-12-18,2062,41000000,15000000,0,3000000,3000000,3000000
2025-12-18,1603,109000000,86000000,0,0,0,0
2025-12-18,3530,77000000,55000000,0,0,1000000,234000
2025-12-18,2034,453120000,493000000,0,0,75000000,13002000
2025-12-18,2929,91000000,69000000,0,0,4000000,4000000
2025-12-18,910322,22000000,0,0,0,0,0
2025-12-18,1707,30000000,27000000,0,0,19000000,434000
2025-12-18,1714,158000000,139000000,0,0,2000000,0
2025-12-18,00920,0,0,0,0,52000000,31202000
2025-12-18,9919,22000000,5000000,0,0,3000000,0
2025-12-18,6115,22000000,3000000,0,0,1000000,160000
2025-12-18,3046,35000000,19000000,0,0,4000000,1000000
2025-12-18,6515,212925000,255000000,56000000,0,22233000,17242000
2025-12-18,6206,134000000,123000000,0,1306000,11343000,2121000
2025-12-18,00917,20000000,0,0,0,70198000,71787000
2025-12-18,1447,54000000,37000000,0,0,1000000,0
2025-12-18,6933,41000000,24000000,0,0,2000000,1651000
2025-12-18,8462,35000000,20000000,0,0,2000000,0
2025-12-18,4960,206000000,185000000,0,0,1000000,5000000
2025-12-18,1232,9000000,3000000,0,0,11000000,0
2025-12-18,6196,1688100000,611000000,0,1028000000,64671000,96817000
2025-12-18,00653L,0,0,0,0,25431000,8478000
2025-12-18,8374,48000000,30000000,0,0,3000000,4298000
2025-12-18,6937,55000000,38000000,0,0,2100000,2582000
2025-12-18,1342,25000000,8000000,0,0,251000,1000000
2025-12-18,1436,84000000,67000000,0,0,6396000,7185000
2025-12-18,02001R,0,0,0,0,16000000,0
2025-12-18,6585,17000000,1000000,0,0,0,25000
2025-12-18,9935,25000000,10000000,0,0,0,0
2025-12-18,1713,33000000,17000000,0,0,0,1000000
2025-12-18,4560,36000000,21000000,0,0,0,0
2025-12-18,2031,116020000,115000000,0,0,14000000,842000
2025-12-18,1733,41000000,28000000,0,0,2000000,1000000
2025-12-18,2482,10000000,7000000,0,0,11000000,807000
2025-12-18,1903,46000000,43000000,0,0,10000000,0
2025-12-18,1233,0,0,0,0,13000000,0
2025-12-18,2460,59000000,46000000,0,0,2000000,2000000
2025-12-18,3257,72000000,60000000,0,0,1000000,0
2025-12-18,7749,49048000,37000000,0,0,1116000,338000
2025-12-18,5225,67000000,56000000,0,0,3000000,1358000
2025-12-18,5706,18000000,5762000,0,0,1000000,1000000
2025-12-18,6691,488721000,460461000,0,11000000,34529000,39573000
2025-12-18,6799,54200000,43000000,0,0,1000000,38000
2025-12-18,6790,15000000,10000000,0,0,7000000,0
2025-12-18,8341,32000000,27000000,0,0,7000000,0
2025-12-18,4557,20000000,10000000,0,0,3000000,1000000
2025-12-18,6949,35000000,36000000,0,0,13051000,460000
2025-12-18,6184,13000000,2000000,0,0,0,0
2025-12-18,9938,364000000,413000000,0,0,67015000,7022000
2025-12-18,6128,11000000,2000000,0,0,2000000,422000
2025-12-18,1617,20000000,13000000,0,0,5000000,1500000
2025-12-18,1737,15000000,5000000,0,0,0,0
2025-12-18,1533,22000000,11000000,0,0,0,1000000
2025-12-18,1203,7000000,5000000,0,0,8000000,0
2025-12-18,9927,25000000,17000000,0,0,2000000,0
2025-12-18,7791,12000000,4000000,0,0,2000000,0
2025-12-18,1437,41000000,31000000,0,0,0,0
2025-12-18,2904,12000000,2000000,0,0,0,0
2025-12-18,2227,9000000,6357000,0,0,8000000,1000000
2025-12-18,2881B,0,1000000,0,0,13000000,3000000
2025-12-18,2851,288000000,274000000,0,0,48000000,53000000
2025-12-18,2461,12000000,4000000,0,0,1000000,0
2025-12-18,1463,19000000,6000000,0,0,1000000,5000000
2025-12-18,8367,9000000,0,0,0,0,0
2025-12-18,8481,9000000,0,0,0,0,0
2025-12-18,9918,15000000,6000000,0,0,0,0
2025-12-18,6534,10000000,8000000,0,0,7000000,0
2025-12-18,2432,1000000,1000000,0,0,29000000,20000000
2025-12-18,9136,10000000,1000000,0,0,0,0
2025-12-18,2906,10000000,4000000,0,0,3000000,0
2025-12-18,6834,51000000,42000000,0,0,0,26000
2025-12-18,1339,9000000,1000000,0,0,2000000,1108000
2025-12-18,8926,315000000,337000000,0,0,37000000,6874000
2025-12-18,6862,19000000,11000000,0,0,1000000,1000000
2025-12-18,1527,35000000,27000000,0,0,0,0
2025-12-18,00689R,0,0,0,0,133000000,125000000
2025-12-18,2107,27000000,20000000,0,0,1000000,0
2025-12-18,1783,24000000,15000000,0,0,1000000,2000000
2025-12-18,9937,22000000,23000000,0,0,16000000,7075000
2025-12-18,4576,78000000,79000000,0,0,12000000,3363000
2025-12-18,2462,17000000,9000000,0,0,2000000,2387000
2025-12-18,6579,18000000,17000000,0,0,8000000,1573000
2025-12-18,6838,47000000,40000000,0,0,0,0
2025-12-18,8473,28000000,20000000,0,0,0,1000000
2025-12-18,7732,12000000,6000000,0,0,1000000,0
2025-12-18,7610,40000000,33000000,0,0,2000000,2000000
2025-12-18,1537,18000000,12000000,0,0,1000000,0
2025-12-18,4155,3000000,2000000,0,0,6000000,0
2025-12-18,3501,43000000,35000000,0,0,1000000,2000000
2025-12-18,3296,23000000,18000000,0,0,2000000,0
2025-12-18,0057,0,0,0,0,147000000,140000000
2025-12-18,9908,0,15000000,0,0,22000000,270000
2025-12-18,00972,0,0,0,0,114000000,107505000
2025-12-18,1604,7000000,17000000,0,0,16000000,0
2025-12-18,1201,53000000,55000000,0,0,8000000,0
2025-12-18,1234,6000000,11000000,0,0,11000000,0
2025-12-18,020037,0,0,0,0,6000000,0
2025-12-18,00711B,1000000,0,0,0,104100000,100000000
2025-12-18,6464,0,1000000,0,0,7031000,1000000
2025-12-18,1325,35000000,30000000,0,0,0,0
2025-12-18,1467,8000000,3000000,0,0,0,0
2025-12-18,5525,3000000,9000000,0,0,11000000,0
2025-12-18,5007,8000000,11000000,0,0,8000000,0
2025-12-18,3557,8000000,4000000,0,0,1000000,0
2025-12-18,2527,53000000,50000000,0,0,4000000,2000000
2025-12-18,2450,5000000,4000000,0,0,4000000,0
2025-12-18,2373,4000000,6000000,0,0,7000000,0
2025-12-18,2915,498000000,523000000,0,90000000,152883000,33000000
2025-12-18,00714,1000000,1000000,0,0,204523000,200000000
2025-12-18,6183,1000000,1000000,0,0,6347000,2000000
2025-12-18,1474,1000000,4000000,0,0,7000000,0
2025-12-18,2028,8000000,4000000,0,0,0,0
2025-12-18,3150,0,0,0,0,5000000,1000000
2025-12-18,5292,6000000,2000000,0,0,0,0
2025-12-18,5484,13000000,9000000,0,0,0,0
2025-12-18,1806,135000000,130000000,0,0,10000000,11000000
2025-12-18,2702,5000000,2000000,0,0,1000000,0
2025-12-18,6581,1000000,1000000,0,0,4000000,0
2025-12-18,1614,2000000,4000000,0,0,6000000,0
2025-12-18,7722,7008000,3653000,0,0,1000000,557000
2025-12-18,00710B,0,0,0,0,116526000,112887000
2025-12-18,6024,59000000,28000000,0,0,0,27377000
2025-12-18,3033,205000000,217000000,0,0,18000000,2571000
2025-12-18,00728,0,7000000,0,0,35000000,24687000
2025-12-18,00702,0,0,0,0,105000000,102000000
2025-12-18,020034,0,0,0,0,3000000,0
2025-12-18,1539,6000000,2000000,0,0,0,1000000
2025-12-18,1776,4000000,1000000,0,0,0,0
2025-12-18,1454,4000000,1000000,0,0,0,0
2025-12-18,7721,4000000,2000000,0,0,1000000,0
2025-12-18,8940,5000000,1000000,0,0,0,1000000
2025-12-18,9906,20000000,18000000,0,0,2000000,1000000
2025-12-18,9926,0,3000000,0,0,6000000,0
2025-12-18,6655,1000000,2000000,0,0,4000000,0
2025-12-18,6906,12000000,4000000,0,5000000,0,0
2025-12-18,4439,4000000,1000000,0,0,0,0
2025-12-18,4755,29000000,26000000,0,0,1000000,1000000
2025-12-18,2516,11000000,9000000,0,0,2000000,1000000
2025-12-18,3617,208000000,207000000,0,0,2000000,204000
2025-12-18,4190,3000000,1000000,0,0,0,0
2025-12-18,4426,6000000,5000000,0,0,1000000,0
2025-12-18,4994,1000000,0,0,0,1000000,0
2025-12-18,2115,4000000,3000000,0,0,1000000,0
2025-12-18,2430,2000000,3000000,0,0,3000000,0
2025-12-18,6835,10000000,8000000,0,0,0,0
2025-12-18,6504,3000000,3000000,0,0,2000000,0
2025-12-18,9928,0,0,0,0,3000000,1000000
2025-12-18,7765,5000000,3000000,0,0,0,0
2025-12-18,1473,16000000,15000000,0,0,1000000,0
2025-12-18,1465,2000000,0,0,0,1000000,1000000
2025-12-18,1416,9000000,8000000,0,0,1000000,0
2025-12-18,1432,4000000,2000000,0,0,0,0
2025-12-18,1525,0,0,0,0,4000000,2000000
2025-12-18,1101B,0,0,0,0,2000000,0
2025-12-18,01004T,2000000,0,0,0,0,0
2025-12-18,020012,0,0,0,0,2000000,0
2025-12-18,2891C,0,0,0,0,2000000,0
2025-12-18,4930,2000000,0,0,0,0,0
2025-12-18,020030,0,0,0,0,13000000,11000000
2025-12-18,3591,49000000,69000000,0,0,22000000,1000
2025-12-18,6671,1000000,0,0,0,6000000,5099000
2025-12-18,2642,3000000,1228000,0,0,2000000,2000000
2025-12-18,4106,0,1000000,0,0,4000000,1709000
2025-12-18,1762,0,0,0,0,2000000,777000
2025-12-18,1475,3000000,0,0,0,0,2000000
2025-12-18,1438,1000000,1000000,0,0,1000000,0
2025-12-18,1410,0,1000000,0,0,2000000,0
2025-12-18,1235,2000000,6000000,0,0,5000000,0
2025-12-18,01007T,1000000,0,0,0,0,0
2025-12-18,6598,6000000,5000000,0,0,0,0
2025-12-18,6902,3000000,3000000,0,0,1000000,0
2025-12-18,6924,0,0,0,0,1000000,0
2025-12-18,6552,4000000,3000000,0,0,0,0
2025-12-18,7705,2000000,1000000,0,0,0,0
2025-12-18,8112A,0,0,1000000,0,0,0
2025-12-18,2509,3000000,3000000,0,0,1000000,0
2025-12-18,2882B,0,0,0,0,1000000,0
2025-12-18,2723,239000000,250000000,0,0,12000000,0
2025-12-18,2254,1000000,3000000,0,0,10000000,7000000
2025-12-18,4807,1000000,0,0,0,0,0
2025-12-18,5288,12000000,13000000,0,0,2000000,0
2025-12-18,1418,0,0,0,0,1000000,0
2025-12-18,1341,1000000,0,0,0,0,0
2025-12-18,6958,8000000,7000000,0,0,1000000,1000000
2025-12-18,00775B,1000000,0,0,0,0,1000
2025-12-18,2420,16579000,15000000,0,0,1000000,2000000
2025-12-18,3308,15000000,13000000,0,0,114000,2000000
2025-12-18,00684R,0,0,0,0,9000,0
2025-12-18,6230,9000000,11000000,0,0,2001000,0
2025-12-18,6281,4000000,5000000,0,0,2000000,1000000
2025-12-18,6243,116000000,120000000,0,0,5000000,1000000
2025-12-18,6918,0,2000000,0,0,2000000,0
2025-12-18,6782,27000000,28000000,0,0,1000000,0
2025-12-18,8487,0,3000000,0,0,3000000,0
2025-12-18,9934,65000000,61000000,0,0,1000000,5000000
2025-12-18,00636K,0,0,0,0,200000,200000
2025-12-18,00657K,0,0,0,0,200000,200000
2025-12-18,00681R,0,0,0,0,150000000,150000000
2025-12-18,00668K,0,0,0,0,200000,200000
2025-12-18,020031,0,0,0,0,2000000,2000000
2025-12-18,1456,0,2000000,0,0,2000000,0
2025-12-18,1583,1000000,2000000,0,0,1000000,0
2025-12-18,1725,2000000,2000000,0,0,0,0
2025-12-18,3164,1000000,1000000,0,0,0,0
2025-12-18,3168,1000000,0,0,0,0,1000000
2025-12-18,3419,4000000,5000000,0,0,2000000,1000000
2025-12-18,1413,0,1000000,0,0,1000000,0
2025-12-18,1460,35000000,26000000,0,0,11000000,20000000
2025-12-18,1323,2000000,2000000,0,0,0,0
2025-12-18,2109,3000000,3000000,0,0,0,0
2025-12-18,2102,42000000,60000000,0,0,18000000,0
2025-12-18,1805,3000000,4000000,0,0,1000000,0
2025-12-18,2496,0,1000000,0,0,1000000,0
2025-12-18,2459,0,2000000,0,0,2000000,0
2025-12-18,2712,0,1000000,0,0,1000000,0
2025-12-18,2722,1000000,3000000,0,0,2000000,0
2025-12-18,6606,0,2000000,0,0,2000000,0
2025-12-18,6582,4000000,4000000,0,0,0,0
2025-12-18,1516,24000000,24000000,0,0,1000000,1000000
2025-12-18,006204,1000000,8000000,0,0,9000000,2010000
2025-12-18,1760,16000000,23106000,0,0,7000000,0
2025-12-18,3583,68015000,71000000,0,0,7000000,4373000
2025-12-18,3034,1280087000,1039000000,23000000,346000000,98146000,16724000
2025-12-18,4137,12557000,15000000,0,0,2000000,118000
2025-12-18,6873,94000000,94000000,0,0,11359000,12000000
2025-12-18,1726,10000000,18000000,0,0,7200000,0
2025-12-18,4999,2000000,4000000,0,0,3000000,1870000
2025-12-18,2017,31000000,35000000,0,0,7000000,3870000
2025-12-18,2705,7010000,7000000,0,0,1000000,2000000
2025-12-18,6715,0,2000000,0,0,1000000,0
2025-12-18,2397,31000000,33000000,0,0,1000000,0
2025-12-18,911868,0,1000000,0,0,0,0
2025-12-18,1110,15000000,25000000,0,0,15000000,6000000
2025-12-18,6141,0,4000000,0,0,3000000,0
2025-12-18,5546,0,2000000,0,0,1000000,0
2025-12-18,1443,0,1000000,0,0,0,0
2025-12-18,1730,0,1000000,0,0,0,0
2025-12-18,4119,19000000,22000000,0,0,3000000,1000000
2025-12-18,4133,0,1000000,0,0,0,0
2025-12-18,3679,0,1000000,0,0,0,0
2025-12-18,2706,8000000,12000000,0,0,3000000,0
2025-12-18,1817,1000000,2000000,0,0,0,0
2025-12-18,2024,0,1000000,0,0,0,0
2025-12-18,1535,2000000,3000000,0,0,0,0
2025-12-18,1435,0,0,0,0,0,1000000
2025-12-18,020029,0,0,0,0,0,1000000
2025-12-18,1324,0,1000000,0,0,0,0
2025-12-18,020032,0,0,0,0,0,1000000
2025-12-18,6887,0,2000000,0,0,1000000,0
2025-12-18,6754,2000000,2000000,0,0,0,1000000
2025-12-18,6614,0,1000000,0,0,0,0
2025-12-18,6641,0,1000000,0,0,0,0
2025-12-18,6423,0,1000000,0,0,0,0
2025-12-18,00660,0,0,0,0,1000000,2000000
2025-12-18,9942,6000000,9000000,0,0,2000000,0
2025-12-18,9944,0,1000000,0,0,0,0
2025-12-18,9931,0,2000000,0,0,1000000,0
2025-12-18,8488,0,1000000,0,0,0,0
2025-12-18,7730,0,2000000,0,0,3000000,2000000
2025-12-18,4104,12122000,20000000,0,0,7000000,177000
2025-12-18,5215,0,1000000,0,0,1000000,1196000
2025-12-18,1611,348000000,357000000,0,0,14000000,6567000
2025-12-18,00771,0,0,0,0,1000,2000000
2025-12-18,00905,200000,29000000,0,0,271000000,244200000
2025-12-18,020028,0,0,0,0,0,2000000
2025-12-18,1459,8000000,11000000,0,0,1000000,0
2025-12-18,1472,0,2000000,0,0,0,0
2025-12-18,1455,27000000,36000000,0,0,7000000,0
2025-12-18,1445,0,2000000,0,0,0,0
2025-12-18,8463,1000000,3000000,0,0,0,0
2025-12-18,8438,0,1000000,0,0,1000000,2000000
2025-12-18,8442,4000000,4000000,0,0,1000000,3000000
2025-12-18,8411,2000000,6000000,0,0,3000000,1000000
2025-12-18,6674,0,2000000,0,0,0,0
2025-12-18,6742,20000000,21000000,0,0,2000000,3000000
2025-12-18,6863,32000000,35000000,0,0,1000000,0
2025-12-18,6957,23000000,25000000,0,0,0,0
2025-12-18,1731,0,3000000,0,0,1000000,0
2025-12-18,1531,3000000,5000000,0,0,0,0
2025-12-18,3652,1000000,3000000,0,0,0,0
2025-12-18,3054,10000000,13000000,0,0,2000000,1000000
2025-12-18,2032,23000000,26000000,0,0,1000000,0
2025-12-18,2433,10000000,13000000,0,0,1000000,0
2025-12-18,2739,5000000,7000000,0,0,0,0
2025-12-18,2762,0,2000000,0,0,0,0
2025-12-18,2910,1000000,4000000,0,0,1000000,0
2025-12-18,2901,0,2000000,0,0,0,0
2025-12-18,2483,1000000,5000000,0,0,3000000,1000000
2025-12-18,2546,6000000,13000000,0,0,6000000,1000000
2025-12-18,9943,2000000,4000000,0,0,0,0
2025-12-18,4588,0,3000000,0,0,1000000,0
2025-12-18,2820,192000000,285000000,0,0,91000000,0
2025-12-18,6771,1000000,1000000,0,0,2000000,4000000
2025-12-18,3311,5000000,12000000,0,0,6000000,1597000
2025-12-18,3669,1000000,4000000,0,0,0,0
2025-12-18,4935,0,3000000,0,0,1000000,1000000
2025-12-18,2748,2000000,6000000,0,0,1000000,0
2025-12-18,2423,22000000,28000000,0,0,3000000,0
2025-12-18,2243,1000000,0,0,0,1000000,5000000
2025-12-18,6695,96000000,101000000,0,0,2000000,0
2025-12-18,6645,3000000,1000000,0,0,6000000,11000000
2025-12-18,1451,0,4000000,0,0,1000000,0
2025-12-18,1452,1000000,14000000,0,0,10000000,0
2025-12-18,1468,1000000,1000000,0,0,1000000,4000000
2025-12-18,1466,15000000,18000000,0,0,3000000,3000000
2025-12-18,1338,3000000,6000000,0,0,0,0
2025-12-18,1256,7000000,9000000,0,0,0,1000000
2025-12-18,1526,0,4000000,0,0,2000000,1000000
2025-12-18,1512,0,3000000,0,0,0,0
2025-12-18,1530,5000000,8000000,0,0,0,0
2025-12-18,01010T,0,3000000,0,0,0,0
2025-12-18,7631,0,0,0,0,0,3000000
2025-12-18,3416,14000000,14000000,0,0,1000000,4078000
2025-12-18,3003,14000000,12000000,0,0,1000000,6303000
2025-12-18,1735,0,1000000,0,0,1000000,3519000
2025-12-18,1734,27000000,32000000,0,0,1000000,0
2025-12-18,1540,25000000,28000000,0,0,0,1000000
2025-12-18,1236,6000000,12000000,0,0,4000000,2000000
2025-12-18,1225,9000000,13000000,0,0,0,0
2025-12-18,020039,0,0,0,0,7000000,11000000
2025-12-18,6931,7000000,11000000,0,0,0,0
2025-12-18,8429,7000000,12000000,0,0,1000000,0
2025-12-18,8162,1000000,9000000,0,0,6000000,2000000
2025-12-18,006203,0,1000000,0,0,0,3000000
2025-12-18,2701,0,6000000,0,0,2000000,0
2025-12-18,3518,18000000,25000000,0,0,6000000,3000000
2025-12-18,3040,2000000,6000000,0,0,0,0
2025-12-18,4148,2000000,6000000,0,0,0,0
2025-12-18,5244,61000000,65000000,0,0,0,0
2025-12-18,1446,9000000,3000000,0,0,0,10000000
2025-12-18,00986A,133000000,13000000,0,0,109000000,233009000
2025-12-18,2013,5000000,12000000,0,0,3000000,100000
2025-12-18,3528,4000000,8000000,0,0,1000000,1353000
2025-12-18,2514,1000000,13000000,0,0,8000000,592000
2025-12-18,1457,2000000,8000000,0,0,1000000,0
2025-12-18,5285,14000000,20000000,0,0,1000000,0
2025-12-18,4108,1000000,7000000,0,0,1000000,0
2025-12-18,2247,5000000,12000000,0,0,2000000,0
2025-12-18,1220,0,5000000,0,0,0,0
2025-12-18,1340,14000000,18000000,0,0,0,1000000
2025-12-18,1453,0,5000000,0,0,0,0
2025-12-18,1568,3000000,8000000,0,0,0,0
2025-12-18,8482,1000000,6000000,0,0,0,0
2025-12-18,6201,0,5000000,0,0,0,0
2025-12-18,2007,3000000,9000000,0,0,1000000,0
2025-12-18,8476,5000000,10000000,0,0,0,23000
2025-12-18,00861,13020000,4000000,0,0,111000000,125061000
2025-12-18,0053,0,0,0,0,0,5168000
2025-12-18,1109,2000000,11000000,0,0,4000000,293000
2025-12-18,6405,28000000,34000000,0,0,2000000,1501000
2025-12-18,1906,0,5000000,0,0,3000000,3619000
2025-12-18,3002,365000000,369000000,0,0,1000000,2870000
2025-12-18,2415,11000000,18000000,0,0,1055000,0
2025-12-18,3130,5000000,10999000,0,0,0,0
2025-12-18,3716,0,6000000,0,0,0,0
2025-12-18,2923,5000000,57000000,0,0,46000000,0
2025-12-18,2616,0,6000000,0,0,0,0
2025-12-18,2069,1000000,7000000,0,0,0,0
2025-12-18,6776,6000000,14000000,0,0,2000000,0
2025-12-18,6796,7000000,13000000,0,0,0,0
2025-12-18,9905,0,7000000,0,0,1000000,0
2025-12-18,1558,9000000,14000000,0,0,30000000,31000000
2025-12-18,1752,1000000,5000000,0,0,0,2000000
2025-12-18,2477,10000000,18000000,0,0,2000000,0
2025-12-18,4952,5000000,14000000,0,0,3000000,27000
2025-12-18,2103,165000000,199000000,0,0,35000000,7094000
2025-12-18,9930,5000000,22000000,0,0,11000000,170000
2025-12-18,6531,181000000,282000000,88000000,0,26595000,20011000
2025-12-18,6625,31000000,38000000,0,0,3000000,2472000
2025-12-18,7711,6000000,13000000,0,0,0,0
2025-12-18,1615,11000000,25000000,0,0,7000000,0
2025-12-18,1108,3000000,11000000,0,0,1000000,0
2025-12-18,2012,0,8000000,0,0,1000000,0
2025-12-18,2390,18000000,43000000,0,0,24000000,6000000
2025-12-18,9946,141000000,147000000,0,0,0,1000000
2025-12-18,4771,3000000,11000000,0,0,1000000,0
2025-12-18,2250,3000000,10000000,0,0,0,31000
2025-12-18,3094,1000000,15000000,0,0,7000000,88000
2025-12-18,2753,60067000,58000000,0,0,1000000,10403000
2025-12-18,00657,0,2000000,0,0,206015000,211776000
2025-12-18,2425,31000000,40000000,0,0,1000000,0
2025-12-18,1732,10000000,18000000,0,0,0,0
2025-12-18,1506,1000000,9000000,0,0,0,0
2025-12-18,7786,11000000,33000000,14000000,0,0,0
2025-12-18,8443,0,9000000,0,0,1000000,0
2025-12-18,6592B,0,0,0,8000000,0,0
2025-12-18,4555,33000000,42000000,0,0,1000000,32000
2025-12-18,2059,218758000,244092000,25000000,0,15003000,23166000
2025-12-18,00899,0,0,0,0,33000000,41672000
2025-12-18,020020,0,0,0,0,3000000,12000000
2025-12-18,1626,0,9000000,0,0,0,0
2025-12-18,1464,13000000,23000000,0,0,1000000,0
2025-12-18,1423,1000000,9000000,0,0,0,1000000
2025-12-18,8201,0,8000000,0,0,1000000,2000000
2025-12-18,6969,0,1000000,0,0,8000000,16000000
2025-12-18,6936,1000000,9000000,0,0,0,1000000
2025-12-18,2471,7000000,16000000,0,0,0,0
2025-12-18,6928,4000000,14000000,0,0,1000000,20000
2025-12-18,2368,1519407000,1476897000,196000000,328000000,192116000,112455000
2025-12-18,6965,7000000,23000000,0,0,7000000,1000000
2025-12-18,7736,3000000,13000000,0,0,0,0
2025-12-18,02001L,0,0,0,0,0,10000000
2025-12-18,4942,10000000,21000000,0,0,1000000,0
2025-12-18,4438,6000000,21000000,0,0,6000000,1000000
2025-12-18,3021,0,13000000,0,0,3000000,0
2025-12-18,4441,6000000,15000000,0,0,0,2000000
2025-12-18,4572,10000000,21000000,0,0,0,0
2025-12-18,6573,65000000,73000000,0,0,0,3000000
2025-12-18,2424,4000000,13000000,0,0,0,2043000
2025-12-18,00703,0,0,0,0,42049000,53185000
2025-12-18,4583,8000000,20855000,0,0,2562000,1298000
2025-12-18,3015,138000000,156774000,3000000,2592000,8662000,2000000
2025-12-18,2704,5000000,28000000,0,0,13000000,2000000
2025-12-18,6277,1000000,15000000,0,0,5000000,3000000
2025-12-18,00913,0,0,0,0,157420000,169615000
2025-12-18,6412,259075000,285000000,0,1418000,16250000,1202000
2025-12-18,6916,49000000,61000000,0,0,5000000,5317000
2025-12-18,6689,29000000,43116000,0,0,2000000,679000
2025-12-18,6794,0,13000000,0,0,0,0
2025-12-18,2008,0,13000000,0,0,0,0
2025-12-18,4766,102000000,106000000,0,11000000,2000000,186000
2025-12-18,00690,4000000,0,0,0,909000000,926737000
2025-12-18,7740,11000000,29000000,0,0,4000000,0
2025-12-18,5306,5000000,19000000,0,0,0,0
2025-12-18,6136,7000000,22000000,0,0,1000000,0
2025-12-18,2033,0,14000000,0,0,0,0
2025-12-18,2453,62000000,77000000,0,0,1000000,0
2025-12-18,3266,6000000,15000000,0,0,0,5000000
2025-12-18,2108,55000000,88000000,0,0,19000000,90000
2025-12-18,6658,15000000,30000000,0,0,1000000,168000
2025-12-18,2025,7000000,23000000,0,0,1000000,0
2025-12-18,2438,1000000,15000000,0,0,0,1000000
2025-12-18,2465,78000000,93000000,0,0,1000000,1000000
2025-12-18,3229,4000000,18000000,0,0,1000000,2000000
2025-12-18,6952,1000000,1000000,0,0,0,15000000
2025-12-18,8045,22000000,32000000,0,0,1000000,6000000
2025-12-18,1439,13000000,31000000,0,0,4000000,2000000
2025-12-18,1434,343000000,424000000,0,0,71000000,6688000
2025-12-18,8467,10000000,26000000,0,0,39000,1000000
2025-12-18,6451,175000000,205000000,0,0,19000000,6222000
2025-12-18,6224,19000000,39000000,0,0,2000000,0
2025-12-18,9902,33000000,53000000,0,0,3000000,1000000
2025-12-18,3050,530000000,551000000,0,0,13000000,10000000
2025-12-18,6988,2000000,24000000,0,0,12000000,9000000
2025-12-18,6213,1242030000,1251176000,0,0,62800000,72686000
2025-12-18,6491,36000000,56000000,0,0,2000000,1202000
2025-12-18,1598,17000000,43000000,0,0,7000000,230000
2025-12-18,1616,225000000,242000000,0,0,1000000,3235000
2025-12-18,9921,485000000,467000000,0,50000000,21253000,8729000
2025-12-18,2114,1000000,21000000,0,0,0,0
2025-12-18,3494,2000000,22000000,0,0,0,1000000
2025-12-18,4552,4000000,26000000,0,0,1000000,0
2025-12-18,9924,12000000,37000000,0,0,8000000,4000000
2025-12-18,6830,134000000,169000000,0,0,18357000,5011000
2025-12-18,5258,74000000,98000000,0,0,3049000,1000000
2025-12-18,1515,55000000,74000000,0,0,1000000,4000000
2025-12-18,912000,0,23000000,0,0,0,0
2025-12-18,4912,15000000,40000000,0,0,2000000,0
2025-12-18,6719,50000000,82000000,0,0,9100000,584000
2025-12-18,5203,50005000,73000000,0,0,1000000,2004000
2025-12-18,4720,3000000,27000000,0,0,2000000,2000000
2025-12-18,2239,8000000,43000000,0,0,11000000,0
2025-12-18,6743,11000000,34000000,0,0,0,1000000
2025-12-18,00683L,0,0,0,0,0,24000000
2025-12-18,1104,50000000,97000000,0,0,23000000,159000
2025-12-18,4746,119000000,143000000,0,0,1406000,2259000
2025-12-18,6698,14000000,34000000,0,0,3000000,7962000
2025-12-18,1471,1000000,23000000,0,0,1000000,4000000
2025-12-18,7780,2000000,17000000,0,0,0,10000000
2025-12-18,00875,0,18000000,0,0,8000000,15023000
2025-12-18,6861,3000000,28000000,0,0,6000000,6775000
2025-12-18,6216,8000000,35000000,0,0,2000000,893000
2025-12-18,6657,20000000,47000000,0,0,1000000,0
2025-12-18,2466,113000000,148000000,0,0,9000000,0
2025-12-18,2816,1000000,29000000,0,0,2000000,0
2025-12-18,2707,7000000,41000000,0,0,8000000,0
2025-12-18,9958,203000000,232000000,2000000,0,15716000,15462000
2025-12-18,3058,44000000,72000000,0,0,1000000,0
2025-12-18,3437,27000000,53000000,0,0,0,1000000
2025-12-18,5907,16000000,43000000,0,0,2000000,2000000
2025-12-18,6112,46000000,75000000,0,0,2011000,19000
2025-12-18,9911,32000000,74000000,0,0,16000000,1115000
2025-12-18,6909,5000000,33000000,0,0,0,0
2025-12-18,6205,9000000,39000000,0,0,3000000,1000000
2025-12-18,2506,6000000,24000000,0,0,1000000,11000000
2025-12-18,4770,67000000,94600000,0,0,1617000,2255000
2025-12-18,2258,237000000,305000000,0,0,104778000,65037000
2025-12-18,6885,37000000,67000000,0,0,1000000,0
2025-12-18,6901,63000000,130000000,0,0,38000000,0
2025-12-18,9103,0,29000000,0,0,0,0
2025-12-18,4562,72000000,104000000,0,0,4000000,2000000
2025-12-18,6214,322000000,362000000,0,0,13000000,3215000
2025-12-18,4164,244000000,253000000,0,0,8000000,30337000
2025-12-18,1590,464445000,500280000,0,0,15790000,12505000
2025-12-18,3443,701880000,725133000,3000000,88000000,138157000,62553000
2025-12-18,5533,0,34000000,0,0,1000000,0
2025-12-18,0051,0,1000000,0,0,4000000,36159000
2025-12-18,5538,3000000,38000000,0,0,1000000,0
2025-12-18,2611,69000000,73000000,0,0,1000000,31000000
2025-12-18,3504,35000000,71000000,0,0,2000000,6000
2025-12-18,6994,10000000,48000000,0,0,3000000,0
2025-12-18,1563,39000000,80000000,0,0,6000000,0
2025-12-18,00735,33000000,0,0,0,121000000,189000000
2025-12-18,2480,19093000,61000000,0,0,6000000,115000
2025-12-18,00661,1000000,1000000,0,0,22000000,58091000
2025-12-18,5222,46000000,77103000,0,3000000,2000000,4431000
2025-12-18,1904,108000000,182000000,0,0,43000000,5599000
2025-12-18,2535,19000000,66000000,0,0,10000000,7000
2025-12-18,2436,293000000,334000000,0,0,9087000,5228000
2025-12-18,2429,71000000,109000000,0,0,1000000,517000
2025-12-18,4566,67000000,114000000,0,0,9540000,299000
2025-12-18,00882,64000000,110000000,0,0,1230000000,1221858000
2025-12-18,6117,55000000,85000000,0,0,0,8000000
2025-12-18,00709,69000,0,0,0,2000000,41000000
2025-12-18,2305,35000000,82000000,0,0,10000000,2000000
2025-12-18,00730,0,1000000,0,0,27000000,65907000
2025-12-18,00669R,0,0,0,0,598000000,638000000
2025-12-18,00943,1000000,7000000,0,0,110000000,144901000
2025-12-18,3454,1000000,42000000,0,0,1000000,1000000
2025-12-18,00647L,1000000,3000000,0,0,27000000,66224000
2025-12-18,6409,229818000,273068000,0,0,8762000,7666000
2025-12-18,00852L,0,0,0,0,201000000,243585000
2025-12-18,1786,123000000,167000000,0,0,2430000,1360000
2025-12-18,1218,50000000,115000000,0,0,22000000,0
2025-12-18,2426,51000000,99000000,0,0,7000000,2031000
2025-12-18,1582,40000000,89000000,0,0,7000000,1455000
2025-12-18,3008,89148000,189485000,43000000,0,27781000,13955000
2025-12-18,00956,1000000,52000000,0,0,14000000,7022000
2025-12-18,2338,115000000,150000000,0,0,8016000,17103000
2025-12-18,3036A,0,0,0,45000000,0,0
2025-12-18,00737,0,44000000,0,0,72000000,73006000
2025-12-18,2417,90000000,150000000,0,0,16000000,1343000
2025-12-18,8072,11000000,57055000,0,0,1000000,1000000
2025-12-18,4142,356072000,396000000,0,0,6000000,12482000
2025-12-18,00938,0,1000000,0,0,342000000,387995000
2025-12-18,3043,0,49000000,0,0,0,0
2025-12-18,6756,31000000,84000000,0,0,6000000,2129000
2025-12-18,00736,0,0,0,0,101000000,151000000
2025-12-18,2489,868000000,944000000,0,0,51000000,25013000
2025-12-18,3346,20000000,71000000,0,0,0,0
2025-12-18,2524,55000000,104000000,0,0,13000000,15000000
2025-12-18,00850,46058000,27000000,0,0,108000000,178279000
2025-12-18,3588,15598000,67000000,0,0,0,0
2025-12-18,6944,475055000,483010000,10000000,0,22905000,76598000
2025-12-18,4571,7060000,59000000,0,0,0,0
2025-12-18,1809,63000000,119000000,0,0,8000000,4000000
2025-12-18,2030,0,55000000,0,0,3000000,0
2025-12-18,2608,1000000,69000000,0,0,16000000,382000
2025-12-18,4739,198000000,251000000,2000000,0,3165000,4615000
2025-12-18,3055,343000000,390000000,0,0,1000000,6451000
2025-12-18,6591,48000000,100000000,0,0,14000,1003000
2025-12-18,6589,206000000,269000000,0,0,11000000,1000000
2025-12-18,5471,43000000,98000000,0,0,4000000,2629000
2025-12-18,4736,38000000,98000000,0,0,6000000,0
2025-12-18,00645,0,13000000,0,0,167000000,208131000
2025-12-18,6416,23000000,78000000,0,0,1000000,1000000
2025-12-18,2476,351000000,403000000,0,0,16000000,19316000
2025-12-18,3596,370000000,437944000,0,0,13000000,731000
2025-12-18,2497,78000000,138000000,0,0,4000000,0
2025-12-18,9802,87000000,158000000,0,10000000,31000000,6215000
2025-12-18,2884,42377274000,56736522000,13586000000,0,1038781000,323412000
2025-12-18,6108,3000000,62000000,0,0,8000000,8000000
2025-12-18,6142,5000000,68000000,0,0,4000000,0
2025-12-18,3031,56000000,120000000,0,0,5000000,0
2025-12-18,6449,186000000,342000000,0,0,113063000,16201000
2025-12-18,6456,353000000,415000000,0,0,20200000,17462000
2025-12-18,1308,126000000,208000000,0,0,25000000,2976000
2025-12-18,1449,128000000,187000000,0,0,3000000,3981000
2025-12-18,2413,984000000,1040000000,0,0,1000000,5000000
2025-12-18,1597,2000000,63000000,0,0,1000000,532000
2025-12-18,6283,39000000,101000000,0,0,1000000,1000000
2025-12-18,6477,173000000,237000000,0,0,2000000,875000
2025-12-18,6525,32000000,101000000,0,0,6000000,0
2025-12-18,8114,134500000,198000000,0,0,2000000,2800000
2025-12-18,2236,29000000,94000000,0,0,0,0
2025-12-18,6672,57000000,137000000,0,0,15000000,0
2025-12-18,3447,27000000,92000000,0,0,2000000,3359000
2025-12-18,2442,38000000,109000000,0,0,4000000,0
2025-12-18,0055,18000000,18000000,0,0,510191000,577484000
2025-12-18,2457,316000000,429000000,0,0,137508000,93217000
2025-12-18,2231,136000000,182000000,0,0,13041000,37141000
2025-12-18,2362,166000000,259000000,0,0,23000000,1010000
2025-12-18,00674R,0,0,0,0,302818000,375006000
2025-12-18,3092,38000000,109713000,0,0,0,1000000
2025-12-18,3653,471348000,565886000,47000000,74000000,77884000,30055000
2025-12-18,2387,12000000,87000000,0,0,2000000,1000000
2025-12-18,2547,213000000,354000000,0,0,67000000,0
2025-12-18,6854,10000000,86000000,0,0,2000000,0
2025-12-18,3004,126000000,69000000,0,0,694000,132000000
2025-12-18,2376,2246449000,2442300000,16000000,1000000,139582000,35130000
2025-12-18,4551,52000000,88000000,0,44000000,6000000,2557000
2025-12-18,2302,66000000,145000000,0,0,1000000,1000000
2025-12-18,8213,43000000,125000000,0,0,9000000,6000000
2025-12-18,6176,2393000000,994000000,16000000,1549027000,77000000,23688000
2025-12-18,00640L,0,1000000,0,0,48687000,128947000
2025-12-18,2106,158000000,268000000,0,0,35000000,6334000
2025-12-18,5269,55280000,136092000,3000000,0,16467000,20725000
2025-12-18,4961,567100000,654000000,0,0,12146000,8009000
2025-12-18,2359,126025000,208000000,0,0,15000000,17091000
2025-12-18,1519,1104921000,1264306000,80000000,0,66467000,72690000
2025-12-18,5607,26200000,120000000,0,0,8000000,0
2025-12-18,2440,55000000,146000000,0,0,4000000,1000000
2025-12-18,9914,926000000,1066000000,0,0,64000000,12231000
2025-12-18,6869,76000000,171000000,0,0,8000000,2728000
2025-12-18,3029,176000000,269000000,0,0,12000000,8772000
2025-12-18,009810,3000000,1000000,0,0,16000000,107990000
2025-12-18,1720,29000000,131000000,0,0,12000000,0
2025-12-18,3356,7000000,98000000,0,0,0,148000
2025-12-18,00763U,0,7000000,0,0,310623000,396649000
2025-12-18,4536,73000000,168000000,0,0,4000000,2508000
2025-12-18,3338,35000000,132000000,0,0,2000000,0
2025-12-18,00656R,0,0,0,0,181000000,277150000
2025-12-18,2401,356000000,470000000,0,0,21000000,4207000
2025-12-18,6526,38003000,149000000,6000000,0,13000000,6879000
2025-12-18,4968,142000000,221000000,0,0,6366000,26689000
2025-12-18,3661,692737000,857837000,110500000,20000000,34329000,59889000
2025-12-18,4956,226000000,327000000,0,0,2000000,7000000
2025-12-18,6668,52000000,159000000,0,0,1000000,0
2025-12-18,6670,598010000,213000000,0,490547000,11000000,11771000
2025-12-18,4540,67000000,166000000,0,0,7000000,14890000
2025-12-18,2897,759000000,1086000000,0,0,219000000,0
2025-12-18,1718,123000000,302000000,0,0,70000000,0
2025-12-18,4949,11000000,117000000,0,0,0,4000000
2025-12-18,2834,4493340000,5710694000,0,0,1226630000,120000000
2025-12-18,2731,173000000,258000000,0,0,11000000,36839000
2025-12-18,3376,470000000,614584000,0,0,38928000,5474000
2025-12-18,2427,106000000,215000000,0,0,1000000,4000000
2025-12-18,1476,315964000,438672000,0,0,34000000,26511000
2025-12-18,2363,223000000,355000000,0,0,21079000,7782000
2025-12-18,6806,176000000,311000000,0,0,18000000,1887000
2025-12-18,2431,51000000,170000000,0,0,0,200000
2025-12-18,6753,102000000,225000000,0,0,8000000,4273000
2025-12-18,00923,22000000,21000000,0,0,653018000,773535000
2025-12-18,9910,283456000,434000000,0,0,32050000,2518000
2025-12-18,3024,144000000,268000000,0,0,1000000,1000000
2025-12-18,3138,468000000,592000000,0,0,0,170000
2025-12-18,1808,972000000,944000000,0,200000000,47000000,0
2025-12-18,3056,196000000,326000000,0,0,8000000,4000000
2025-12-18,3406,330000000,838000000,394000000,22000000,19262000,9494000
2025-12-18,6533,32000000,142327000,0,0,9000000,24959000
2025-12-18,6168,33000000,162000000,0,0,3000000,2000000
2025-12-18,6235,75000000,201000000,0,0,9000000,12576000
2025-12-18,4532,128000000,288000000,0,5702000,40000000,4000000
2025-12-18,3312,95000000,226000000,0,0,3000000,3000000
2025-12-18,3038,80000000,175000000,0,0,8000000,44000000
2025-12-18,2101,286000000,459000000,0,0,41000000,0
2025-12-18,6165,25000000,157000000,0,0,0,0
2025-12-18,1589,115000000,249000000,0,0,6000000,5032000
2025-12-18,2233,79000000,206000000,0,0,4000000,10290000
2025-12-18,4958,2930602000,2449248000,18000000,750000000,179485000,64258000
2025-12-18,8081,133000000,272000000,0,0,3000000,40000
2025-12-18,6153,648000000,917000000,0,0,133000000,1004000
2025-12-18,2328,511000000,745000000,0,0,153000000,57128000
2025-12-18,5515,257000000,397000000,0,0,1000000,0
2025-12-18,2539,196000000,363000000,0,0,29000000,1000000
2025-12-18,8210,578561000,642000000,146000000,191000000,7102000,38020000
2025-12-18,3090,1313000000,1482000000,0,1841000,57371000,26888000
2025-12-18,3047,714000000,860000000,0,0,6000000,1000000
2025-12-18,3717,4000000,159000000,0,0,13000000,0
2025-12-18,00963,5000000,0,0,0,217000000,364000000
2025-12-18,00901,0,70000000,0,0,583420000,655635000
2025-12-18,3380,417000000,552000000,0,0,23662000,31644000
2025-12-18,00666R,0,0,0,0,2000000,145040000
2025-12-18,00911,115000,2000000,0,0,158112000,301903000
2025-12-18,3450,1516247000,1398000000,0,139000000,20559000,145622000
2025-12-18,2015,92000000,357000000,95000000,0,26000000,2568000
2025-12-18,2379,1032138000,1796513000,739000000,198000000,92142000,15800000
2025-12-18,3051,50000000,191000000,0,0,1000000,11000000
2025-12-18,3027,15000000,166000000,0,0,4000000,5000000
2025-12-18,6923,112000000,266000000,0,0,4000000,4200000
2025-12-18,2850,74000000,268000000,14000000,0,23000000,927000
2025-12-18,2883B,0,130000000,0,0,62000000,90000000
2025-12-18,8105,126000000,270000000,0,0,9000000,25000000
2025-12-18,1810,74000000,242000000,0,0,12000000,4487000
2025-12-18,1503,202816000,385000000,0,0,34861000,14072000
2025-12-18,1723,40100000,214000000,0,0,12000000,0
2025-12-18,2504,4897000000,2169000000,0,2927067000,48014000,11611000
2025-12-18,3605,196000000,371000000,0,0,20000000,8554000
2025-12-18,6781,184200000,399000000,50000000,0,34459000,34545000
2025-12-18,6269,265000000,461000000,0,0,33677000,3741000
2025-12-18,00902,11000000,12000000,0,0,305101000,471955000
2025-12-18,1612,188000000,376000000,0,0,29100000,8976000
2025-12-18,3041,94000000,268000000,0,0,7000000,1127000
2025-12-18,9955,114000000,284000000,0,0,1000000,0
2025-12-18,2351,73000000,246000000,0,0,16000000,16844000
2025-12-18,3673,562000000,769000000,0,0,39716000,7339000
2025-12-18,3645,147000000,322000000,0,0,2000000,5394000
2025-12-18,4545,318000000,497000000,0,0,6664000,6143000
2025-12-18,1710,81000000,295000000,0,0,36000000,1190000
2025-12-18,00907,2000000,0,0,0,348000000,530308000
2025-12-18,2365,323000000,506000000,0,0,4050000,2678000
2025-12-18,6890,122000000,335455000,0,0,61994000,31100000
2025-12-18,4976,77000000,267000000,0,0,1000000,1000000
2025-12-18,2355,233000000,436000000,0,4067000,20090000,4664000
2025-12-18,2049,657000000,864942000,0,0,41000000,26949000
2025-12-18,3042,359000000,581421000,0,1000000,34746000,6551000
2025-12-18,2360,2338517000,2286045000,1000000,295000000,87723000,43995000
2025-12-18,00643,75000000,58000000,0,0,2870692000,3085629000
2025-12-18,6831,32000000,234000000,0,0,0,0
2025-12-18,00927,15000000,22000000,0,0,557607000,753568000
2025-12-18,00668,0,1000000,0,0,294000000,497333000
2025-12-18,8215,24000000,227000000,0,0,7000000,9000000
2025-12-18,2208,230000000,444000000,0,37000000,43000000,0
2025-12-18,00762,3000000,2000000,0,0,84000000,294433000
2025-12-18,2342,470000000,679000000,0,0,3000000,4000000
2025-12-18,3563,120010000,343000000,0,0,25200000,12990000
2025-12-18,00895,10100000,300000000,0,0,679000000,600326000
2025-12-18,4526,232000000,443000000,0,0,2000000,2722000
2025-12-18,2206,290000000,445000000,0,96000000,38000000,260000
2025-12-18,9933,548000000,780000000,9000000,0,17000000,7393000
2025-12-18,6789,234301000,440000000,11000000,0,18243000,38610000
2025-12-18,8070,426000000,669000000,0,0,28000000,4763000
2025-12-18,3708,101000000,312000000,1000000,0,6000000,15943000
2025-12-18,3035,348000000,596681000,0,0,81238000,53055000
2025-12-18,2838,287000000,837000000,0,0,327000000,1947000
2025-12-18,3712,91000000,322000000,0,0,7000000,7038000
2025-12-18,9917,325000000,407000000,0,198000000,43000000,0
2025-12-18,2474,1337225000,935660000,14000000,732000000,113000000,38595000
2025-12-18,2645,410100000,563000000,0,114000000,30532000,11996000
2025-12-18,3543,355000000,626000000,0,0,22000000,0
2025-12-18,3694,59000000,313000000,0,0,9000000,4138000
2025-12-18,1310,164119000,421000000,0,0,9000000,4837000
2025-12-18,2354,779000000,1093000000,28000000,0,87000000,58121000
2025-12-18,6558,544000000,815000000,0,0,19267000,6000000
2025-12-18,2613,44000000,305000000,0,0,3000000,0
2025-12-18,6446,351615000,618704000,1000000,0,31334000,23288000
2025-12-18,1402,1560996000,1795000000,0,212000000,197000000,9989000
2025-12-18,3533,493128000,748324000,3000000,0,17642000,26077000
2025-12-18,1536,231000000,481000000,0,0,16085000,29632000
2025-12-18,2617,192000000,469000000,0,0,16000000,2565000
2025-12-18,2455,394000000,653905000,0,0,53799000,59457000
2025-12-18,1305,122000000,413000000,0,0,28000000,3000000
2025-12-18,2912,1391970000,1574113000,0,130000000,78000000,38192000
2025-12-18,1736,101200000,322000000,0,60000000,16000000,8847000
2025-12-18,3135,267000000,530000000,0,0,0,11000000
2025-12-18,2392,226000000,510000000,0,0,34001000,24357000
2025-12-18,00964,0,0,0,0,171000000,447098000
2025-12-18,6550,43000000,359414000,0,0,40000000,0
2025-12-18,3014,118000000,311000000,0,101071000,16000000,5234000
2025-12-18,8249,41000000,329000000,0,0,2685000,1000
2025-12-18,2543,213000000,527664000,0,0,34825000,9000000
2025-12-18,5284,181000000,452000000,0,0,23015000,46849000
2025-12-18,2601,52000000,369000000,0,0,23000000,1000000
2025-12-18,1504,6015301000,5514600000,5000000,1042000000,300899000,65238000
2025-12-18,4722,448000000,754000000,0,0,9000000,8780000
2025-12-18,4989,444020000,754000000,0,0,2000000,2000000
2025-12-18,1477,1414000000,441000000,0,1345502000,73834000,14254000
2025-12-18,00894,19000000,49000000,0,0,1575000000,1859180000
2025-12-18,3592,1083000000,377000000,0,1023000000,2095000,3285000
2025-12-18,6202,35000000,359000000,0,0,10000000,5441000
2025-12-18,2023,217000000,693000000,0,0,155000000,0
2025-12-18,5434,207007000,304000000,5000000,232000000,27000000,25878000
2025-12-18,8261,118000000,445000000,0,0,3821000,3632000
2025-12-18,5608,324000000,668001000,0,0,18001000,960000
2025-12-18,2374,385027000,709270000,0,0,27000000,39664000
2025-12-18,2612,659000000,908000000,0,0,19393000,110243000
2025-12-18,3714,311000000,670000000,0,0,37000000,25002000
2025-12-18,6768,70000000,263000000,0,161184000,16000000,10216000
2025-12-18,00770,96011000,71000000,0,0,48000000,422548000
2025-12-18,1102,6922981000,12649000000,8012000000,3298000000,673000000,10774000
2025-12-18,3149,82000000,434000000,0,0,2000000,1000000
2025-12-18,3062,118000000,482000000,0,0,14480000,3266000
2025-12-18,2009,458000000,803000000,0,0,19886000,29125000
2025-12-18,1529,26000000,387000000,0,0,10000000,3754000
2025-12-18,00685L,6000000,2000000,0,0,129646000,488555000
2025-12-18,5469,1110000000,1487000000,0,0,68941000,47405000
2025-12-18,3005,586900000,952500000,11000000,87000000,99061000,15489000
2025-12-18,2104,685000000,1077000000,0,0,42000000,9225000
2025-12-18,1795,484989000,795000000,0,0,35479000,86585000
2025-12-18,3028,260000000,627000000,0,0,7000000,6000000
2025-12-18,4763,3027001000,6153112000,2602000000,0,271794000,115229000
2025-12-18,3550,519000000,889000000,0,0,15000000,13272000
2025-12-18,2855,550000000,925000000,0,0,0,0
2025-12-18,3545,118000000,503136000,0,0,16000000,7465000
2025-12-18,2540,134000000,555970000,0,0,44000000,0
2025-12-18,00634R,0,5000000,0,0,90000000,463100000
2025-12-18,8996,104000000,241871000,1000000,302000000,77000000,17000000
2025-12-18,00934,0,40000000,0,0,365000000,708496000
2025-12-18,2491,72000000,3000000,0,0,0,454034000
2025-12-18,00985A,383000000,163000000,0,0,6092000000,6714859000
2025-12-18,3704,474000000,899000000,0,0,23000000,4627000
2025-12-18,009804,0,171000000,0,0,401000000,636931000
2025-12-18,1304,460000000,919000000,0,0,60000000,18867000
2025-12-18,1524,270000000,689000000,0,0,2000000,9642000
2025-12-18,1717,784000000,1270000000,0,0,65204000,7233000
2025-12-18,00893,13096000,429000000,0,0,1101000000,1119500000
2025-12-18,1711,478000000,940000000,0,0,22099000,3655000
2025-12-18,009812,13010000,0,0,0,205000000,666422000
2025-12-18,2515,5045476000,5844271000,0,0,350000000,4381000
2025-12-18,6415,769058000,1213163000,120000000,82400000,24000000,70684000
2025-12-18,3715,2300350000,2700559000,50000000,0,38000000,144482000
2025-12-18,6962,230000000,696000000,0,0,14000000,8588000
2025-12-18,00926,8100000,4000000,0,0,175000000,646051000
2025-12-18,3413,137000000,580000000,0,3000000,28000000,49210000
2025-12-18,1514,270136000,716000000,0,0,29000000,51606000
2025-12-18,00641R,0,0,0,0,229000000,698000000
2025-12-18,2395,558950000,1082000000,13000000,2000000,50200000,10355000
2025-12-18,6285,1558000000,2168000000,59000000,0,103000000,44698000
2025-12-18,2454,1788328000,3199787000,415000000,16000000,579691000,61204000
2025-12-18,2464,273000000,758000000,0,0,11000000,21601000
2025-12-18,2607,1416000000,1078000000,0,870000000,19000000,0
2025-12-18,00675L,17000000,41000000,0,0,812280000,1308399000
2025-12-18,2369,1874000000,2359000000,0,0,24230000,64103000
2025-12-18,1727,436000000,964000000,0,0,1000000,840000
2025-12-18,00692,21425000,28000000,0,0,1123139000,1649865000
2025-12-18,5243,378000000,929000000,0,0,12166000,15350000
2025-12-18,009801,1000000,476000000,0,0,1498000000,1584733000
2025-12-18,6505,1555046000,2482000000,0,0,413193000,59867000
2025-12-18,6164,2002000000,2547000000,0,0,8000000,42555000
2025-12-18,2633,1365459000,2037000000,0,0,106000000,15000000
2025-12-18,1210,1141500000,2038000000,332000000,67000000,40000000,14545000
2025-12-18,2845,1914000000,2846000000,0,0,321000000,4000000
2025-12-18,2340,730000000,1308000000,0,0,53000000,95012000
2025-12-18,2634,946000000,1537000000,0,35000000,141660000,152427000
2025-12-18,1513,440166000,1109000000,0,0,53000000,31384000
2025-12-18,2316,279000000,949000000,0,0,46157000,32840000
2025-12-18,6757,2707075000,1646000000,0,1692000000,58791000,101348000
2025-12-18,9904,3762800000,4751000000,320000000,240818000,608181000,375909000
2025-12-18,3059,442000000,1124000000,0,0,25018000,27765000
2025-12-18,2637,2875010000,3040000000,0,202243000,234556000,555223000
2025-12-18,00892,10000000,75000000,0,0,164000000,787383000
2025-12-18,2537,568000000,1279000000,0,0,21732000,8081000
2025-12-18,3011,137000000,856000000,0,0,4000000,1000000
2025-12-18,2332,417000000,1223000000,0,0,102000000,22640000
2025-12-18,2520,7088000000,2324000000,0,5420000000,29028000,103187000
2025-12-18,2892,100382036000,18781188000,0,83289000000,1005610000,49000000
2025-12-18,00910,14130000,7000000,0,0,163774000,920372000
2025-12-18,6239,6378000000,2879000000,32000000,4282000000,239359000,253987000
2025-12-18,3535,929000000,1711050000,0,0,0,1000000
2025-12-18,3019,399000000,1148000000,0,0,24000000,63338000
2025-12-18,00954,40000,241000000,0,0,325000000,876766000
2025-12-18,1609,397902000,1232000000,7000000,0,74000000,57081000
2025-12-18,2603,2129172000,2906263000,0,145000000,301000000,190724000
2025-12-18,1101,7183864000,8821002000,29000000,0,890714000,94697000
2025-12-18,2385,733030000,1381149000,17000000,224071000,77101000,40054000
2025-12-18,3305,1748200000,2501100000,0,0,68618000,139396000
2025-12-18,2468,609000000,1438000000,0,0,12000000,11039000
2025-12-18,2495,5447000000,6274000000,0,0,44770000,55558000
2025-12-18,2905,267000000,1151000000,0,0,46000000,2272000
2025-12-18,1313,103000000,999000000,0,0,65000000,17000000
2025-12-18,2891,46698245000,26428048000,308000000,23316000000,3223145000,1346974000
2025-12-18,00965,32243000,3100000000,0,300000000,4966000000,2462661000
2025-12-18,00865B,1027000000,16000000,0,0,817000000,2695316000
2025-12-18,4904,1746608000,2438000000,0,322000000,135000000,6225000
2025-12-18,00971,13860000,13000000,0,0,171000000,1071009000
2025-12-18,2646,575000000,1622400000,0,0,129000000,2100000
2025-12-18,2498,973150000,1676000000,0,0,105000000,339828000
2025-12-18,00896,1000000,79000000,0,0,1261387000,2147251000
2025-12-18,2388,712200000,1592030000,0,0,75001000,164161000
2025-12-18,00753L,1834000000,1546000000,0,0,2785632000,4044841000
2025-12-18,2889,1174187000,2427000000,0,0,259000000,0
2025-12-18,8046,4613103000,5298732000,6000000,657000000,487640000,202022000
2025-12-18,3013,438000000,1295000000,0,200000000,56000000,69879000
2025-12-18,3711,9125706000,9691472000,121000000,977000000,700276000,353138000
2025-12-18,00738U,3000000,115000000,0,0,1810443000,2787184000
2025-12-18,2393,8439000000,1861000000,172000000,7854235000,35000000,32000000
2025-12-18,2377,2063000000,3300000000,22000000,1000000,153064000,46103000
2025-12-18,00631L,43478000,60000000,0,0,476634000,1572783000
2025-12-18,009803,1000000,5000000,0,0,892000000,2037129000
2025-12-18,2347,7790000000,3067000000,32000000,6014372000,268000000,164401000
2025-12-18,00981T,0,57000000,0,0,780000000,1879956000
2025-12-18,6120,1392000000,2561000000,0,0,12002000,12000000
2025-12-18,6191,1109000000,2145000000,37000000,0,62047000,233698000
2025-12-18,6116,1612000000,3033000000,0,0,300642000,56000000
2025-12-18,4915,1256000000,2055163000,0,440836000,31000000,14852000
2025-12-18,8271,2761020000,3980000000,0,0,5982000,11090000
2025-12-18,2903,1794000000,8041000000,4920000000,0,83000000,270000
2025-12-18,2014,325000000,1552000000,0,0,227000000,247633000
2025-12-18,00951,6000000,530000000,0,0,66000000,874286000
2025-12-18,3030,2135400000,1945100000,0,1444000000,139636000,223807000
2025-12-18,009811,20000000,0,0,0,357000000,1722760000
2025-12-18,2327,6553424000,8435258000,46000000,785000,609720000,138769000
2025-12-18,00706L,0,0,0,0,81000000,1455514000
2025-12-18,00670L,42000000,0,0,0,20000000,1458928000
2025-12-18,2105,2874000000,4397598000,10000000,311886000,459000000,31165000
2025-12-18,1905,137000000,1603000000,0,0,55000000,15000000
2025-12-18,1722,1309000000,1531000000,0,1241000000,37000000,2868000
2025-12-18,5876,4815044000,5420295000,1000000,1609000000,751000000,25526000
2025-12-18,2331,1260200000,2842000000,0,0,127739000,34000000
2025-12-18,2308,2032546000,4203633000,212000000,7000000,612812000,144388000
2025-12-18,4967,6660743000,8021150000,0,0,63017000,216927000
2025-12-18,2006,3178000000,5064000000,0,48000000,426747000,9012000
2025-12-18,00980A,433562000,389000000,0,0,2938000000,4560964000
2025-12-18,009800,65505000,159000000,0,0,68000000,1553039000
2025-12-18,2402,2742000000,4515000000,0,0,279567000,91413000
2025-12-18,6257,2721500000,1542000000,0,2819000000,92074000,80757000
2025-12-18,2812,3566696000,5355231000,0,0,456000000,331517000
2025-12-18,00984A,1000000,83000000,0,0,1547000000,3151855000
2025-12-18,00989A,78120000,743000000,0,0,174000000,1342190000
2025-12-18,00757,433000,212105000,0,0,407000000,2028873000
2025-12-18,00881,551000000,2353000000,182000000,0,6360262000,6672403000
2025-12-18,00646,1474000,76000000,0,0,0,1863179000
2025-12-18,00904,65000000,197027000,0,0,1057711000,2892180000
2025-12-18,2323,1932000000,4314000000,0,0,377000000,71000000
2025-12-18,2449,7800225000,8278792000,50000000,2055000000,766616000,396305000
2025-12-18,00983A,44000000,466000000,0,0,832000000,2631133000
2025-12-18,3045,7722558000,10134000000,115000000,2000000,251261000,194781000
2025-12-18,00924,30205000,721000000,0,0,185999000,1831750000
2025-12-18,00663L,185000000,214000000,0,0,895856000,3256628000
2025-12-18,00642U,28000000,7000000,0,0,1770000000,4346228000
2025-12-18,3049,747000000,3419000000,0,0,15500000,38660000
2025-12-18,2441,2275000000,5959000000,746000000,0,334146000,101414000
2025-12-18,8112,3845000000,6286000000,0,3057000,103400000,385599000
2025-12-18,00946,289180000,130000000,0,0,1684000000,4614213000
2025-12-18,00662,571499000,37000000,0,0,84000000,3484866000
2025-12-18,2357,2093835000,9400149000,4639000000,319200000,311113000,235633000
2025-12-18,2887I,805239000,3739000000,0,0,0,0
2025-12-18,00909,27252000,1314000000,0,0,29000000,1763544000
2025-12-18,3702,4746809000,14330000000,6299000000,7000000,304002000,43050000
2025-12-18,00664R,0,0,0,0,1632000000,4786000000
2025-12-18,6209,744000000,3937500000,0,0,24000000,23368000
2025-12-18,2356,1357912000,5184100000,69000000,0,542000000,56252000
2025-12-18,9105,422000000,3718000000,0,0,0,2035000
2025-12-18,009813,1004000000,411030000,0,0,2679000000,6683859000
2025-12-18,00891,285070000,309000000,0,0,1381000000,4789225000
2025-12-18,4938,1925242000,7490560000,2466000000,1016946000,502000000,60342000
2025-12-18,1442,4986000000,4805000000,0,3890000000,17000000,4209000
2025-12-18,1326,1930834000,5983000000,0,0,359020000,77041000
2025-12-18,00922,3021097000,20155000000,0,0,17954000000,4683504000
2025-12-18,2605,2501000000,7697000000,1400000000,0,288101000,812794000
2025-12-18,2609,4606642000,8154000000,0,1028000000,508000000,466899000
2025-12-18,3231,6027526000,11714700000,99000000,0,1262721000,330756000
2025-12-18,2606,1503000000,8675000000,2826000000,10549000,136000000,442236000
2025-12-18,2615,1958789000,6657000000,0,0,117000000,329580000
2025-12-18,1303,13202170000,19074975000,314000000,196000000,1176692000,372268000
2025-12-18,2367,3166000000,6499400000,0,0,94000000,1723344000
2025-12-18,00648R,0,61000000,0,0,1529000000,6440000000
2025-12-18,1301,2383000000,7840000000,0,0,492000000,153673000
2025-12-18,2352,6447000000,11721080000,10000000,0,127000000,10000000
2025-12-18,2353,4709265000,10032000000,77000000,277626000,543000000,886150000
2025-12-18,2002,5154327000,12234000000,39000000,0,996268000,142482000
2025-12-18,1605,3382000000,10010000000,18000000,0,617000000,277570000
2025-12-18,00830,139796000,2818000000,0,0,1066000000,4666146000
2025-12-18,2027,3350546000,19287000000,6780000000,0,2099859000,563544000
2025-12-18,2885,15471609000,20140050000,100000000,4252000000,1475029000,680137000
2025-12-18,2344,128433280000,133945896000,161000000,0,5989289000,9552591000
2025-12-18,2890,10891729000,20091066000,1180000000,2644000000,1621108000,961780000
2025-12-18,2486,8035000000,18622774000,0,0,516665000,341098000
2025-12-18,009805,278000000,107000000,0,0,6110000000,16916746000
2025-12-18,00982A,323500000,413000000,0,0,6570600000,17166570000
2025-12-18,2886,15039388000,29270000000,617000000,0,1498263000,127277000
2025-12-18,2382,8674981000,22554140000,73000000,50000000,2333000000,1084287000
2025-12-18,2409,3694600000,16665000000,157000000,0,415000000,266800000
2025-12-18,00988A,63000000,841000000,0,0,757000000,13108936000
2025-12-18,0050,6398646000,59064671000,1000000000,0,51406899000,13031877000
2025-12-18,2313,25949934000,42778275000,134000000,0,4341027000,2322361000
2025-12-18,3481,10398445000,32539928000,197000000,13000000,920000000,332721000
2025-12-18,0052,2862795000,1589000000,161000000,0,13866000000,39169430000
2025-12-18,0056,298859000,8932000000,0,0,293000000,22806753000
2025-12-18,00981A,9813162000,9939000000,0,0,29965000000,62523805000
2025-12-18,00918,1245250000,1995000000,0,0,8055000000,52987772000
2025-12-18,00991A,215200000,5000000000,0,0,4817000000,188697979000
2025-12-18,00679B,22376000000,17826000000,0,0,13737020000,10461000000
2025-12-18,00687B,24502000000,329000000,0,0,6475204000,10295344000
2025-12-18,00687C,0,0,0,0,50800000,50800000
2025-12-18,00694B,822000000,0,0,0,111535000,940184000
2025-12-18,00695B,500000000,6000000,0,0,191083000,695160000
2025-12-18,00696B,5687000000,0,0,0,2059186000,7544072000
2025-12-18,00697B,6000000,26000000,0,0,637000000,562963000
2025-12-18,00719B,426050000,499000000,0,0,868664000,556675000
2025-12-18,00720B,1826000000,85000000,0,0,1455087000,322000000
2025-12-18,00722B,1349000000,1039000000,0,0,2262615000,2336699000
2025-12-18,00723B,21000000,0,0,0,120000000,142000000
2025-12-18,00724B,328000000,13000000,0,0,3505258000,3787140000
2025-12-18,00725B,2290000000,1018000000,0,0,991205000,3061311000
2025-12-18,00726B,23000000,10000000,0,0,112572000,103539000
2025-12-18,00727B,0,2000000,0,0,106228000,111354000
2025-12-18,00734B,2000000,0,0,0,490000000,480000000
2025-12-18,00740B,4050000000,26000000,0,0,1923753000,5917304000
2025-12-18,00741B,31000000,0,0,0,204176000,232000000
2025-12-18,00746B,1067000000,0,0,0,365096000,1434000000
2025-12-18,00749B,3000000,0,0,0,101000000,100000000
2025-12-18,00750B,0,0,0,0,100000000,100000000
2025-12-18,00751B,869000000,1074000000,0,0,1116120000,701622000
2025-12-18,00754B,15000000,1000000,0,0,100000000,115000000
2025-12-18,00755B,29000000,20000000,0,0,122212000,121208000
2025-12-18,00756B,101000000,1000000,0,0,118000000,105000000
2025-12-18,00758B,0,0,0,0,100000000,100000000
2025-12-18,00759B,0,0,0,0,100000000,100000000
2025-12-18,00760B,10000000,0,0,0,123999000,125496000
2025-12-18,00761B,483000000,5000000,0,0,67160000,534000000
2025-12-18,00764B,3734000000,123000000,0,0,3920927000,7125292000
2025-12-18,00768B,418000000,10000000,0,0,436649000,617901000
2025-12-18,00772B,790000000,7000000,0,0,646389000,464848000
2025-12-18,00773B,305000000,62000000,0,0,403000000,346899000
2025-12-18,00777B,2000000,0,0,0,102000000,100000000
2025-12-18,00778B,0,0,0,0,100000000,100000000
2025-12-18,00779B,108000000,0,0,0,301000000,391000000
2025-12-18,00780B,5000000,0,0,0,103148000,101000000
2025-12-18,00781B,0,0,0,0,107000000,100000000
2025-12-18,00782B,0,0,0,0,104000000,100000000
2025-12-18,00785B,0,0,0,0,100034000,100000000
2025-12-18,00786B,0,371000000,0,0,380000000,250000
2025-12-18,00787B,0,23000000,0,0,301000,4000000
2025-12-18,00788B,0,458000000,0,0,466000000,298000
2025-12-18,00789B,5000000,0,0,0,102000000,102040000
2025-12-18,00791B,0,0,0,0,100999000,100999000
2025-12-18,00792B,3000000,2000000,0,0,100000000,101001000
2025-12-18,00793B,0,0,0,0,111000000,100000000
2025-12-18,00795B,10075000000,43000000,0,0,3350816000,10144934000
2025-12-18,00799B,4000000,0,0,0,253000000,192058000
2025-12-18,00834B,0,0,0,0,100000000,100000000
2025-12-18,00836B,4000000,151000000,0,0,347000000,210000000
2025-12-18,00840B,0,0,0,0,100000000,100000000
2025-12-18,00841B,0,0,0,0,100000000,100000000
2025-12-18,00842B,0,0,0,0,100000000,101000000
2025-12-18,00844B,0,25000000,0,0,30000000,0
2025-12-18,00845B,0,1000000,0,0,100000000,100000000
2025-12-18,00846B,0,0,0,0,100112000,103000000
2025-12-18,00847B,0,0,0,0,400000000,401000000
2025-12-18,00848B,15000000,8000000,0,0,408028000,415006000
2025-12-18,00849B,3000000,0,0,0,407208000,412963000
2025-12-18,00853B,284000000,0,0,0,1400545000,1673000000
2025-12-18,00856B,12000000,25000000,0,0,108000000,556000000
2025-12-18,00857B,1745000000,9000000,0,0,668520000,1458600000
2025-12-18,00858,1000000,162000000,0,0,0,274992000
2025-12-18,00859B,358000000,41000000,0,0,2537000000,3409455000
2025-12-18,00860B,0,0,0,0,103454000,109988000
2025-12-18,00862B,129000000,80000000,0,0,638088000,660000000
2025-12-18,00863B,36000000,32000000,0,0,435000000,435000000
2025-12-18,00864B,815000000,5000000,0,0,144000000,998000000
2025-12-18,00867B,0,25000000,0,0,25000000,100000
2025-12-18,00870B,0,0,0,0,5000000,0
2025-12-18,00877,1122000000,198000000,0,0,827835000,1529170000
2025-12-18,00883B,0,0,0,0,403917000,404021000
2025-12-18,00884B,0,40000000,0,0,415505000,376276000
2025-12-18,00886,0,0,0,0,1100000,1011000
2025-12-18,00887,2278000000,224000000,0,0,3350993000,717482000
2025-12-18,00888,69000000,15000000,0,0,159152000,367852000
2025-12-18,00890B,0,37000000,0,0,339000000,300000000
2025-12-18,00928,0,29000000,0,0,148000000,127061000
2025-12-18,00931B,2259000000,0,0,0,1094298000,1827460000
2025-12-18,00933B,3132000000,121000000,0,0,2472021000,1424725000
2025-12-18,00937B,12438100000,0,0,0,14166591000,7141000000
2025-12-18,00942B,654000000,215000000,0,0,990575000,837510000
2025-12-18,00948B,2359000000,11000000,0,0,2590267000,2282000000
2025-12-18,00950B,9447000000,0,0,0,4381061000,4903000000
2025-12-18,00955,94000000,1120000000,0,0,1890000000,6182507000
2025-12-18,00957B,0,0,0,0,224298000,500299000
2025-12-18,00958B,355000000,11000000,0,0,786000000,509922000
2025-12-18,00959B,457000000,54000000,0,0,203713000,30972000
2025-12-18,00966B,0,0,0,0,504000000,423304000
2025-12-18,00967B,59000000,6000000,0,0,86000000,419473000
2025-12-18,00968B,157000000,1572000000,0,0,1220000000,575342000
2025-12-18,00969B,4000000,3000000,0,0,355000000,106118000
2025-12-18,00970B,426000000,76000000,0,0,493820000,695092000
2025-12-18,00980B,0,0,0,0,437000000,417328000
2025-12-18,00980D,17000000,0,0,0,1092000000,1506041000
2025-12-18,00980T,0,25000000,0,0,451000000,483884000
2025-12-18,00981B,757000000,749000000,0,0,1329000000,12191358000
2025-12-18,00981D,513000000,0,0,0,651912000,4011511000
2025-12-18,00982B,0,1000000,0,0,13020000,7310000
2025-12-18,00983B,0,0,0,0,2030000000,2033100000
2025-12-18,00984B,311000000,195000000,0,0,1850030000,2167518000
2025-12-18,00986B,10000000,0,0,0,19000000,0
2025-12-18,1240,0,1000000,0,0,0,0
2025-12-18,1264,3000000,0,0,0,0,0
2025-12-18,1268,0,1000000,0,0,0,0
2025-12-18,1294,0,1000000,0,0,0,0
2025-12-18,1295,46000000,17000000,0,0,0,0
2025-12-18,1336,5000000,38000000,0,0,0,0
2025-12-18,1565,42000000,33000000,0,0,0,208000
2025-12-18,1569,92000000,248000000,0,0,2000000,8434000
2025-12-18,1570,47000000,51000000,0,0,0,0
2025-12-18,1580,0,1000000,0,0,0,0
2025-12-18,1584,165000000,54000000,0,0,0,2000
2025-12-18,1586,199000000,124564000,0,0,0,0
2025-12-18,1591,37000000,16000000,0,0,5000000,5007000
2025-12-18,1593,3000000,2000000,0,0,0,0
2025-12-18,1595,15000000,31000000,0,0,132000,1000000
2025-12-18,1599,2000000,3000000,0,0,0,0
2025-12-18,1742,1000000,1000000,0,0,0,0
2025-12-18,1777,3000000,4000000,0,0,0,20000
2025-12-18,1781,1000000,0,0,0,0,5000
2025-12-18,1784,96000000,105000000,0,0,14226000,26603000
2025-12-18,1785,968000000,3168000000,457000000,0,63102000,88537000
2025-12-18,1799,18000000,13000000,0,0,28000,0
2025-12-18,1815,3053029000,4252000000,0,0,44237000,89867000
2025-12-18,2061,4000000,15000000,0,0,0,0
2025-12-18,2063,1000000,0,0,0,0,0
2025-12-18,2064,0,1000000,0,0,0,0
2025-12-18,2065,5000000,2139000,0,0,5000000,5000000
2025-12-18,2066,2000000,0,0,0,0,0
2025-12-18,2067,3000000,7000000,0,0,0,0
2025-12-18,2070,0,6000000,0,0,0,0
2025-12-18,2230,34000000,80800000,0,0,28290000,13287000
2025-12-18,2596,39000000,7000000,0,0,0,0
2025-12-18,2640,1000000,0,0,0,0,0
2025-12-18,2641,132000000,2724000000,0,0,26000000,46186000
2025-12-18,2643,1000000,1000000,0,0,0,0
2025-12-18,2718,1000000,5000000,0,0,1000000,261000
2025-12-18,2729,0,4000000,0,0,0,0
2025-12-18,2732,2000000,0,0,0,0,1000000
2025-12-18,2734,24000000,0,0,0,0,0
2025-12-18,2736,3000000,6000000,0,0,0,0
2025-12-18,2740,1000000,1000000,0,0,0,0
2025-12-18,2743,28000000,15000000,0,0,175000,598000
2025-12-18,2745,3000000,10000000,0,0,0,219000
2025-12-18,2751,0,2000000,0,0,0,0
2025-12-18,2752,2000000,0,0,0,0,0
2025-12-18,2754,4000000,1000000,0,0,0,0
2025-12-18,2755,2000000,0,0,0,0,0
2025-12-18,2756,10000000,2000000,0,0,0,7000
2025-12-18,2916,1000000,1000000,0,0,0,0
2025-12-18,2926,0,1000000,0,0,0,0
2025-12-18,2949,0,1000000,0,0,0,0
2025-12-18,3066,2000000,1000000,0,0,0,0
2025-12-18,3071,251000000,85200000,0,0,1035000,1343000
2025-12-18,3073,12000000,47000000,0,0,0,0
2025-12-18,3078,597000000,496904000,0,0,8428000,21922000
2025-12-18,3081,1284936000,1019250000,29000000,277000000,265389000,61639000
2025-12-18,3083,19000000,22000000,0,0,0,0
2025-12-18,3086,4000000,35000000,0,0,0,286000
2025-12-18,3088,22000000,62619000,0,0,0,202000
2025-12-18,3093,24000000,0,0,0,0,0
2025-12-18,3105,5255000000,4330150000,0,0,384687000,338729000
2025-12-18,3114,2000000,2000000,0,0,0,0
2025-12-18,3118,0,1000000,0,0,0,0
2025-12-18,3122,4000000,4000000,0,0,0,179000
2025-12-18,3128,16000000,151000000,0,0,0,0
2025-12-18,3131,83020000,177000000,0,1000000,40230000,47858000
2025-12-18,3141,85000000,103000000,0,0,2598000,513000
2025-12-18,3147,8000000,9000000,0,0,2000000,2004000
2025-12-18,3152,323000000,530000000,0,0,33438000,70850000
2025-12-18,3158,2000000,1000000,0,0,0,0
2025-12-18,3162,375000000,350000000,0,0,2000000,1635000
2025-12-18,3163,489000000,328000000,0,0,17094000,65170000
2025-12-18,3169,17000000,85000000,0,0,0,2097000
2025-12-18,3171,1000000,5000000,0,0,0,0
2025-12-18,3176,34000000,28000000,0,0,0,0
2025-12-18,3178,121000000,254000000,0,0,0,0
2025-12-18,3188,172000000,34000000,0,0,0,0
2025-12-18,3205,36000000,22000000,0,0,0,0
2025-12-18,3206,2000000,7000000,0,0,0,1000000
2025-12-18,3207,32000000,92000000,0,0,0,2401000
2025-12-18,3211,5691308000,6445000000,1573000000,310000000,363904000,103403000
2025-12-18,3213,49000000,63000000,0,0,21000,3359000
2025-12-18,3217,125000000,287000000,14000000,0,29588000,14170000
2025-12-18,3218,24000000,17000000,0,0,2694000,2372000
2025-12-18,3219,66000000,65000000,0,0,2000000,1788000
2025-12-18,3221,61000000,51000000,0,0,0,0
2025-12-18,3224,1000000,5000000,0,0,0,0
2025-12-18,3226,1000000,0,0,0,0,0
2025-12-18,3227,156085000,243000000,0,0,14000000,11887000
2025-12-18,3228,3000000,17000000,0,0,404000,4585000
2025-12-18,3230,32000000,65000000,0,0,120000,283000
2025-12-18,3232,0,3000000,0,0,0,0
2025-12-18,3234,98000000,215000000,0,0,0,0
2025-12-18,3236,7291000000,3901000000,0,0,71920000,74890000
2025-12-18,3252,0,0,0,0,7000,0
2025-12-18,3260,8393820000,12331000000,2009000000,0,1849103000,717511000
2025-12-18,3264,892000000,2301000000,0,23773000,94038000,152015000
2025-12-18,3265,134000000,127000000,0,0,3000000,12393000
2025-12-18,3268,0,0,0,0,0,1000
2025-12-18,3272,4000000,3000000,0,0,0,0
2025-12-18,3276,14000000,55000000,0,0,0,0
2025-12-18,3284,28760000,104000000,0,0,1000000,713000
2025-12-18,3285,0,1000000,0,0,1000,0
2025-12-18,3287,1000000,3000000,0,0,0,0
2025-12-18,3289,233000000,180000000,0,0,9637000,7404000
2025-12-18,3290,58000000,90000000,0,0,60000,145562000
2025-12-18,3293,386639000,401500000,1000000,0,88485000,38002000
2025-12-18,3294,104000000,230000000,0,0,2000000,9160000
2025-12-18,3297,63000000,63000000,0,0,0,226000
2025-12-18,3303,6000000,12000000,0,0,0,53000
2025-12-18,3306,23000000,83000000,0,0,1000000,1124000
2025-12-18,3310,7000000,10000000,0,0,0,0
2025-12-18,3313,103000000,20000000,0,0,0,451000
2025-12-18,3317,81000000,48000000,0,0,0,14061000
2025-12-18,3322,458000000,722000000,0,0,0,0
2025-12-18,3323,2060025000,2045075000,0,0,138443000,0
2025-12-18,3324,438000000,614000000,35000000,4000000,201579000,20632000
2025-12-18,3325,5000000,43000000,0,0,0,0
2025-12-18,3332,2000000,14000000,0,0,0,0
2025-12-18,3339,36000000,92000000,0,0,0,0
2025-12-18,3349,182000000,375000000,0,0,0,15000
2025-12-18,3354,208000000,53000000,0,0,6975000,6000000
2025-12-18,3357,106000000,169250000,0,0,5000000,56216000
2025-12-18,3360,8000000,1000000,0,0,0,0
2025-12-18,3362,92000000,144589000,0,0,2819000,6693000
2025-12-18,3363,29000000,143000000,0,0,0,32000000
2025-12-18,3372,264000000,524000000,0,0,10000000,1707000
2025-12-18,3373,2000000,8000000,0,0,0,0
2025-12-18,3374,97000000,224000000,0,0,43000000,7244000
2025-12-18,3379,62000000,76000000,0,0,0,588000
2025-12-18,3388,0,13000000,0,0,3000000,0
2025-12-18,3390,8000000,7000000,0,0,0,0
2025-12-18,3402,133000000,262000000,0,0,2123000,45992000
2025-12-18,3430,110000000,67000000,0,0,1000000,1312000
2025-12-18,3434,14000000,42000000,0,0,1000000,1000000
2025-12-18,3438,39000000,31000000,0,0,0,0
2025-12-18,3441,50000000,21000000,0,0,0,0
2025-12-18,3444,50000000,287000000,0,0,1000000,1274000
2025-12-18,3455,89000000,90000000,0,0,1000000,1048000
2025-12-18,3466,34000000,39000000,0,0,0,0
2025-12-18,3467,24000000,62000000,0,0,0,32000000
2025-12-18,3479,10000000,89000000,0,0,4000000,4122000
2025-12-18,3483,40000000,43000000,0,0,1259000,722000
2025-12-18,3484,17000000,50000000,0,0,1000000,472000
2025-12-18,3489,2000000,2000000,0,0,0,0
2025-12-18,3490,139000000,104000000,0,0,0,0
2025-12-18,3491,272035000,215012000,0,0,43920000,109979000
2025-12-18,3492,0,17000000,0,0,0,0
2025-12-18,3498,44000000,136000000,0,0,35000,5221000
2025-12-18,3499,40000000,25000000,0,0,1000000,1992000
2025-12-18,3508,0,15000000,0,0,0,0
2025-12-18,3511,137000000,162000000,0,0,0,29000
2025-12-18,3512,12000000,3000000,0,0,0,0
2025-12-18,3520,23000000,19000000,0,0,0,0
2025-12-18,3521,38000000,5000000,0,0,0,6000
2025-12-18,3522,8000000,22000000,0,0,0,1000
2025-12-18,3526,52000000,45868000,0,0,5215000,8040000
2025-12-18,3527,120000000,34000000,0,0,0,0
2025-12-18,3529,525683000,432819000,7000000,200000000,38704000,34930000
2025-12-18,3537,85000000,173000000,0,0,0,0
2025-12-18,3540,16000000,48000000,0,0,0,0
2025-12-18,3541,2000000,1000000,0,0,0,0
2025-12-18,3546,33000000,96000000,0,0,4330000,4190000
2025-12-18,3548,13000000,153000000,0,0,9008000,11236000
2025-12-18,3551,572000000,303000000,0,0,16888000,47994000
2025-12-18,3552,26000000,54000000,0,0,13012000,2000000
2025-12-18,3555,104000000,194000000,0,0,0,0
2025-12-18,3556,4000000,4000000,0,0,0,0
2025-12-18,3558,8000000,59000000,0,0,1130000,2907000
2025-12-18,3564,14000000,44000000,0,0,1052000,343000
2025-12-18,3570,0,2000000,0,0,0,0
2025-12-18,3577,33000000,50000000,0,0,183000,0
2025-12-18,3580,5000000,60000000,0,0,24000,261000
2025-12-18,3581,307000000,922000000,0,0,5076000,6401000
2025-12-18,3587,39000000,59000000,0,0,4000000,27141000
2025-12-18,3594,14000000,60000000,0,0,2000000,1414000
2025-12-18,3597,0,1000000,0,0,0,0
2025-12-18,3609,36000000,48000000,0,0,0,0
2025-12-18,3611,2000000,3000000,0,0,0,0
2025-12-18,3615,17000000,107000000,0,0,0,0
2025-12-18,3623,1000000,1000000,0,0,38000,0
2025-12-18,3624,2018000000,2820000000,0,0,11000000,71089000
2025-12-18,3625,563000000,508000000,0,0,9003000,8283000
2025-12-18,3628,183000000,95000000,0,0,6000000,6414000
2025-12-18,3630,73000000,352000000,0,0,53000,1000
2025-12-18,3631,3000000,2000000,0,0,0,0
2025-12-18,3646,0,4000000,0,0,0,0
2025-12-18,3663,24000000,106000000,0,0,3000000,10756000
2025-12-18,3664,0,0,0,0,277000,1000000
2025-12-18,3666,0,11000000,0,0,0,0
2025-12-18,3672,12000000,20000000,0,0,0,0
2025-12-18,3675,37000000,46000000,0,0,509000,2957000
2025-12-18,3680,192000000,367000000,0,0,31977000,108869000
2025-12-18,3684,101000000,118000000,0,0,0,0
2025-12-18,3685,16000000,13000000,0,0,0,50000000
2025-12-18,3687,87000000,49000000,0,0,0,0
2025-12-18,3689,95000000,339000000,0,0,4000000,19853000
2025-12-18,3691,111000000,82000000,0,0,17000000,19446000
2025-12-18,3693,66000000,96000000,0,10000000,3121000,1906000
2025-12-18,3707,1884010000,6337000000,0,0,95609000,205083000
2025-12-18,3709,145000000,238000000,0,0,53407000,2687000
2025-12-18,3710,12000000,4000000,0,0,0,0
2025-12-18,3713,3000000,30000000,0,0,0,0
2025-12-18,4102,0,11000000,0,0,0,0
2025-12-18,4105,420000000,287000000,0,0,45674000,2000000
2025-12-18,4107,3000000,11000000,0,0,1000000,115000
2025-12-18,4109,12000000,3000000,0,0,0,90000
2025-12-18,4111,12000000,7000000,0,0,0,0
2025-12-18,4113,58000000,23000000,0,0,0,0
2025-12-18,4114,104000000,116000000,0,0,0,1247000
2025-12-18,4116,0,2000000,0,0,0,0
2025-12-18,4120,0,10000000,0,0,0,0
2025-12-18,4121,67000000,7000000,0,0,0,0
2025-12-18,4123,405589000,192000000,0,0,3000000,0
2025-12-18,4126,0,1000000,0,0,0,0
2025-12-18,4127,0,1000000,0,0,0,0
2025-12-18,4128,514000000,517001000,0,0,23838000,2542000
2025-12-18,4129,22000000,33000000,0,0,0,268000
2025-12-18,4130,90000000,42000000,0,0,0,0
2025-12-18,4131,1000000,0,0,0,0,0
2025-12-18,4138,0,2000000,0,0,0,0
2025-12-18,4147,127000000,349000000,0,0,5000000,2407000
2025-12-18,4153,0,1000000,0,0,173000,0
2025-12-18,4157,818000000,1534000000,0,0,6000000,20000
2025-12-18,4160,1000000,3000000,0,0,0,0
2025-12-18,4161,0,2000000,0,0,0,0
2025-12-18,4162,364000000,45000000,0,0,10355000,3493000
2025-12-18,4163,0,2000000,0,0,0,0
2025-12-18,4166,5000000,0,0,0,0,0
2025-12-18,4167,27000000,200000000,0,0,8000000,8000000
2025-12-18,4168,61000000,178000000,0,0,61000,1000
2025-12-18,4171,4000000,3000000,0,0,9000,0
2025-12-18,4173,2000000,46000000,0,0,0,0
2025-12-18,4174,115005000,94000000,0,0,0,343000
2025-12-18,4175,0,4000000,0,0,0,0
2025-12-18,4207,12000000,2000000,0,0,0,0
2025-12-18,4303,208000000,127000000,0,0,1018000,22413000
2025-12-18,4401,6000000,3000000,0,0,0,0
2025-12-18,4413,0,1000000,0,0,0,0
2025-12-18,4416,2000000,3000000,0,0,0,0
2025-12-18,4417,14000000,7000000,0,0,0,90000
2025-12-18,4420,12000000,6000000,0,0,0,110000
2025-12-18,4432,2000000,4000000,0,0,0,0
2025-12-18,4433,15000000,2000000,0,0,0,0
2025-12-18,4442,38000000,15000000,0,0,0,25000000
2025-12-18,4502,2000000,1000000,0,0,0,0
2025-12-18,4503,54000000,84000000,0,0,127000,477000
2025-12-18,4506,44000000,36000000,0,0,0,1000
2025-12-18,4510,207000000,87000000,0,0,663000,4671000
2025-12-18,4513,6000000,53000000,0,0,0,0
2025-12-18,4523,76000000,40000000,0,0,1000000,941000
2025-12-18,4527,1000000,0,0,0,0,0
2025-12-18,4528,0,1000000,0,0,0,0
2025-12-18,4533,158000000,188000000,0,0,3000000,5582000
2025-12-18,4534,0,40000000,0,0,2000000,1547000
2025-12-18,4535,0,5000000,0,0,7000000,4000000
2025-12-18,4538,0,4000000,0,0,0,0
2025-12-18,4541,100000000,120000000,0,0,0,705000
2025-12-18,4542,23000000,0,0,0,0,7000000
2025-12-18,4543,22000000,17000000,0,0,0,1000
2025-12-18,4549,30000000,19000000,0,0,0,306000
2025-12-18,4550,0,1000000,0,0,0,0
2025-12-18,4554,2000000,3000000,0,0,0,0
2025-12-18,4558,3000000,4000000,0,0,0,326000
2025-12-18,4561,4000000,9000000,0,0,0,0
2025-12-18,4563,14000000,5000000,0,0,1000000,177000
2025-12-18,4577,123000000,326000000,0,0,0,21000
2025-12-18,4580,0,4000000,0,0,0,0
2025-12-18,4706,6000000,0,0,0,0,0
2025-12-18,4707,45000000,1000000,0,0,0,0
2025-12-18,4711,0,0,0,0,1000000,462000
2025-12-18,4714,178000000,124000000,0,0,0,6504000
2025-12-18,4716,28000000,90000000,0,0,0,0
2025-12-18,4721,33000000,31000000,0,0,193000,1179000
2025-12-18,4726,6000000,59000000,0,0,1000000,879000
2025-12-18,4729,41000000,23000000,0,0,0,0
2025-12-18,4735,1000000,1000000,0,0,0,6000
2025-12-18,4741,0,12000000,0,0,19000,0
2025-12-18,4743,985100000,898000000,0,0,76372000,4912000
2025-12-18,4744,9000000,40000000,0,0,0,0
2025-12-18,4745,59000000,17000000,0,0,0,1000000
2025-12-18,4747,2000000,1000000,0,0,0,0
2025-12-18,4749,99020000,83220000,3000000,0,14078000,37611000
2025-12-18,4760,101000000,93000000,0,0,7000000,860000
2025-12-18,4768,736000000,759150000,0,0,16763000,35335000
2025-12-18,4772,175000000,170000000,0,0,7000000,22971000
2025-12-18,4903,1431000000,1699000000,0,0,10000000,16059000
2025-12-18,4907,3000000,0,0,0,0,0
2025-12-18,4908,49000000,85000000,0,0,2000000,12171000
2025-12-18,4909,1119000000,1669000000,0,0,16681000,92504000
2025-12-18,4911,3000000,0,0,0,0,0
2025-12-18,4923,5000000,1000000,0,0,0,0
2025-12-18,4924,1000000,1000000,0,0,0,0
2025-12-18,4931,219000000,57041000,0,0,3364000,16000000
2025-12-18,4933,12000000,41000000,0,0,1000000,946000
2025-12-18,4939,1183000000,1369000000,0,0,3000000,3259000
2025-12-18,4946,1000000,10000000,0,0,0,0
2025-12-18,4951,10000000,8000000,0,0,0,0
2025-12-18,4953,108000000,61000000,0,0,1000000,0
2025-12-18,4966,353040000,498567000,105000000,0,49000000,56913000
2025-12-18,4971,2633002000,2753000000,0,0,9056000,35196000
2025-12-18,4972,1000000,2000000,0,0,0,0
2025-12-18,4973,1250000000,1405000000,0,0,318000,571000
2025-12-18,4974,10000000,52000000,0,0,195000,306000
2025-12-18,4979,2149315000,2029450000,0,0,44342000,90975000
2025-12-18,4991,125000000,276000000,20000000,0,61000000,39200000
2025-12-18,4995,5000000,5000000,0,0,9000000,9023000
2025-12-18,5009,738000000,1325000000,200000000,0,47000000,140236000
2025-12-18,5011,0,1000000,0,0,0,0
2025-12-18,5013,5000000,32000000,0,0,0,0
2025-12-18,5014,3000000,0,0,0,0,0
2025-12-18,5015,2000000,6000000,0,0,0,0
2025-12-18,5201,91000000,27000000,0,0,0,0
2025-12-18,5202,3000000,16000000,0,0,0,0
2025-12-18,5206,1000000,1000000,0,0,0,0
2025-12-18,5209,1000000,2000000,0,0,0,55000
2025-12-18,5210,0,6000000,0,0,1000,99000
2025-12-18,5212,0,1000000,0,0,0,0
2025-12-18,5213,69000000,8000000,0,0,0,0
2025-12-18,5220,0,1000000,0,0,0,0
2025-12-18,5223,0,2000000,0,0,0,0
2025-12-18,5227,25100000,7000000,0,0,0,385000
2025-12-18,5228,1000000,5000000,0,0,0,3000000
2025-12-18,5230,15000000,10000000,0,0,3000,17000
2025-12-18,5236,28000000,81000000,0,0,3000000,2884000
2025-12-18,5245,10000000,2000000,0,0,3000000,3159000
2025-12-18,5251,44000000,35000000,0,0,4000000,4381000
2025-12-18,5263,32000000,32000000,0,0,0,0
2025-12-18,5272,1000000,2000000,0,0,0,7000
2025-12-18,5274,205519000,168769000,49000000,1000000,15814000,4803000
2025-12-18,5278,11000000,32000000,0,0,0,879000
2025-12-18,5287,0,8000000,0,0,0,0
2025-12-18,5289,823003000,1141892000,0,0,26193000,165168000
2025-12-18,5291,3000000,0,0,0,0,0
2025-12-18,5299,1000000,9000000,0,0,0,0
2025-12-18,5301,1000000,0,0,0,0,0
2025-12-18,5302,13000000,2000000,0,0,0,0
2025-12-18,5309,6622190000,8697000000,196000000,0,229597000,265053000
2025-12-18,5310,0,0,0,0,0,1000000
2025-12-18,5312,18000000,10000000,0,0,2000000,1000000
2025-12-18,5314,828020000,573550000,0,0,29541000,29648000
2025-12-18,5315,34000000,163000000,0,0,0,0
2025-12-18,5321,4000000,23000000,0,0,1072000,1000000
2025-12-18,5328,4732000000,3201000000,0,0,2013000,2130000
2025-12-18,5340,571005000,618000000,0,0,13001000,33100000
2025-12-18,5344,6000000,9000000,0,0,0,0
2025-12-18,5345,3000000,2000000,0,0,0,0
2025-12-18,5347,4937862000,4101971000,1001000000,13000000,97310000,136447000
2025-12-18,5351,3051000000,5687000000,0,0,20798000,20778000
2025-12-18,5353,68000000,156000000,0,0,5000000,5318000
2025-12-18,5355,29000000,1000000,0,0,189000,0
2025-12-18,5356,0,13000000,0,0,0,0
2025-12-18,5371,756150000,787000000,0,0,22316000,278272000
2025-12-18,5381,189000000,240000000,0,0,1000000,1069000
2025-12-18,5386,314000000,267000000,0,0,0,0
2025-12-18,5392,320050000,167000000,0,0,4006000,7975000
2025-12-18,5398,52000000,40000000,0,0,0,0
2025-12-18,5403,1000000,3000000,0,0,0,0
2025-12-18,5410,1000000,9000000,0,0,0,15000
2025-12-18,5425,541000000,602000000,0,0,62506000,9387000
2025-12-18,5426,74000000,119000000,0,0,14000000,13232000
2025-12-18,5432,84000000,85000000,0,0,0,1000
2025-12-18,5438,21000000,110000000,0,0,0,208000
2025-12-18,5439,2716100000,2900000000,1000000,0,46358000,37981000
2025-12-18,5443,281000000,290000000,0,0,2033000,11286000
2025-12-18,5450,32000000,53000000,0,0,0,5000
2025-12-18,5452,115000000,256000000,0,0,0,0
2025-12-18,5455,0,1000000,0,0,0,0
2025-12-18,5457,103000000,90000000,3000000,0,2000,7188000
2025-12-18,5460,0,2000000,0,0,0,0
2025-12-18,5464,1000000,1000000,0,0,0,0
2025-12-18,5465,44000000,128000000,0,0,0,57000
2025-12-18,5468,7000000,21000000,0,0,0,3000000
2025-12-18,5474,14000000,36000000,0,0,3188000,4694000
2025-12-18,5475,90000000,5000000,0,0,0,0
2025-12-18,5478,22000000,28000000,0,0,0,0
2025-12-18,5481,16000000,75000000,0,0,0,0
2025-12-18,5483,2698000000,1639000000,403000000,2147159000,67407000,62875000
2025-12-18,5487,6000000,2000000,0,0,0,0
2025-12-18,5488,0,12000000,0,0,1000000,1004000
2025-12-18,5489,1000000,2000000,0,0,0,5000000
2025-12-18,5490,18000000,55000000,0,0,7000000,1471000
2025-12-18,5493,90000000,54000000,0,0,80000,0
2025-12-18,5498,8987000000,6074180000,0,0,640921000,183717000
2025-12-18,5508,1894000000,963000000,0,2720000000,76914000,84067000
2025-12-18,5511,9000000,15000000,0,0,0,0
2025-12-18,5512,221000000,74000000,0,0,0,0
2025-12-18,5523,0,1000000,0,0,0,0
2025-12-18,5529,0,1000000,0,0,0,0
2025-12-18,5530,32000000,94000000,0,0,1000000,1000000
2025-12-18,5536,751140000,620628000,1000000,69000000,27682000,65604000
2025-12-18,5543,3000000,2000000,0,0,0,0
2025-12-18,5548,5000000,5000000,0,0,0,0
2025-12-18,5603,0,1000000,0,0,0,0
2025-12-18,5609,6000000,35000000,0,0,0,0
2025-12-18,5701,0,0,0,0,404000,4000
2025-12-18,5864,42000000,115000000,0,0,0,0
2025-12-18,5903,14000000,2000000,0,8000000,2000000,0
2025-12-18,5904,40000000,44000000,0,0,0,0
2025-12-18,5905,117000000,44000000,0,0,7000000,6952000
2025-12-18,6015,12000000,8000000,0,0,0,0
2025-12-18,6016,200000000,106000000,0,0,0,0
2025-12-18,6021,2000000,2000000,0,0,0,0
2025-12-18,6023,28000000,9000000,0,0,0,0
2025-12-18,6026,11000000,12000000,0,0,0,0
2025-12-18,6101,0,1000000,0,0,0,0
2025-12-18,6104,189100000,593300000,0,0,14000000,24410000
2025-12-18,6109,0,14000000,0,0,0,464000
2025-12-18,6111,96000000,26000000,0,0,16000,202000
2025-12-18,6113,25000000,55000000,0,0,1000000,480000
2025-12-18,6114,4000000,3000000,0,0,0,0
2025-12-18,6118,375000000,174000000,0,0,1078000,231000
2025-12-18,6121,601374000,361000000,225000000,378000,15320000,27000000
2025-12-18,6122,35453000,12000000,0,0,0,403000
2025-12-18,6123,3000000,1000000,0,0,0,6000
2025-12-18,6125,295000000,508000000,0,0,4333000,3264000
2025-12-18,6126,135000000,528000000,0,0,12000,0
2025-12-18,6127,2018000000,2220000000,0,0,4118000,3795000
2025-12-18,6129,5000000,45000000,0,0,5000000,5004000
2025-12-18,6130,99000000,21000000,0,0,0,0
2025-12-18,6134,286000000,171000000,0,0,0,0
2025-12-18,6138,78000000,87000000,21000000,0,2451000,1000
2025-12-18,6140,49000000,124000000,0,0,0,0
2025-12-18,6143,128000000,64000000,0,0,8000000,3982000
2025-12-18,6144,0,1000000,0,0,0,0
2025-12-18,6146,75000000,193797000,0,0,0,190000
2025-12-18,6147,530000000,664000000,0,2468000,30000000,3082000
2025-12-18,6148,549000000,1039000000,0,0,5000000,16005000
2025-12-18,6150,30000000,50000000,0,0,0,190000
2025-12-18,6151,0,18000000,0,0,0,0
2025-12-18,6154,0,2000000,0,0,0,0
2025-12-18,6156,42000000,67000000,0,0,0,0
2025-12-18,6158,1000000,3000000,0,0,0,0
2025-12-18,6160,2000000,10000000,0,0,0,3000
2025-12-18,6161,7000000,20000000,0,0,0,0
2025-12-18,6163,28000000,354000000,0,0,69000000,6000000
2025-12-18,6167,5000000,56000000,0,0,0,0
2025-12-18,6169,0,2000000,0,0,582000,1000000
2025-12-18,6170,30000000,14000000,0,0,0,0
2025-12-18,6173,1008000000,981000000,0,0,83826000,70877000
2025-12-18,6174,0,1000000,0,0,0,0
2025-12-18,6175,3854000000,1136000000,0,0,294843000,64038000
2025-12-18,6179,255000000,191000000,0,0,0,2277000
2025-12-18,6180,88000000,71500000,0,0,3000000,3124000
2025-12-18,6182,11805150000,13144000000,0,0,1668638000,436865000
2025-12-18,6185,37000000,43000000,0,0,0,0
2025-12-18,6186,124000000,126000000,0,0,0,0
2025-12-18,6187,150000000,197000000,1000000,110000000,13000000,18644000
2025-12-18,6188,462700000,627000000,101000000,0,33000000,44398000
2025-12-18,6190,2396000000,1312000000,0,0,120219000,184109000
2025-12-18,6194,16000000,16000000,0,0,0,0
2025-12-18,6195,1000000,1000000,0,0,0,0
2025-12-18,6199,120000000,38000000,0,0,5009000,1000000
2025-12-18,006201,0,4000000,0,0,6000000,42708000
2025-12-18,6203,155000000,159000000,0,0,4000,18214000
2025-12-18,6204,44000000,59000000,0,0,0,0
2025-12-18,6207,76000000,75000000,0,0,2009000,1179000
2025-12-18,6208,6000000,0,0,0,21000,0
2025-12-18,6212,0,1000000,0,0,0,0
2025-12-18,6217,336000000,418000000,0,0,164000,1285000
2025-12-18,6218,50000000,39000000,0,0,0,0
2025-12-18,6219,141000000,42000000,0,0,319000,0
2025-12-18,6220,28000000,196000000,0,0,0,0
2025-12-18,6221,35000000,13000000,0,0,0,0
2025-12-18,6222,2000000,3000000,0,0,0,0
2025-12-18,6223,362246000,241202000,16000000,61400000,41682000,28514000
2025-12-18,6227,14000000,15000000,0,0,0,5836000
2025-12-18,6229,0,4000000,0,0,0,9000
2025-12-18,6231,90000000,93000000,0,0,1443000,8017000
2025-12-18,6233,36000000,32000000,0,0,0,0
2025-12-18,6234,416000000,262000000,0,0,2000000,18666000
2025-12-18,6237,26000000,30000000,0,0,0,5361000
2025-12-18,6240,0,1000000,0,0,0,0
2025-12-18,6244,4267000000,3128000000,0,0,260335000,504048000
2025-12-18,6245,40000000,100000000,0,0,6000000,104000
2025-12-18,6246,0,4000000,0,0,27000,37000
2025-12-18,6248,3000000,1000000,0,0,0,16000
2025-12-18,6259,1000000,1000000,0,0,0,0
2025-12-18,6261,99000000,22000000,0,0,1000000,0
2025-12-18,6263,3000000,0,0,0,0,0
2025-12-18,6265,2935000000,1966000000,0,0,609088000,15000000
2025-12-18,6266,89000000,26000000,0,0,0,0
2025-12-18,6270,6000000,2000000,0,0,0,0
2025-12-18,6274,1575000000,2271725000,569000000,0,238429000,138030000
2025-12-18,6275,420000000,474000000,0,0,0,0
2025-12-18,6276,4000000,3000000,0,0,0,0
2025-12-18,6279,27000000,101500000,0,34500000,5000000,1793000
2025-12-18,6284,372000000,145000000,0,0,7135000,4258000
2025-12-18,6290,681002000,1385000000,0,0,108071000,175249000
2025-12-18,6291,117000000,187000000,0,0,10000,18442000
2025-12-18,6292,0,4000000,0,0,0,0
2025-12-18,6294,0,1000000,0,0,0,0
2025-12-18,6411,62000000,51000000,0,0,0,6001000
2025-12-18,6417,0,21000000,0,0,0,0
2025-12-18,6418,34000000,37000000,0,0,0,137000
2025-12-18,6419,27000000,29000000,0,0,0,0
2025-12-18,6425,493000000,644000000,0,0,0,8805000
2025-12-18,6432,99000000,67000000,0,0,2000000,0
2025-12-18,6435,108000000,108000000,0,0,3000000,2978000
2025-12-18,6441,0,1000000,0,0,0,0
2025-12-18,6461,2000000,1000000,0,0,0,0
2025-12-18,6462,213000000,443000000,0,0,18131000,38407000
2025-12-18,6465,2000000,0,0,0,0,748000
2025-12-18,6469,130000000,86000000,0,0,7083000,7085000
2025-12-18,6470,6000000,22000000,0,0,0,45000
2025-12-18,6482,0,0,0,0,52000,0
2025-12-18,6485,170000000,107000000,0,0,0,45000
2025-12-18,6486,35000000,61000000,0,0,0,0
2025-12-18,6488,1147100000,2328000000,458000000,428000000,93070000,169581000
2025-12-18,6492,61000000,77000000,0,0,0,46000
2025-12-18,6494,0,8000000,0,0,0,0
2025-12-18,6496,0,2000000,0,0,0,0
2025-12-18,6498,13000000,9000000,0,0,0,2000000
2025-12-18,6499,55000000,145000000,0,0,7000000,6760000
2025-12-18,6506,0,3000000,0,0,0,0
2025-12-18,6508,13000000,1000000,0,0,0,0
2025-12-18,6509,84000000,55000000,5000000,0,0,0
2025-12-18,6510,450000000,332000000,50000000,10000000,26571000,18556000
2025-12-18,6517,14000000,50000000,0,0,0,359000
2025-12-18,6523,0,1000000,0,0,0,0
2025-12-18,6530,124000000,129000000,0,0,0,0
2025-12-18,6532,4000000,27000000,0,0,0,0
2025-12-18,6535,56000000,44000000,0,0,0,192000
2025-12-18,6538,12000000,52000000,0,0,0,0
2025-12-18,6546,19000000,107000000,0,0,0,501000
2025-12-18,6547,147000000,153000000,0,0,5022000,4080000
2025-12-18,6548,794000000,958000000,0,0,9000000,13496000
2025-12-18,6556,0,1000000,0,0,0,0
2025-12-18,6560,7000000,31000000,0,0,0,51000
2025-12-18,6561,42000000,150200000,0,0,0,0
2025-12-18,6568,356000000,187000000,0,0,7243000,12273000
2025-12-18,6569,1000000,0,0,0,0,0
2025-12-18,6570,2000000,3000000,0,0,0,0
2025-12-18,6576,2000000,13000000,0,0,0,0
2025-12-18,6577,2000000,9000000,0,0,0,0
2025-12-18,6578,7000000,3000000,0,0,0,0
2025-12-18,6584,157000000,229000000,30000000,0,2497000,5563000
2025-12-18,6588,332000000,367000000,0,0,0,2516000
2025-12-18,6593,5000000,6000000,0,0,0,0
2025-12-18,6596,36000000,43000000,0,0,0,942000
2025-12-18,6603,1352000000,1665000000,0,0,2071000,7607000
2025-12-18,6609,16000000,37000000,0,0,0,1000000
2025-12-18,6612,4000000,2000000,0,0,0,145000
2025-12-18,6613,51000000,9000000,0,812000,227000,3000000
2025-12-18,6616,0,1000000,0,0,0,0
2025-12-18,6617,21000000,51000000,0,0,0,0
2025-12-18,6624,31000000,30000000,0,0,0,13000000
2025-12-18,6629,2000000,6000000,0,0,0,0
2025-12-18,6637,0,1000000,0,0,0,0
2025-12-18,6640,4000000,10000000,0,0,0,243000
2025-12-18,6642,4000000,12000000,0,0,0,0
2025-12-18,6643,47000000,137000000,0,0,13949000,13500000
2025-12-18,6649,2000000,13000000,0,0,0,1000
2025-12-18,6651,29120000,5000000,0,0,0,0
2025-12-18,6654,0,1000000,0,0,0,0
2025-12-18,6664,201000000,230000000,0,0,4950000,32797000
2025-12-18,6667,228000000,95000000,0,0,13639000,16635000
2025-12-18,6679,48000000,110000000,0,0,3684000,4579000
2025-12-18,6680,2000000,1000000,0,0,0,0
2025-12-18,6683,219000000,503000000,5000000,109000000,16292000,81896000
2025-12-18,6684,22000000,55000000,0,0,0,0
2025-12-18,6690,3000000,0,0,0,0,0
2025-12-18,6692,3000000,1000000,0,0,0,0
2025-12-18,6693,22000000,46000000,0,0,0,0
2025-12-18,6697,0,1000000,0,0,0,0
2025-12-18,6703,2000000,8000000,0,0,0,0
2025-12-18,6708,2000000,0,0,0,0,0
2025-12-18,6712,5000000,30000000,0,0,0,1000000
2025-12-18,6716,3000000,2000000,0,0,0,0
2025-12-18,6720,9000000,8000000,0,0,0,0
2025-12-18,6727,69000000,74000000,0,0,4000000,8000000
2025-12-18,6728,1000000,0,0,0,0,0
2025-12-18,6730,0,0,0,0,0,2128000
2025-12-18,6732,6000000,12000000,0,0,1608000,1000000
2025-12-18,6733,47000000,60000000,0,0,1000000,805000
2025-12-18,6735,18000000,15000000,0,0,9736000,9000000
2025-12-18,6739,59007000,49000000,0,0,1036000,2179000
2025-12-18,6741,31000000,99000000,0,0,1000000,1566000
2025-12-18,6751,0,0,0,0,2000000,0
2025-12-18,6752,11000000,6000000,0,0,0,0
2025-12-18,6761,29000000,58000000,0,0,0,1569000
2025-12-18,6763,41000000,45000000,0,0,2000000,4118000
2025-12-18,6785,19000000,58000000,0,0,5000000,3546000
2025-12-18,6788,2253000000,1098200000,126000000,0,158465000,82624000
2025-12-18,6791,0,6000000,0,0,0,0
2025-12-18,6803,13000000,36000000,0,0,0,0
2025-12-18,6804,0,0,0,0,5000000,0
2025-12-18,6811,21000000,34000000,0,0,1000000,1007000
2025-12-18,6821,1000000,6000000,0,0,0,0
2025-12-18,6823,263000000,224000000,0,0,0,7352000
2025-12-18,6829,20000000,42000000,0,0,0,1421000
2025-12-18,6840,1000000,6000000,0,0,0,0
2025-12-18,6841,52000000,144000000,0,0,0,0
2025-12-18,6843,0,1000000,0,0,0,0
2025-12-18,6859,10000000,22000000,0,0,0,6037000
2025-12-18,6865,0,1000000,0,0,268000,2000000
2025-12-18,6870,104000000,60000000,0,0,13385000,5000000
2025-12-18,6875,7000000,48000000,0,0,0,0
2025-12-18,6877,14000000,20000000,0,0,200000000,0
2025-12-18,6895,90000000,40000000,0,0,3000000,4166000
2025-12-18,6899,0,2000000,0,0,0,0
2025-12-18,6903,924000000,872000000,0,0,17000000,2000000
2025-12-18,6910,24000000,6000000,0,0,0,13136000
2025-12-18,6913,8000000,15000000,0,0,49000,2305000
2025-12-18,6922,12000000,28000000,0,0,0,1810000
2025-12-18,6925,1000000,30000000,0,0,0,609000
2025-12-18,6929,1000000,0,0,0,0,0
2025-12-18,6953,15000000,0,0,0,5000000,0
2025-12-18,6967,104000000,105000000,0,0,108000,0
2025-12-18,6968,2000000,1000000,0,0,0,0
2025-12-18,6982,2000000,11000000,0,0,0,0
2025-12-18,6996,6000000,30000000,0,0,0,0
2025-12-18,7402,3000000,1000000,0,0,6000000,11000000
2025-12-18,7556,8000000,0,0,0,0,0
2025-12-18,7584,0,1000000,0,0,0,0
2025-12-18,7642,6000000,7000000,0,0,0,343000
2025-12-18,7703,41000000,25000000,0,0,0,1000000
2025-12-18,7712,65000000,78000000,0,0,0,3000000
2025-12-18,7714,55000000,22000000,0,0,0,0
2025-12-18,7715,32000000,3000000,0,0,0,0
2025-12-18,7717,10010000,6000000,0,0,3000000,215000
2025-12-18,7718,0,3000000,0,0,0,0
2025-12-18,7723,9000000,7000000,0,0,0,0
2025-12-18,7728,1000000,1000000,0,0,10000000,36007000
2025-12-18,7734,8000000,1000000,0,0,248000,781000
2025-12-18,7738,1000000,5000000,0,0,0,0
2025-12-18,7744,41000000,17000000,0,0,0,4261000
2025-12-18,7751,1000000,5000000,0,0,2000000,4418000
2025-12-18,7753,0,1000000,0,0,0,0
2025-12-18,7770,0,1000000,0,0,0,0
2025-12-18,7782,0,9000000,0,0,0,0
2025-12-18,8024,0,1000000,0,0,0,0
2025-12-18,8027,1828044000,994000000,0,0,45093000,67904000
2025-12-18,8032,0,1000000,0,0,0,5000
2025-12-18,8034,536000000,198000000,0,0,0,0
2025-12-18,8038,134000000,181000000,0,0,6000000,3307000
2025-12-18,8040,20000000,30000000,0,0,0,0
2025-12-18,8042,712000000,553000000,0,0,9316000,33044000
2025-12-18,8043,1835000000,2174000000,0,0,15279000,11337000
2025-12-18,8044,181000000,217000000,0,0,3000000,3000000
2025-12-18,8047,140000000,126000000,0,0,550000,31000
2025-12-18,8048,145000000,120000000,0,0,0,0
2025-12-18,8049,10000000,0,0,0,0,5000
2025-12-18,8050,18000000,45000000,0,0,0,0
2025-12-18,8054,416020000,1630000000,0,0,6712000,122828000
2025-12-18,8059,41000000,32000000,0,0,1000000,461000
2025-12-18,8064,373000000,407000000,0,0,5773000,12188000
2025-12-18,8068,50000000,42000000,0,0,0,224000
2025-12-18,8069,633298000,1167207000,1000000,0,74843000,62469000
2025-12-18,8071,20000000,47000000,0,0,0,242000
2025-12-18,8074,2138100000,1876000000,0,0,3000000,2177000
2025-12-18,8076,105000000,135000000,0,0,202000,141000
2025-12-18,8083,2000000,0,0,0,0,0
2025-12-18,8084,93000000,8000000,0,0,0,0
2025-12-18,8085,61000000,128000000,0,0,1000000,961000
2025-12-18,8086,245010000,406000000,0,0,9227000,21948000
2025-12-18,8088,1278000000,1946000000,0,0,0,78000
2025-12-18,8089,129625000,166000000,0,0,2000000,1253000
2025-12-18,8091,26000000,19000000,0,0,0,1000
2025-12-18,8096,1119000000,2218000000,0,0,43300000,654292000
2025-12-18,8097,10000000,22000000,0,0,3000000,0
2025-12-18,8099,16000000,9000000,0,0,0,0
2025-12-18,8107,27000000,0,0,0,0,13000
2025-12-18,8109,8000000,14000000,0,0,0,0
2025-12-18,8111,137005000,29000000,0,0,0,6050000
2025-12-18,8121,16000000,48000000,0,0,1618000,0
2025-12-18,8147,24000000,17000000,0,0,1159000,2905000
2025-12-18,8155,126000000,362000000,0,0,10000000,80814000
2025-12-18,8171,5000000,11000000,0,0,0,0
2025-12-18,8176,0,0,0,0,1000000,1017000
2025-12-18,8182,0,1000000,0,0,0,0
2025-12-18,8183,4000000,96000000,0,0,2135000,3271000
2025-12-18,8227,66025000,60000000,0,0,3000000,5036000
2025-12-18,8234,319000000,693000000,0,0,471000,26739000
2025-12-18,8240,11000000,94000000,0,0,1000000,281000
2025-12-18,8255,62000000,41000000,0,0,5000000,6063000
2025-12-18,8277,238000000,107000000,0,0,3210000,3027000
2025-12-18,8279,0,1000000,0,0,0,0
2025-12-18,8284,2000000,0,0,0,0,0
2025-12-18,8289,2000000,3000000,0,0,0,0
2025-12-18,8299,3123210000,3081860000,905000000,1901000000,568021000,177646000
2025-12-18,8342,1000000,0,0,0,0,0
2025-12-18,8349,8000000,3000000,0,0,0,0
2025-12-18,8354,0,1000000,0,0,0,0
2025-12-18,8358,911000000,352000000,1000000,0,303055000,134139000
2025-12-18,8383,16000000,11000000,0,0,1000000,484000
2025-12-18,8390,3015000000,3006000000,0,0,52618000,94639000
2025-12-18,8401,3000000,0,0,0,0,0
2025-12-18,8403,0,25000000,0,0,0,0
2025-12-18,8409,0,7000000,0,0,0,0
2025-12-18,8410,3000000,9000000,0,0,0,0
2025-12-18,8415,21000000,180000000,0,0,0,9000000
2025-12-18,8423,3887000,52000000,0,0,0,0
2025-12-18,8424,25000000,26000000,0,0,0,0
2025-12-18,8426,0,1000000,0,0,0,0
2025-12-18,8431,1790000000,1424000000,0,0,1000000,1364000
2025-12-18,8432,4000000,4000000,0,0,0,0
2025-12-18,8433,1000000,4000000,0,0,0,0
2025-12-18,8435,1000000,1000000,0,0,0,0
2025-12-18,8436,132000000,120000000,0,1236000,4098000,1737000
2025-12-18,8437,0,5000000,0,0,0,0
2025-12-18,8440,8000000,2000000,0,0,0,0
2025-12-18,8444,13000000,1000000,0,0,0,0
2025-12-18,8446,7000000,9755000,0,0,0,0
2025-12-18,8450,9000000,1000000,0,0,0,0
2025-12-18,8472,0,2000000,0,0,0,0
2025-12-18,8489,5000000,74000000,0,0,0,0
2025-12-18,8906,10000000,73000000,0,0,0,0
2025-12-18,8908,0,6000000,0,0,0,0
2025-12-18,8916,22000000,2000000,0,0,0,35000000
2025-12-18,8917,0,0,0,0,0,75000
2025-12-18,8924,12000000,8000000,0,0,1000000,580000
2025-12-18,8927,190000000,225999000,0,0,0,0
2025-12-18,8928,0,1000000,0,0,0,0
2025-12-18,8930,0,1000000,0,0,0,0
2025-12-18,8932,209000000,238318000,0,0,18120000,16040000
2025-12-18,8933,2000000,4000000,0,0,0,0
2025-12-18,8935,91000000,135000000,0,0,1000000,371000
2025-12-18,8936,131000000,694000000,0,0,12000000,9926000
2025-12-18,8937,26000000,31000000,0,0,35000,3000000
2025-12-18,8938,46000000,10000000,0,0,119000,250000
2025-12-18,8942,54000000,23000000,0,0,0,0
2025-12-18,009806,0,0,0,0,200000000,263663000
2025-12-18,009807,0,0,0,0,210000000,189327000
2025-12-18,9949,23000000,10000000,0,0,0,0
2025-12-18,9951,1000000,1000000,0,0,0,0
2025-12-18,020025,0,0,0,0,179000000,61000000
2025-12-18,020027,0,0,0,0,3000000,2000000
2025-12-18,020033,0,0,0,0,0,10000000
2025-12-18,020035,0,0,0,0,0,1000000
